candidate_id	distance_A	taxon	is_extreme_taxon
Q0TLK2	4.55	Enterobacteriaceae	False
B7NI91	4.46	uncultured prokaryote; cellular organisms	False
A0A376ZNN1	4.37	Escherichia coli	False
B4SUA6	4.50	Enterobacteriaceae	False
B1IQK9	4.82	uncultured prokaryote; cellular organisms	False
B1XCA6	4.44	uncultured prokaryote; cellular organisms	False
B5YZG7	4.91	uncultured prokaryote; cellular organisms	False
B1LGT2	4.84	uncultured prokaryote; cellular organisms	False
Q3Z5M9	4.39	uncultured prokaryote; cellular organisms	False
P65663	4.52	Enterobacteriaceae	False
A7ZHM0	4.69	uncultured prokaryote; cellular organisms	False
A7ZW80	4.48	uncultured prokaryote; cellular organisms	False
P0A792	4.50	uncultured prokaryote; cellular organisms	False
B7LGJ3	5.05	uncultured prokaryote; cellular organisms	False
B7UIH9	4.36	uncultured prokaryote; cellular organisms	False
A1A7H7	5.04	uncultured prokaryote; cellular organisms	False
Q326A6	5.07	uncultured prokaryote; cellular organisms	False
C0Q5P2	4.53	Enterobacteriaceae	False
Q0T870	4.39	uncultured prokaryote; cellular organisms	False
B5FIX6	4.50	Salmonella	False
A9MZS9	4.53	Enterobacteriaceae	False
B4TXN2	4.50	Enterobacteriaceae	False
B5F831	4.52	Enterobacteriaceae	False
P0C7I4	5.00	uncultured prokaryote; cellular organisms	False
P0A790	5.05	uncultured prokaryote; cellular organisms	False
P0A791	4.44	uncultured prokaryote; cellular organisms	False
B6HZA6	4.75	uncultured prokaryote; cellular organisms	False
B7M172	5.00	uncultured prokaryote; cellular organisms	False
B7MNZ3	4.41	uncultured prokaryote; cellular organisms	False
Q5PDB9	4.53	Enterobacteriaceae	False
A8ALF1	4.54	Enterobacteriaceae	False
B5RHB9	4.54	Enterobacteriaceae	False
Q32K78	4.88	uncultured prokaryote; cellular organisms	False
B7LW38	4.44	uncultured prokaryote; cellular organisms	False
B5BL63	4.54	Enterobacteriaceae	False
Q1RG60	5.01	uncultured prokaryote; cellular organisms	False
B5R3E4	4.57	Enterobacteriaceae	False
P0A793	4.42	uncultured prokaryote; cellular organisms	False
B4TK03	4.52	Enterobacteriaceae	False
B2U2X8	4.61	uncultured prokaryote; cellular organisms	False
G5S6F5	4.53	Salmonella enterica	False
B7N801	5.03	uncultured prokaryote; cellular organisms	False
Q57T75	4.51	Enterobacteriaceae	False
C4ZRM4	5.00	uncultured prokaryote; cellular organisms	False
P65662	4.64	Enterobacteriaceae	False
B7MBB4	5.01	uncultured prokaryote; cellular organisms	False
A9MPM3	4.67	Salmonella enterica	False
A4W6N6	4.53	Unclassified compost metagenome; Gammaproteobacteria	False
A0A2S9UED0	4.77	Enterobacteriaceae	False
A7MGP8	4.53	Enterobacteriaceae	False
A0A0H3GRW9	4.44	cellular organisms	False
A0A5U3NPZ0	4.51	Salmonella enterica	False
A0A366I841	4.52	Brenneria	False
B2VD17	5.26	Erwinia tasmaniensis	False
B4EUD1	4.60	Bacteria	False
C6DC49	5.19	Pectobacterium	False
Q7N871	4.52	Photorhabdus	False
Q1C3V6	4.52	Yersinia pseudotuberculosis complex	False
Q6D1X4	4.58	Pectobacterium	False
A4TPV3	4.53	Yersinia pseudotuberculosis complex	False
A7FM24	4.49	Yersinia	False
A0A380QNF7	4.56	Yersinia ruckeri	False
B2K532	5.10	Yersinia	False
A8GIZ8	5.20	Unclassified compost metagenome; Serratia	False
B1JK37	5.12	Yersinia	False
A1JJN6	4.86	Yersinia	False
Q66EG5	5.13	Yersinia	False
Q8ZBK6	5.17	Yersinia pseudotuberculosis complex	False
Q1CLW2	5.19	Yersinia pseudotuberculosis complex	False
E9CLG3	4.55	Serratia symbiotica	False
C5B9K4	5.78	Edwardsiella ictaluri	False
Q2NVR4	5.08	Sodalis glossinidius	False
A9R1G4	5.83	Yersinia pseudotuberculosis complex	False
A0AAV3M5X5	4.53	Providencia alcalifaciens	False
A0A7R9LA66	4.52	Oppiella nova	False
A0A4R0FK03	4.57	Acinetobacter	False
B8GNA7	4.49	Pseudomonadota	False
A0A9D7MZZ1	4.53	Planctomycetota bacterium	False
A0A2Z6IJ20	4.40	Acidithiobacillus	False
A0A385ESN2	4.58	Bacteria; Acinetobacter phage MD-2021a	False
A0A970S7P9	4.56	Gammaproteobacteria	False
A5WHA7	4.48	Psychrobacter	True
A0AAN4MF58	4.56	Unclassified compost metagenome; Pseudomonadota	False
B7I7B4	5.25	Acinetobacter	False
A1VKS5	4.56	Polaromonas naphthalenivorans	False
C4L931	5.25	Gammaproteobacteria	False
N8WBL4	4.60	cellular organisms	False
B0VTX3	5.28	Bacteria; Acinetobacter phage MD-2021a	False
A0AAE6WUI5	4.56	Acinetobacter	False
Q4FVB6	6.02	Psychrobacter	True
A0A9X1WYV8	4.56	Acinetobacter	False
B7GYR1	4.95	Acinetobacter	False
A0A3E1D919	4.53	Candidatus Nitrotoga sp. MKT	False
Q87EV8	4.68	Xylella fastidiosa	False
A0A145X5I0	4.59	Acinetobacter sp. TGL-Y2	False
A0A9D7KDB0	4.52	Nitrosomonadales bacterium	False
B8GYS2	4.60	synthetic Caulobacter sp. 'ethensis'; Bacteria	False
B0T725	4.52	Caulobacter sp. (strain K31)	False
Q1QED7	4.91	Psychrobacter	True
A0A520S9G7	4.61	Litorivicinaceae bacterium	False
A0A537E5G1	4.56	Candidatus Bathyarchaeota archaeon	False
A1AUV5	5.04	Pelobacter propionicus	False
A0A2V5NXA9	4.50	Verrucomicrobiota bacterium	False
A0A537H0G7	4.48	Archaea	False
A0A537FB65	4.51	Candidatus Bathyarchaeota archaeon	False
A0A1Q7SQP4	4.49	Archaea	False
Q02FU1	4.55	Pseudomonadota	False
A0A537H879	4.45	Candidatus Bathyarchaeota archaeon	False
A0A062UCB9	4.52	Hyphomonas beringensis	False
Q7NXI9	4.83	Chromobacterium	False
A0A377WCL7	4.55	Klebsiella pneumoniae	False
A0A1Q7IDQ2	4.52	Unclassified Archaea	False
A0A537FS56	4.75	Candidatus Bathyarchaeota archaeon	False
A0A537FXW5	4.54	Archaea	False
A0A060GY28	4.79	Xylella fastidiosa	False
Q31FF9	4.33	Hydrogenovibrio crunogenus	False
A0A2G2LX95	4.53	Methylophaga sp.	False
A0A7Y4UKY9	4.76	Methylotenera sp.	False
Q6F8I6	5.12	Acinetobacter	False
B0V8G1	5.29	Acinetobacter	False
A0A537GAP5	4.64	Candidatus Bathyarchaeota archaeon	False
A0A537DUH3	4.45	Candidatus Bathyarchaeota archaeon	False
A0A7W2GG94	4.55	marine metagenome; Bacteria	False
A0A537DHD8	4.50	Candidatus Bathyarchaeota archaeon	False
Q9RWF1	4.68	Deinococcus	True
Q21LV5	4.70	Saccharophagus degradans	False
A0A2N7VCF4	4.60	Trinickia dabaoshanensis	False
A0A318SFA4	4.64	Xylophilus ampelinus	False
A0A537HBK2	4.52	Candidatus Bathyarchaeota archaeon	False
Q1IYG7	4.45	Deinococcus	True
Q1H3S3	5.18	Methylobacillus	False
A3M2W9	4.81	Bacteria; Acinetobacter phage MD-2021a	False
A0A1Q7BBI6	4.51	archaeon 13_2_20CM_2_52_21	False
A0A1Q7QV33	4.54	Archaea	False
Q7WHJ6	4.99	Bordetella	False
Q605G8	4.94	Methylococcus	False
A0A1F3C3U0	4.70	Anaeromyxobacter sp. RBG_16_69_14	False
A0A1Q6Z855	4.52	Unclassified Archaea	False
Q9A602	4.58	synthetic Caulobacter sp. 'ethensis'; Bacteria	False
Q7VXF8	5.13	cellular organisms; Cyanophage clone GS2608	False
B4SRY6	4.85	Unclassified compost metagenome; Bacteria	False
Q1QSZ7	4.55	Chromohalobacter israelensis	False
B0RTT9	4.86	Xanthomonas campestris	False
A0A537FFL9	4.48	Candidatus Bathyarchaeota archaeon	False
A0A2E0TA27	4.38	Polyangiales	False
A5G3A2	5.12	Geotalea uraniireducens	False
C6E3N6	4.64	Geobacter sp. (strain M21)	False
A0A1Q7ZRG3	4.54	Archaea	False
C1D7F0	4.56	Laribacter hongkongensis	False
A0A4Y6PTL4	4.63	Persicimonas caeni	False
A0AA39CK22	4.68	Knufia peltigerae	False
B4RH30	4.57	Caulobacteraceae	False
A1SSG7	4.70	Psychromonas ingrahamii	True
Q3BUL4	4.82	Pseudomonadota	False
A6VCI7	4.72	Pseudomonas aeruginosa group	False
B5E844	4.92	Citrifermentans	False
A0PV49	4.67	Mycobacterium	False
A0A1Q7P511	4.44	unclassified Thermoproteota	False
Q0VSR5	5.19	Alcanivorax	False
A4VPM8	4.62	Pseudomonadota	False
A0A972J6F3	4.66	Geobacteraceae bacterium	False
Q2KY48	5.03	Bordetella avium	False
Q2P379	4.77	Xanthomonas	False
Q8P9S8	4.80	Xanthomonas campestris	False
B2T171	4.80	Burkholderiaceae	False
A0A1B4PUF7	4.57	Burkholderia cepacia	False
A0A929HJY0	4.59	Pseudomonadota bacterium	False
A0A1L3MJD6	4.66	Janibacter	False
A0A3M3EW83	4.58	Pseudomonas corrugata	False
Q7W972	4.87	Bordetella	False
B2HUM1	3.64	Bacteria; Acinetobacter phage MD-2021a	False
Q9HV68	4.54	Pseudomonas aeruginosa	False
Q12F35	5.16	unclassified Polaromonas	False
Q47B64	5.28	Dechloromonas aromatica (nom. nud.)	False
A0A7C1XEQ1	4.49	Gammaproteobacteria bacterium	False
A0A4P2QHI4	4.49	Sorangium cellulosum	False
Q5H0A6	4.83	Xanthomonas	False
Q9PGR7	4.94	Xylella fastidiosa	False
A0A2E9SLD8	4.54	Spongiibacter	False
A0A5Q2Q6U2	4.60	Litorivicinus lipolyticus	False
A0A1Q7MNQ7	4.46	unclassified Thermoproteota	False
B2FL70	4.84	Bacteria	False
A0A0J5ZEC8	4.84	Burkholderia	False
A0A537EAJ2	4.49	Candidatus Bathyarchaeota archaeon	False
A0A7V4UVV9	4.61	Geobacteraceae bacterium	False
A0A537EST4	4.48	Candidatus Bathyarchaeota archaeon	False
A3Q6Y4	4.97	Mycobacteriaceae	False
A0A3N6NI46	4.58	Paraburkholderia dinghuensis	False
A0A937CGR1	4.52	Alphaproteobacteria bacterium	False
Q4UTV7	4.81	Xanthomonas campestris	False
A0A537DMS7	4.44	Candidatus Bathyarchaeota archaeon	False
A0A2H9SED5	4.61	Legionella sp.	False
C5C713	4.59	Bacteria	False
A0A1E3RTK4	4.70	Mycolicibacterium holsaticum	False
A0A2E5YLE5	4.55	Bacteria	False
A0A1J5IN43	4.63	Zetaproteobacteria bacterium CG2_30_46_52	False
Q5SKN7	5.07	Thermus thermophilus	True
Q3SH81	3.75	Thiobacillus denitrificans	False
B8JAL2	4.76	Anaeromyxobacter	False
A0A2G3K0C0	4.65	Chitinimonas sp. BJB300	False
A0A951AUW2	4.53	Pseudonocardiales bacterium	False
Q72L22	4.89	Thermus thermophilus	True
B0U1Q4	4.95	Xylella fastidiosa	False
A0A7G9L2X8	4.54	Sphingomonas sabuli	False
Q0C2E7	5.02	Hyphomonas neptunium	False
Q848I5	5.37	Pseudomonas fluorescens	False
A3MLN3	4.75	cellular organisms	False
Q63W98	4.76	cellular organisms	False
A4T5N4	4.66	Mycolicibacterium	False
A0A0H5BBM8	4.54	Blastochloris viridis	False
A0A956GPI9	4.51	Myxococcales bacterium	False
A0AAU3FUI2	4.72	unclassified Micromonospora	False
X7ZVG2	4.45	Mycobacterium xenopi 4042	False
C5BN52	4.70	Teredinibacter turnerae	False
Q8PLK9	4.83	Xanthomonas	False
Q143J3	5.08	Burkholderiaceae	False
A0A1Y5Q0Y3	4.50	uncultured Stenotrophomonas sp.	False
A0A562DMF6	4.50	Rhodococcus rhodochrous	False
Q2LSQ4	5.04	Syntrophus	False
A6VUR3	4.89	Gammaproteobacteria	False
A1TG34	4.69	Mycobacteriaceae	False
A1RAZ4	5.15	Micrococcaceae	False
A6SUW8	4.53	Burkholderiales	False
A0A9W3JZ81	4.60	Bacteria	False
A0A1F1TTG7	4.63	Actinomycetes	False
A0A0E4H235	4.54	Mycobacterium lentiflavum	False
C1D1G6	4.63	Deinococcus deserti	True
A3NSK7	4.78	cellular organisms	False
P65661	4.63	Bacillati	False
A0A7Y8GW29	4.59	Pseudomonadota	False
A0A518CPW6	4.55	Polystyrenella longa	False
A0A2W2EYS6	4.56	Micromonospora craterilacus	False
B7V1E3	4.88	Pseudomonadota	False
A9EUF9	4.51	Sorangium cellulosum	False
A0A537HXX3	4.55	Candidatus Bathyarchaeota archaeon	False
A0A2D9XUH0	4.44	Gammaproteobacteria bacterium	False
A0A7Y9E157	4.61	Actinomycetospora corticicola	False
A4G215	4.84	Herminiimonas arsenicoxydans	False
Q3A3I8	4.83	Syntrophotalea carbinolica	False
E8UZY0	4.39	Terriglobus saanensis	False
Q6ALV4	5.26	Desulfotalea psychrophila	False
Q2T096	4.78	Bacteria	False
Q1CXC6	4.63	Myxococcus	False
B1Y852	4.63	Leptothrix cholodnii	False
A0A6H1W2X4	4.23	Leifsonia sp. PS1209	False
A0A3B0WVW7	4.53	hydrothermal vent metagenome	False
U2PT98	4.47	Eubacterium ramulus	False
B0K363	5.10	Thermoanaerobacter	False
B0KC92	5.15	Thermoanaerobacter	False
Q8XVU6	5.08	Ralstonia	False
A5U8S6	4.79	Bacillati	False
A0A5C1ANS6	4.46	Limnoglobus roseus	False
A2SAE9	4.74	cellular organisms	False
B1JWS9	4.86	Burkholderia	False
A7H796	5.31	Anaeromyxobacter sp. (strain Fw109-5)	False
P9WIL3	4.66	Bacillati	False
B2GGA2	4.75	Kocuria	False
A0A9P6PBL1	4.54	unclassified Apophysomyces	False
A3N6X1	4.81	Burkholderia pseudomallei; Newcastle disease virus (strain Miyadera/51)	False
Q47NS4	4.66	Thermobifida	False
P9WIL2	4.62	Bacillati	False
A1SDW8	5.05	unclassified Nocardioides	False
A0A1W1DU36	4.52	hydrothermal vent metagenome	False
A0A2U1C6Y1	4.68	unclassified Simplicispira	False
A2SLT3	4.95	Methylibium	False
Q62LE8	4.74	cellular organisms	False
B4UHC8	4.66	Anaeromyxobacter	False
C1AI59	4.55	Bacillati	False
C0ZPL4	4.91	soil metagenome; Actinomycetes	False
A0A354R7E5	4.50	Verrucomicrobiota bacterium	False
A0A380WAE4	4.74	Afipia felis	False
A0A7C4STN4	4.41	Pseudomonadota bacterium	False
C3XBD9	4.60	Oxalobacter formigenes	False
J6IZ40	4.43	Rhodovulum sp. PH10	False
A0A1H3GIF9	4.62	Geodermatophilus africanus	False
A1V5W9	4.85	cellular organisms	False
B2JEQ8	5.82	Paraburkholderia phymatum	False
Q2IGV9	4.87	Anaeromyxobacter	False
A0A917JY36	4.83	Legionella impletisoli	False
D4XAJ7	4.47	Achromobacter piechaudii	False
E0N8L5	4.49	Neisseria meningitidis	False
Q3JUY9	4.84	cellular organisms	False
A1KPT6	4.64	Bacillati	False
A0A2D5Y189	4.71	Micavibrio sp.	False
A0A495HZN3	4.58	Acidovorax	False
A0A4Q5NR85	4.69	bacterium	False
A0A4R5TWA7	4.44	Arthrobacter crusticola	False
A0A1Y0BY55	4.54	Mycobacterium dioxanotrophicus	False
A0A7K3LIM3	4.73	Gordonia	False
Q743Y4	5.11	Mycobacterium	False
A0A0A0BMQ5	4.55	Cellulomonas bogoriensis	False
A0A450ZE47	4.50	ciliate metagenome; Candidatus Kentrum sp. TC	False
Q0AMS2	4.83	Maricaulis	False
Q1B2L9	4.52	Mycobacteriaceae	False
B8H729	4.48	Pseudarthrobacter chlorophenolicus	False
C1BA76	5.20	Rhodococcus	False
Q0S8D4	5.05	unidentified; Rhodococcus	False
A0A286EHZ7	4.64	Jatrophihabitans sp. GAS493	False
A0A2E3NF17	4.55	Myxococcota	False
A0A6P2CDE7	4.58	Rhodococcus rhodnii	False
G0AAT4	4.59	Collimonas fungivorans	False
Q9ZHI5	4.56	Cupriavidus	False
B2UC88	5.07	Bacteria	False
C1DFK0	4.83	Azotobacter	False
A1WBI2	5.03	Comamonadaceae	False
A1KUB3	4.50	Neisseria	False
P58286	4.66	Streptomyces	False
A4F6T1	4.79	Saccharopolyspora erythraea	False
A0A3A8JLZ9	4.55	Corallococcus carmarthensis	False
B4RMD5	4.54	Neisseria	False
A0A7C7QZS8	4.36	Planctomycetota	False
A0A895YBB4	4.67	Natronosporangium hydrolyticum	False
A0A7K0BXZ1	4.17	Actinomadura macrotermitis	False
Q5WSM2	4.61	Legionella pneumophila	False
A0A2E3SMX6	4.61	Bacteroidota bacterium	False
A0A357BTC8	4.74	Bacteria	False
A0A7W0HR21	4.53	Nonomuraea soli	False
A0A316ASK6	4.67	Dyadobacter jejuensis	False
A0A7Z0K9A5	4.55	Nesterenkonia xinjiangensis	False
B8I2Z2	4.99	Ruminiclostridium cellulolyticum	False
A0A961FD44	4.43	Deltaproteobacteria bacterium	False
A0A8T7KAF8	4.64	Chloroflexota bacterium	False
Q3JCP7	4.53	Nitrosococcus oceani	False
A9BV13	4.70	Pseudomonadati	False
Q9JU49	4.46	Neisseria meningitidis	False
A0K9L6	4.76	Burkholderia	False
A0A139D473	4.63	unclassified Halanaerobium	False
A0A9E4MP87	4.71	Myxococcales bacterium	False
A0A940QIR5	4.47	Deltaproteobacteria bacterium	False
A0A6L4YBF8	4.67	bacterium	False
A0A0W0VG54	4.63	Legionella lansingensis	False
A0A1B1BEP8	4.47	Cryobacterium arcticum	False
A0A1V5QXN3	4.58	Betaproteobacteria bacterium ADurb.Bin341	False
A0A2D4SRC0	4.51	Deltaproteobacteria bacterium	False
Q9AMS6	5.04	Bradyrhizobium	False
A0LF66	4.89	Syntrophobacter fumaroxidans	False
Q5ZRF3	4.59	Legionella pneumophila	False
A0A960PLB6	4.66	Acidimicrobiales bacterium	False
A1WUU3	5.78	Halorhodospira halophila	True
A0AAW8EPG2	4.59	Variovorax paradoxus	False
A0A1F9API6	4.60	Deltaproteobacteria bacterium RBG_13_61_14	False
A0A1Q7A8P0	4.83	Gemmatimonadetes bacterium 13_2_20CM_2_69_23	False
C6M2F7	4.57	Neisseria sicca	False
A0A4R6VI13	4.57	Actinomycetospora succinea	False
A0A1C4VEB4	4.82	Micromonospora haikouensis	False
A5CNC0	4.55	Clavibacter michiganensis	False
A0A1M7XY14	4.61	Anaerocolumna xylanovorans	False
A0AB37U538	4.50	Streptomyces	False
A0A0W0XH37	4.77	Legionella	False
A0A923TNC7	4.60	Frankiales bacterium	False
A0A2H5B0T4	4.55	Kitasatospora sp. MMS16-BH015	False
F8A4S3	4.07	Cellulomonas gilvus	False
A0A510V087	4.86	Cellulomonas persica	False
A9WT19	5.13	Renibacterium salmoninarum	False
A0A960QEB0	4.62	Calditrichota bacterium	False
A0AA37UKQ7	4.45	Arenivirga flava	False
A0A6L9S2L1	4.67	Phytoactinopolyspora halotolerans	False
A0A960AEZ3	4.25	Nocardioidaceae bacterium	False
A0A1G9TMH6	4.76	Geodermatophilus siccatus	False
A0A9D9E0L1	4.60	Candidatus Caccoplasma merdipullorum	False
A0A4Q2TAS9	4.55	Nocardioides zhouii	False
A0A4R2JLQ8	4.65	Actinocrispum wychmicini	False
A0A0H5CSH0	4.72	Alloactinosynnema sp. L-07	False
B9MEY1	4.76	Comamonadaceae	False
T0ZHU4	4.56	mine drainage metagenome	False
A0A1F9BPQ1	4.54	Deltaproteobacteria bacterium RBG_13_60_28	False
A0A1X7CAT6	4.28	Kocuria	False
A0A975MIG1	4.76	Nocardioidaceae bacterium	False
A0A402DR51	4.69	Cellulomonas biazotea	False
B3R6Q3	4.69	Burkholderiaceae	False
B3PCR4	5.74	Cellvibrio japonicus	False
Q9JZ56	4.63	Neisseria	False
B1YUU0	4.81	Burkholderia ambifaria	False
A0A1Q8BJ07	4.67	Crenarchaeota archaeon 13_1_20CM_2_51_8	False
A0A2V8T945	4.54	Acidobacteriota bacterium	False
A0A538N4S7	4.51	Actinomycetes bacterium	False
Q39DU8	4.86	Burkholderia	False
A0QA94	4.82	Mycobacterium	False
A0A1G6R1R9	4.83	Desulfurella	False
A0A1M3EMY0	4.42	Cellulomonas sp. 73-145	False
A0A1G0ZRM3	4.64	Lentisphaerota	False
A0A7V9DVE6	4.64	Geodermatophilaceae bacterium	False
E5AN51	4.53	Mycetohabitans rhizoxinica	False
A0AB33VFQ7	4.44	Ralstonia solanacearum	False
B1VHK2	4.70	Corynebacterium	False
A0A6G3DCG1	4.55	Streptomycetaceae	False
A0A850DK61	4.93	Mycobacteriaceae bacterium	False
A0A511JCK4	4.66	Cellulomonas composti	False
A6LWN4	4.56	Clostridium	False
Q12D75	5.00	unclassified Polaromonas	False
Q0BCS7	4.82	Burkholderia	False
A1UMH9	5.09	Mycobacteriaceae	False
Q9CD57	5.10	Mycobacteriaceae	False
A0A3M1Z6A1	4.64	Thermodesulfobacteriota	False
A0A3D4WVD5	4.47	Micromonosporaceae bacterium	False
A0A1D3DYD7	4.74	Streptomyces thermolilacinus	False
A0A833M6G0	4.54	Thermoanaerobaculia bacterium	False
A0A9D6ZM43	4.57	Deltaproteobacteria bacterium	False
H8KXH0	4.62	Solitalea canadensis	False
A0A7W7G7Z9	4.56	Sphaerisporangium siamense	False
A0A062X005	4.64	Frankia	False
A0A653T900	4.61	Microbacterium sp. 8M	False
A0PXQ5	4.80	Clostridium	False
A8M8F2	4.84	Salinispora arenicola	False
Q2JE00	4.78	Frankia	False
A0A2V6CE69	4.52	Verrucomicrobiota bacterium	False
A0A4V1BDW7	4.52	Nocardioides euryhalodurans	False
A4SWK6	5.08	Polynucleobacter	False
A5CW02	5.17	Vesicomyosocius okutanii subsp. Calyptogena okutanii (strain HA)	False
Q3A9L2	4.84	Carboxydothermus hydrogenoformans	True
A0A3D1CW71	4.74	Porphyromonadaceae bacterium	False
A0A395M3M6	3.96	Candidatus Thermochlorobacter aerophilus	False
A0A7Y2PA35	4.60	Deltaproteobacteria bacterium	False
A0A1I1I7N6	4.72	Spirosoma endophyticum	False
A0A5E4Y3Y2	4.56	Pandoraea	False
A0A918R5Y9	4.64	Streptomyces echinoruber	False
A0A4Q5T8L7	4.49	Bacillati	False
A0A2T6L7F2	4.63	unclassified Promicromonospora	False
A9AHJ2	4.82	Burkholderia	False
Q88Z02	5.00	Lactiplantibacillus	False
A0A948G1R4	4.48	Omnitrophica bacterium	False
A0A0Q1B199	4.52	Smithella sp. SDB	False
A0A929D4T2	4.70	Pseudomonadota bacterium	False
L8P0Z5	4.62	Streptomyces viridochromogenes	False
A0A1V5KP05	4.39	Verrucomicrobia bacterium ADurb.Bin474	False
F8AZB5	4.63	Frankiaceae	False
A0A1G7CB15	4.17	Actinobaculum suis	False
A0A1G9PPG5	4.72	Siphonobacter aquaeclarae	False
Q65I58	4.96	Bacteria	False
Q2RM59	4.51	Neomoorella thermoacetica	False
A0LRC6	4.82	Acidothermus cellulolyticus	True
B8ZU50	4.66	Mycobacteriaceae	False
Q0RB93	4.65	Frankia	False
A0A8T3KMG0	4.59	Bacillota bacterium	False
A0A7C6KZ59	4.65	unclassified Thermoanaerobacterium	False
A0A3M0ZIH5	4.98	Dadabacteria bacterium	False
A0A6C1SX81	4.54	Rhodospirillales bacterium	False
A0A968TUE1	4.55	Thermoanaerobaculia bacterium	False
A0A961S9W9	4.89	Rhodobiaceae bacterium	False
A0A1H6YRE2	4.59	Demequina mangrovi	False
A0A1Q7ASG4	4.49	Nitrospirae bacterium 13_2_20CM_2_61_4	False
A0A8J6LTK2	4.70	Sporichthya sp.	False
A0A7C2EQ04	4.49	Chloroflexota bacterium	False
A0A3T0Y984	4.27	Arthrobacter sp. MN05-02	False
A0A365ZGK0	4.20	Prauserella	False
Q5X0V0	4.59	Legionella pneumophila	False
A8LCM7	4.91	Parafrankia sp. (strain EAN1pec)	False
A0A7X7F9N7	4.46	Lentisphaerota bacterium	False
E6W3Q9	4.82	Desulfurispirillum	False
A0A543AWS3	4.66	Stackebrandtia endophytica	False
A0A2A9F0U0	4.48	Isoptericola jiangsuensis	False
A1AXA6	4.54	Candidatus Ruthturnera calyptogenae	False
A4JGX2	4.72	Burkholderia	False
Q3AQL9	4.75	Chlorobium chlorochromatii	False
A0A939XGU5	4.57	Bacteroidales bacterium	False
A0A948C8U0	4.73	Omnitrophica bacterium	False
A0A937LHY9	4.32	Gammaproteobacteria bacterium	False
A0A5C6E1X9	4.56	Novipirellula artificiosorum	False
A0A2E5IBU2	4.39	Methanobacteriota archaeon	False
A0A5J4KD92	4.54	Thermogemmatispora	False
A0A1Y2K3Z0	4.53	Magnetofaba australis IT-1	False
A0A518GJL3	4.79	Planctopirus ephydatiae	False
A0A1X1MH73	4.68	Frankia sp. KB5	False
A0A345SYU4	4.51	Peterkaempfera bronchialis	False
A0A455U071	4.73	Vreelandella sulfidaeris	False
B9ML76	4.64	Caldicellulosiruptor bescii	False
A0K1U2	5.45	Micrococcaceae	False
A4XCQ3	5.21	Salinispora tropica	False
A0A1G1PQ70	4.64	Omnitrophica WOR_2 bacterium RIFCSPLOWO2_12_FULL_51_24	False
A0A960WDI9	4.51	Deltaproteobacteria bacterium	False
A0A7X7A0W9	4.94	Syntrophomonadaceae bacterium	False
A0A9Q4CU88	4.50	Alicyclobacillaceae	False
B4SCF6	4.74	Pelodictyon	False
Q826E8	4.62	Streptomyces	False
A0A7Y8MLW9	4.45	Hydrogenophilaceae bacterium	False
A0A944UGC7	4.42	Opitutia bacterium	False
A0AA48KFW1	4.50	Mesoterricola sediminis	False
A0A944EAL2	4.55	Streptomyces sp. ISL-11	False
A0A8J7HKL6	4.48	Atlanticothrix silvestris	False
A0A7J5UNL4	4.52	Georgenia thermotolerans	False
A0A7J9V2R9	4.13	Georgenia ruanii	False
A0A1C6RBZ0	4.64	Micromonospora rhizosphaerae	False
B4E8E6	4.65	Bacteria	False
Q1BUH0	4.84	Burkholderia	False
Q21U10	5.72	Rhodoferax ferrireducens	False
A0A971QLZ6	4.50	Lentisphaerota bacterium	False
A0A948BXP4	4.80	Pseudomonadota bacterium	False
A0A7C5JNI3	4.61	Lentisphaerota bacterium	False
A0A9D7A2I1	4.43	Nitrospirota bacterium	False
A0A6G3CV13	4.53	Streptomyces	False
A0A838S2L1	4.56	Pseudonocardiales bacterium	False
A0A0P7CHA1	4.56	unclassified Frankia	False
A7Z5Z2	4.95	Bacillati	False
P52999	4.92	synthetic construct; Bacteria	False
Q8FU86	4.70	Corynebacterium efficiens	False
A0A970Z6J5	4.51	Actinomycetales bacterium	False
A0A2W5PQ05	4.86	Micavibrio aeruginosavorus	False
J7LG94	4.43	Nocardiopsis	False
A0A4R4SHF9	4.44	Actinomadura sp. GC306	False
A0A656Y0M7	4.01	unclassified Cellulomonas	False
A0A328HJX5	4.50	Arthrobacter globiformis	False
Q0B0P4	4.87	Syntrophomonas wolfei	False
B2V1M0	4.94	Clostridium	False
Q0AB67	5.75	Alkalilimnicola ehrlichii	True
Q5F8Y9	4.66	Neisseria	False
A1BDG1	4.85	Chlorobium phaeobacteroides	False
A0A7C3YYK8	4.65	Elusimicrobiota bacterium	False
A0A7W1YKF9	4.52	Planctomycetota bacterium	False
A0A9D7T448	4.43	Verrucomicrobiota bacterium	False
A0A952R5E7	4.46	Polyangiaceae bacterium	False
A0A2E2UYM1	4.43	bacterium	False
B0B512	4.08	Streptomyces collinus	False
A0A2S6SAJ2	4.74	Alphaproteobacteria bacterium MarineAlpha8_Bin1	False
A0A7C6CG65	4.65	Bacteria	False
A0A2E3QYM1	4.48	Rhodothermales	True
K0ENC8	4.95	Actinomycetes	False
A0A538TM87	4.29	Eiseniibacteriota bacterium	False
A0A2E6DTN8	4.37	Methanobacteriota archaeon	False
A0A564WG02	4.80	metagenome; Defluviicoccus	False
A0A941QWL2	4.56	Oceanospirillales	False
A0A021VLT3	4.49	Actinotalea ferrariae CF5-4	False
Q833S7	5.32	Bacteria	False
Q4JXL3	4.61	Corynebacterium jeikeium	False
B1VSQ0	4.66	Streptomyces	False
A0A2H0FX64	4.89	Ignavibacteriales bacterium CG18_big_fil_WC_8_21_14_2_50_31_20	False
A0A1F5BMC4	4.60	Candidatus Aminicenantes bacterium RBG_19FT_COMBO_58_17	False
A0A078BMB1	4.48	Burkholderiales	False
A0A0D0NU10	4.15	Kitasatospora	False
B0RCH0	4.18	Clavibacter	False
A0A1R4F1N7	4.32	Actinomycetales bacterium JB111	False
A0A925HXC6	4.45	Pirellulaceae bacterium	False
A0A9E5WK72	4.46	Planctomycetota bacterium	False
A0A2E1N0A2	4.79	Fidelibacterota bacterium	False
A0A9E2D5S4	4.68	Pseudomonadota bacterium	False
A0A7C3RGY0	4.46	Limisphaerales bacterium	False
A0A3E1HM39	4.50	Mycobacterium uberis	False
A0A6G1SYE2	4.46	Dehalococcoidia bacterium	False
A0A7Z1AIU2	4.69	Actinomyces sp. HMSC065F12	False
A0A1J5NMR1	4.50	Neomoorella thermoacetica	False
Q5Z2U2	4.77	Nocardiaceae	False
Q2J4S0	4.89	Frankia	False
A0AAU2GW02	4.78	unclassified Streptomyces	False
A0A2W2MK05	4.10	Streptomyces sp. NTH33	False
A5D5T6	5.01	Pelotomaculum thermopropionicum	False
E0QMG7	4.49	Mobiluncus mulieris	False
A0A260RE55	4.68	Rhodococcus sp. 15-649-2-2	False
A0A3N4Z4J4	4.64	Georgenia muralis	False
A1RDH3	5.26	Paenarthrobacter aurescens	False
A0A1G1JD21	4.37	Omnitrophica bacterium GWA2_52_8	False
A0A558AYC4	4.65	Salinicoccus cyprini	False
A0A1V1WWC0	4.41	Desulfobacterales bacterium S7086C20	False
A0A3M1VCU8	4.56	Planctomycetota bacterium	False
A0A3M2IV38	4.34	Cellulomonas triticagri	False
A3DDV5	4.85	Acetivibrio thermocellus	False
C4ZG24	5.06	Clostridia	False
A0A150XU73	4.91	Roseivirga ehrenbergii (strain DSM 102268 / JCM 13514 / KCTC 12282 / NCIMB 14502 / KMM 6017)	False
A0A651GSF1	4.68	Nitriliruptor sp.	False
A0A9Q5C8E1	4.57	unclassified Marinobacterium	False
A7HZW6	5.09	Campylobacter	False
A0A7V4E529	4.69	candidate division WOR-3 bacterium	False
A0A1Y5DT59	4.66	Arcobacter sp. 31_11_sub10_T18	False
A0A7C2EIX1	4.74	Dadabacteria bacterium	False
A0A285R3N2	4.17	Streptomyces sp. 1331.2	False
A0A2D9FVX4	4.63	Balneola sp.	False
A0A225E4I2	4.35	Fimbriiglobus ruber	False
Q7MVF1	4.68	Bacteroidia	False
B2RK28	4.53	Bacteroidia	False
B9L6T1	4.79	Nautilia profundicola	False
A5N8N4	5.14	Clostridium kluyveri	False
Q4LA33	4.67	Caryophanales	False
Q8KFS0	4.59	Chlorobiales	False
A0A098SAP8	4.71	Phaeodactylibacter xiamenensis	False
A0A1G6K3C1	4.51	Succiniclasticum	False
A0A549SXJ8	4.63	Methylosinus	False
N2BLS0	4.83	Helicobacter bilis	False
A0A7X9P9Q1	4.64	Myxococcales bacterium	False
M5RNP5	4.82	Novipirellula maiorica	False
A4QAD0	5.11	unidentified; Corynebacterium	False
A0A949F4W0	4.48	Omnitrophica bacterium	False
A0A6H1U350	4.53	Cyanobacteriota	False
A0A1Q7WYQ2	4.93	Actinobacteria bacterium 13_1_20CM_3_68_9	False
A0A2V5SZB7	4.40	Verrucomicrobiota bacterium	False
Q9X4N0	4.84	unidentified; Corynebacterium	False
A0A0M2TYX0	4.46	Clostridiales bacterium PH28_bin88	False
A0A6I4MGS0	4.58	Actinomadura physcomitrii	False
A0A3D8IPM7	4.86	Helicobacter didelphidarum	False
K9EXG1	5.02	Actinobaculum massiliense	False
A0A1H9IPB2	4.85	Amphritea atlantica	False
C3J8F4	4.85	Bacteria	False
A0A0R2XIQ5	4.38	Opitutaceae bacterium BACL24 MAG-120322-bin51	False
A0A2V5PTA0	4.65	Verrucomicrobiota bacterium	False
A0A1Q5N6A2	4.65	Streptomyces sp. CB00455	False
A0A0M8VFU3	4.49	Streptomyces sp. MMG1121	False
A0A7X6QBE4	4.43	Bacteroidales	False
A0A2S8FIZ3	4.49	Pirellulaceae	False
A0A419V2R9	4.70	Sinobaca	False
A0A523DTG8	4.58	Acidobacteriota bacterium	False
F6FTX9	4.14	Isoptericola variabilis	False
P58285	5.22	Clostridium	False
B3EFC1	4.85	Chlorobium limicola	False
B4S4T8	4.60	Prosthecochloris	False
A0A934EA90	4.56	Elusimicrobiota bacterium	False
A0A7C6I1A2	4.93	Bacteroidales	False
A0A3M0I607	4.32	Streptomyces shenzhenensis	False
Q7NCY1	4.56	Bacteria	False
C4L6Q2	4.69	Bacteria	False
Q5KXX4	4.79	Geobacillus	False
Q92AA8	4.87	cellular organisms	False
Q8Y603	5.04	Listeria	False
A0A3C0MWW1	4.61	Omnitrophica bacterium	False
A0A6J4L8K6	4.69	uncultured Gemmatimonadaceae bacterium	False
A0A7V9F784	4.55	Nocardioidaceae bacterium	False
A0A1I5XEG1	4.58	Lachnospiraceae bacterium XBB1006	False
A0A2W4M4Q8	4.52	Pseudomonadota bacterium	False
A0A849EWF6	4.88	Desulfatitalea sp.	False
A0A1X4G7W3	4.98	Cylindrospermopsis raciborskii	False
A0A255R2I3	4.62	Rhodopirellula	False
A0A3M2LT85	4.54	Streptomyces	False
A0A0M9UKZ0	4.71	Brachybacterium sp. SW0106-09	False
A4XMZ2	5.12	Caldicellulosiruptor	False
A0QNF3	5.03	Mycolicibacterium smegmatis	False
A0A3D5VB91	4.69	Candidatus Cloacimonas sp.	False
A0A9D5MXF9	4.72	Lachnospiraceae bacterium	False
A0A318CLZ0	4.53	Deltaproteobacteria bacterium	False
P65664	4.55	Bacillota	False
Q3B208	4.72	Pelodictyon luteolum	False
B1I1N9	5.21	Desulforudis audaxviator	False
R7LDU8	4.38	Prevotella sp. CAG:891	False
A0A942M6E3	4.73	Latescibacterota bacterium	False
A0A428ZD98	4.12	Actinomycetes	False
A0A842HEX0	4.58	Ruficoccus amylovorans	False
A0AAU3S8P6	4.51	unclassified Streptomyces	False
A0A533BAN5	4.45	Nitrospira sp.	False
A0A1Q5PLE0	4.44	Boudabousia liubingyangii	False
C1KWK0	5.06	Listeria monocytogenes	False
B3ELP8	4.84	Chlorobiaceae	False
A8FEH5	4.90	Bacillus pumilus	False
A0A418QRS3	4.56	Hymenobacter rubripertinctus	False
A0A7C5JN15	4.47	Bacteroidota bacterium	False
A0A2T2RFF5	4.48	Cyanobacteria bacterium SW_9_44_58	False
A0A938MSP0	4.49	Planctomycetota bacterium	False
A0A0U3WJ99	4.45	Lentibacillus amyloliquefaciens	False
A0A0C5BI73	4.65	Rathayibacter toxicus	False
A0A4P6JX98	4.59	Ktedonosporobacter rubrisoli	False
A0A0P0EHW8	4.81	Microbacterium sp. No. 7	False
A0A3N4ZIP1	5.12	Myceligenerans xiligouense	False
A0A662QSS7	4.08	Candidatus Nanohalarchaeota archaeon	False
Q251P1	4.89	Desulfitobacterium	False
A6QK84	4.55	Bacillota	False
B9E234	5.29	Clostridium kluyveri	False
A0A315ZA47	4.56	Sediminitomix flava	False
A0A6N6PKH6	4.57	Verrucomicrobiota bacterium	False
A0A1H2URW2	4.62	Alicyclobacillus hesperidum	False
A0A2M9CVY8	4.70	Thermoflavifilum aggregans	False
B1YHQ7	4.83	Exiguobacterium	False
Q2FDR2	4.58	Bacillota	False
A0A2W4QF61	4.39	Pseudomonadota bacterium	False
G1VAF6	4.71	Prevotella	False
A0A2G9XZG5	4.47	unclassified Candidatus Stahliibacteriota	False
A0A2E9KL34	4.43	Methanobacteriati	False
A0A1G3BFU1	4.63	Planctomycetes bacterium RIFCSPHIGHO2_12_FULL_52_36	False
A0A1J5D0Y8	4.64	Chloroflexota	False
A0A5M6CXU7	4.71	Roseiconus nitratireducens	False
A0A2N2UYE0	5.47	Betaproteobacteria bacterium HGW-Betaproteobacteria-11	False
B8DC26	4.79	Listeria	False
Q2YWG1	4.49	cellular organisms	False
A7GN78	4.77	Bacillus cereus group	False
B0TBP6	4.67	Heliomicrobium modesticaldum	False
A0A258QK37	4.79	Polynucleobacter sp. 35-46-207	False
I9IB76	4.65	Bacteroides	False
A0A7X8VQB3	4.52	Lentisphaerota	False
A0A3E0Q5P5	4.54	Planctomycetota bacterium	False
A0A3N9NQ12	4.68	Calditrichota bacterium	False
A0A960SBA0	4.71	Verrucomicrobiia bacterium	False
A0A0D6KLJ1	4.46	Nostocales	False
S3Z4T0	4.92	Dermabacter	False
B0SBX0	4.56	Leptospira biflexa	False
Q2FV23	4.67	Bacillota	False
A6U4X7	4.63	Bacillota	False
B8FZE1	4.62	Desulfitobacterium	False
A0A9W6GF18	4.87	Thermodesulfovibrio yellowstonii	False
A0A1B1T9L2	4.82	uncultured Poseidoniia archaeon	False
A0A1Q8L1V2	4.67	cellular organisms	False
C6HUX1	4.49	Leptospirillum ferrodiazotrophum	False
Q11NE7	4.61	Cytophaga hutchinsonii	False
B1IEL4	4.78	Clostridium	False
A0AK05	5.08	Listeria welshimeri	False
A0A8J2UC05	4.62	Puia dinghuensis	False
A0A4Q3RNP5	4.70	Chitinophagaceae bacterium	False
A0A496DU89	4.66	Bacteroidales	False
A0A353ZNX8	4.51	Arthrobacter sp.	False
A0A928H5D3	4.48	Lentisphaerota bacterium	False
A0A2E7SRQ1	4.83	Verrucomicrobiales bacterium	False
A0A2A2R618	4.62	Verrucomicrobia bacterium Tous-C9LFEB	False
C5CEQ3	4.60	Kosmotoga	False
A6L4C4	5.10	unidentified; Bacteroidota	False
B0STF1	5.04	Leptospira biflexa	False
A4SGF2	4.98	Chlorobium	False
A0A1I1VYI3	4.48	Lentibacillus persicus	False
A0A9E8LW15	4.68	Fervidibacillus albus	False
A0A0W1ADM3	4.73	Legionella waltersii	False
A0A2M9CE83	4.31	Sediminihabitans luteus	False
C4RE22	4.39	Micromonospora sp. (strain ATCC 39149 / NRRL 15099 / SCC 1413)	False
A7H0Y2	5.05	Campylobacter	False
O66773	4.63	Aquifex aeolicus	False
B9IVR3	4.53	Bacteria	False
A7FR58	5.17	Clostridium botulinum	False
P65665	4.61	Bacillota	False
A0A1X9SU23	4.93	Campylobacter	False
A0A2T0Y4M6	4.37	Isoptericola	False
A0A928H133	4.54	Lentisphaerota bacterium	False
Q71YB5	5.04	Listeria	False
Q6GDK6	4.62	Bacillota	False
Q6HL14	4.56	Bacteria	False
Q5HL37	4.53	Bacteria	False
A0A365XPG3	4.62	Chitinophaga	False
A0A9D7TX72	4.68	Chitinophagaceae bacterium	False
A0A1F3IW72	4.57	Bacteroidota	False
A0A842X7V7	4.45	Altiarchaeales archaeon	False
A0A6N2D468	5.06	Saprospirales bacterium	False
A0A2T0WXI5	4.95	Marinilabilia salmonicolor	False
A0A3R6PA64	4.68	Parabacteroides	False
A0A7Y5H849	4.47	Candidatus Brocadiia bacterium	False
A0A9X7JV14	4.59	Actinomycetes	False
X0V6G8	4.60	marine sediment metagenome	False
A0A497XMZ5	4.53	Hydrogenivirga caldilitoris	False
Q7NDK7	4.75	Bacteria	False
Q8NUN3	5.11	cellular organisms	False
A7GAI4	5.17	Clostridium	False
A0A4Q5UMG3	4.58	Chitinophagaceae bacterium	False
A0A918UVB6	4.54	Echinicola pacifica	False
A0A977Q0Q4	4.78	Chryseotalea sp. WA131a	False
A0A1Z9QCS8	4.70	Phycisphaerae	False
A0A7X8BY49	4.62	Bacteroidota/Chlorobiota group	False
A0A2E8G983	4.53	Nitrospiraceae bacterium	False
A0A7W5E034	4.62	Aporhodopirellula rubra	False
A0A919G326	4.59	Promicromonospora soli	False
Q8CVE9	3.69	cellular organisms	False
C3L033	5.38	Clostridium botulinum	False
B3QQH1	4.80	Chlorobaculum parvum	False
A0A932VS50	4.55	Candidatus Acetothermia bacterium	False
A0A9E5EV37	4.51	Bacteria	False
A0A849X2D0	4.74	Bdellovibrionales bacterium	False
A0A935NHF0	4.56	Bacteroidota	False
A0A5B9WDG0	4.61	Aquisphaera giovannonii	False
Q6G679	5.13	cellular organisms	False
Q81ST1	5.11	Bacteria	False
Q8CMZ4	4.65	Bacteria	False
A0A124F944	4.90	unclassified Desulfonauticus	False
A0A9D7HAW3	4.58	Flavobacteriales bacterium	False
A0A061NWM3	4.58	Geomicrobium sp. JCM 19038	False
A0A2N3G2G7	4.87	Actinobacteria bacterium HGW-Actinobacteria-4	False
Q81FN5	4.73	Bacilli	False
B7HHU5	4.74	Bacilli	False
B7GHT2	4.74	Caryophanales	False
A0A1U7CTG5	4.55	Paludisphaera borealis	False
C4FQU1	4.87	Veillonella dispar	False
A0A951LHV7	4.71	Abditibacteriaceae bacterium	False
A0A1M5SPQ3	4.65	Pollutimonas bauzanensis	False
A0A2W4LL78	4.53	Actinomycetes bacterium	False
A8ERX9	5.02	bioreactor metagenome; Arcobacteraceae	False
B7IPB9	4.71	Bacillus	False
A0A970MZ88	4.84	Armatimonadota bacterium	False
A0A961H681	4.59	Microthrixaceae bacterium	False
A0A0W0ZMK7	4.68	Legionella steelei	False
A0A7Y9LDU8	4.53	Microlunatus parietis	False
A0A1Z4GM18	4.46	Nostocales	False
Q5WGA5	4.75	Bacillaceae	False
B7JHQ8	5.20	Bacteria	False
Q63DJ1	5.00	Bacteria	False
B1KUY5	5.32	Clostridium botulinum	False
A0A959LKS3	4.69	Chitinophagales	False
A0A916HDU2	4.56	Bacteroidota	False
A0A0L6HV58	4.75	Microbacterium sp. GCS4	False
A0A1V4TMN0	4.55	Methanomassiliicoccales archaeon PtaB.Bin215	False
A0A259TW89	4.56	Rubricoccus marinus	False
A0RM41	5.31	Campylobacter	False
A6L8I7	5.05	Bacteroidales	False
A9VMF1	5.24	Bacteria	False
A4IQ59	5.05	Geobacillus	False
A0RBZ4	5.19	Bacteria	False
A0A965R6I9	4.63	Bacteroidota	False
A0A940F783	4.70	Solirubrobacteraceae bacterium	False
A0A3M1Q2L7	4.55	Acidobacteriota bacterium	False
L1MGV7	4.45	Alloprevotella	False
Q64XM2	4.90	Bacteroides	False
Q8EQD8	5.17	Oceanobacillus iheyensis	False
Q5HCV5	4.60	Bacillota	False
A0A535HQI7	4.70	Chloroflexota bacterium	False
W7WN84	4.63	Methylibium sp. T29-B	False
A0A1Z4NKA2	4.60	Calothrix sp. NIES-3974	False
B7HL55	5.24	Bacteria	False
A0A840H066	4.80	unclassified Bradyrhizobium	False
A0A960TEY8	4.59	Leptospiraceae bacterium	False
A0A536E0K5	4.70	Chloroflexota bacterium	False
A5IW22	4.60	Bacillota	False
C1EN38	5.08	Bacteria	False
C5D3B1	4.74	Anoxybacillaceae	False
B9DKF6	4.70	Staphylococcus	False
B3QTQ3	4.47	Chloroherpeton thalassium	False
A0A0C5W6H2	4.64	Flavobacteriaceae	False
A0A1D7YUK6	4.95	Candidatus Melainabacteria bacterium MEL.A1	False
A0A9E6W6B2	4.42	Bacteroidota bacterium	False
A0A3M1GEH5	4.57	Verrucomicrobiota bacterium	False
A0A7X0GHH8	4.34	Arthrobacter sp. AZCC_0090	False
A0A960FLK5	4.84	Acidimicrobiales bacterium	False
A0AAE3KLZ9	4.86	Goodfellowiella coeruleoviolacea	False
A0A163RG25	5.11	Oerskovia enterophila	False
C3P5R1	5.22	Bacteria	False
A0A2N5ZMM5	4.78	Muiribacterium halophilum	False
A0A1G6YAK4	4.56	Niabella	False
A0A9D8BMJ1	4.36	Omnitrophica bacterium	False
A0A7Z9WGJ3	4.87	Syntrophaceae bacterium	False
A0A2H5WAN0	4.98	bacterium HR11	False
A0A7C1YBG8	4.62	Nitrospirota bacterium	False
A0A0J1BIE2	4.55	Rhodopirellula	False
Q052G3	6.13	Leptospira borgpetersenii	False
Q89ZR7	4.60	Bacteroides	False
Q9KC85	4.58	Halalkalibacterium halodurans	False
A0A519TDA2	4.58	Hymenobacter sp.	False
A0A7Y3EQG1	4.58	Bacteroidota	False
A0A7X7G3F8	4.49	Lentisphaerota bacterium	False
A0A1H7J4K3	4.37	Olivibacter domesticus	False
A0A956QNH2	4.45	Cyanobacteria bacterium HKST-UBA04	False
A0A2R7QIN7	4.40	Arthrobacter sp. HMWF013	False
A0A4P5QU08	4.50	Verrucomicrobiota bacterium	False
A0A5B9QKW6	4.95	Roseimaritima ulvae	False
A0A6P0VTE4	4.92	Symploca sp. SIO1A3	False
Q30TR6	5.14	Sulfurimonas denitrificans	False
C3L8P8	5.03	Bacteria	False
Q73AV2	5.21	Bacillus	False
Q982G0	5.10	Mesorhizobium	False
A0A7G5XBI5	4.64	Lacibacter	False
A0A1B9E085	5.00	Flavobacterium crassostreae	False
A0A937JTD3	4.57	Pantanalinema sp. GBBB05	False
Q04TD7	4.79	Leptospira borgpetersenii	False
W7DLT8	4.70	Listeria fleischmannii FSL S10-1203	False
A0A2A2Y2P2	4.51	Verrucomicrobiota	False
A0A9D6PL82	4.55	Omnitrophica bacterium	False
A7ZFX6	5.16	Campylobacter	False
Q72QN9	4.91	Pseudomonadati	False
Q5LGS0	4.89	Bacteroides	False
Q2S2P5	4.95	Salinibacter ruber	True
A0A2D7KNM5	4.74	Gammaproteobacteria	False
A0A3D4CJW0	4.67	Flavobacteriales bacterium	False
A0A537ZCT5	4.66	Actinomycetes bacterium	False
A0A388PWD8	4.54	Methylophilaceae bacterium	False
A0A7V2F6J0	4.61	Bacteria	False
A0A9X2ZSP7	4.82	Salinibacter ruber	True
A6GVV2	4.57	Flavobacterium	False
Q9ZN30	4.77	Helicobacter pylori	False
A0A355ITR4	3.90	Bacteroidota	False
A0A3D9FXC7	4.96	Flavobacterium	False
A0A9D2RIF9	4.66	Alistipes	False
A0A8I2G8T0	4.57	Candidatus Aminicenantota bacterium	False
A0AA46ADI5	4.54	Venenivibrio stagnispumantis	False
A0A964KSE9	4.50	Chloroflexota bacterium	False
A0A7V1RDY6	4.40	Chthonomonadales bacterium	False
A0A101HTK6	5.14	Pelotomaculum thermopropionicum	False
A0A974SIW7	4.65	Xanthobacter dioxanivorans	False
Q3M782	4.95	Nostocaceae	False
Q9EYU1	5.17	Phyllobacteriaceae	False
A0A2A5FKV0	4.73	Bacteroidota bacterium	False
W8VUN2	4.55	Nonlabens marinus	False
A0A3C1G2F2	4.51	Nitrospiraceae bacterium	False
A0A660SL37	5.05	candidate division TA06 bacterium	False
D9PML9	4.59	sediment metagenome	False
A0A9X1S339	4.60	Microbacterium allomyrinae	False
A0A936N915	4.99	Candidatus Neomicrothrix	False
A0A6B1GIZ6	4.67	Chloroflexota bacterium	False
O34246	4.58	Helicobacteraceae	False
A0A7C1BBY4	4.40	candidate division WOR-3 bacterium	False
A0A0D0IV58	4.68	Prevotella	False
A0A2E6IME0	4.71	Flavobacteriaceae bacterium	False
A0A1M7MSU4	4.68	unclassified Polaribacter	False
A0A662C8E0	4.75	Bacteroidota bacterium	False
A0A661C7T3	4.59	Gammaproteobacteria bacterium	False
A0A7H9CHD8	4.83	Candidatus Campylobacter infans	False
A0A255TPX1	4.71	unclassified Prevotella	False
A0A7C5P1F6	4.79	Verrucomicrobiota bacterium	False
A0A3A4PHH0	4.54	Phycisphaerales bacterium	False
A0A2P8FF38	4.58	Chitinophaga ginsengisoli	False
A0A4R6TRF5	4.65	Zeaxanthinibacter enoshimensis	False
A0A415DSA0	4.61	Parabacteroides sp. AM08-6	False
A0A1H6LNY9	4.75	Paenimyroides marinum	False
A0A520UJJ6	4.70	Flavobacteriales	False
A0A1H1M1D6	4.47	Pseudomonadati	False
A0A521YDX2	4.40	Dehalococcoidia bacterium	False
A0A1M4WK73	4.71	Clostridia	False
A0A7K1TPA7	4.96	unclassified Microbacterium	False
A0ABC9PYV4	4.57	Staphylococcus aureus	False
A0A2S5QW78	4.38	Methylotenera sp.	False
A0A937XE27	4.29	candidate division WOR-3 bacterium	False
A0A3D9GS15	5.13	Paenibacillus sp. VMFN-D1	False
A0A949VKG9	4.57	Flavobacteriales bacterium	False
A0A1N6EMI2	4.69	Agromyces cerinus subsp. cerinus	False
A0A6J6ERN4	5.02	freshwater metagenome; uncultured Microthrixaceae bacterium	False
A0A2M8WSP9	4.58	Luteimicrobium subarcticum	False
Q29W39	4.81	Campylobacter	False
Q7UQU4	4.79	Rhodopirellula baltica	False
A0A7X8JKW8	4.58	Bacteroidales bacterium	False
A0A829QPH4	4.53	Mycobacteroides abscessus 1948	False
A0A2D7N8A4	4.57	Fidelibacterota bacterium	False
A0A9J6ZH20	4.45	Caryophanales	False
B6JPC9	4.54	Helicobacter pylori	False
A7IHU0	5.07	Xanthobacter	False
A0A2T0YQE6	4.63	Nesterenkonia sandarakina	False
A0A8H2LHD1	4.50	Bizionia	False
S7VB21	4.55	Desulfovibrio sp. X2	False
A0A661BE33	4.76	bacterium	False
A0A3N5YZ53	4.64	Dehalococcoidia bacterium	False
A0A3Q9GL83	4.55	Trueperella pyogenes	False
Q8YR79	4.93	Nostocaceae	False
A0A7W3Z7J9	4.57	unclassified Myroides	False
A0A7C8AGW2	4.17	Planctomycetota bacterium	False
A0A7C5BSN4	4.38	Armatimonadota bacterium	False
A0A845M2D8	4.57	Maritimibacter harenae	False
P56065	5.05	Helicobacter pylori	False
A0A1H6T0Y3	4.96	Bacteroidota	False
A0A924B295	4.83	Pseudobdellovibrionaceae bacterium	False
A0A1F5VNC4	4.47	Candidatus Fischerbacteria bacterium RBG_13_37_8	False
A0A1V4QGK1	6.18	candidate division WOR-3 bacterium 4484_100	False
A7H576	5.08	Campylobacterales	False
B2J9T1	4.95	Nostocaceae	False
B0C321	4.65	Acaryochloris marina	False
A0A7W1ILS5	4.44	Bacteroidota bacterium	False
A0A3N5FUZ5	4.93	Planctomycetota bacterium	False
A0A352ED75	4.82	Cryomorphaceae bacterium	False
A0A255ZPZ1	4.53	Flavobacterium aurantiibacter	False
A0A0S4MYF3	4.74	Candidatus Thermokryptus mobilis	False
A0A6J6I0D9	4.60	freshwater metagenome; Actinomycetota	False
X0VXQ6	4.40	marine sediment metagenome	False
A0A970XGR3	4.61	Clostridiales bacterium	False
A0A5N6MV18	4.47	Arthrobacter yangruifuii	False
A8FK85	5.03	Campylobacter	False
C0QRI3	5.20	Persephonella	False
A0A9D8QZH1	4.88	Bacteroidales bacterium	False
A0A1F9WY36	4.75	Elusimicrobia bacterium RIFOXYA2_FULL_39_19	False
Q1CVC3	5.10	Helicobacter pylori	False
A0AA96J7C2	4.64	Flavobacterium capsici	False
A0A9D7UGH3	4.96	Sulfurospirillum sp.	False
A0A315X8K3	4.61	Chloroflexota	False
A0A8K2A172	4.49	Petrachloros mirabilis	False
A0A969GD38	5.01	Saprospiraceae bacterium	False
Q5HWH5	4.88	Campylobacter	False
A0A9X1R083	4.59	Aequorivita	False
A0A7C1ZKK4	4.55	Bacteroides sp.	False
E3D018	4.52	Aminomonas paucivorans	False
A0A7Y0QQA6	4.45	Crystallibacter degradans	False
A0A7W7W9N6	4.54	Streptosporangium album	False
W8X542	4.63	Castellaniella defragrans	False
A0A0H2KKF9	4.48	Cellulosimicrobium funkei	False
A0A7C5FRU5	4.62	Armatimonadota bacterium	False
A0A924D7R2	5.03	Flavobacterium sp.	False
A0A0S9QMB3	5.03	Microbacterium	False
A0A418ML21	4.57	Alicyclobacillaceae bacterium I2511	False
A0AAV8UJL5	4.25	Rhodosorus marinus	False
A0A7X6K7S6	4.29	Arthrobacter mobilis	False
A0A371PV02	4.41	Streptomyces inhibens	False
B2UW36	5.02	Helicobacter pylori	False
Q9PIK3	5.20	Campylobacter	False
A0A376FKL2	4.29	Enterobacter asburiae	False
A0A4V2AUY5	4.81	Sphingobacteriales bacterium	False
A0AAW7D636	4.69	Empedobacter	False
A0A972XY00	4.76	Flavobacteriaceae bacterium	False
A0A9C8NV91	4.54	marine sediment metagenome; Phycisphaerae bacterium	False
A0A965G4N4	4.40	Verrucomicrobiota bacterium	False
U5D568	4.74	Rubidibacter lacunae	False
A0A7C1KNV9	4.44	Bacteria	False
Q17ZL6	4.60	Helicobacter acinonychis	False
B8IQG9	5.10	Methylobacterium nodulans	False
A0A1Z9HM47	4.05	unclassified Gammaproteobacteria	False
A0A0S7Y3S7	4.53	Syntrophobacter sp. DG_60	False
M1ZCP6	4.56	Nitrospina	False
A0AA37SXI5	4.40	Portibacter lacus	False
A0AAP3SGL9	4.85	Bacteroides thetaiotaomicron	False
A0A3M0WJ04	4.51	Aquificota bacterium	False
A0A1L5NR41	4.69	Rhizobium gallicum	False
A0A563VWP5	4.47	Hyella patelloides	False
Q7VJB2	5.03	Helicobacter	False
R5AUE5	4.45	Bacteroides sp. CAG:927	False
A0A9Q4C6Q2	5.03	Methanobacteriota	False
A0A2E2UG01	4.64	Flavobacteriaceae bacterium	False
A0A2S1LLX9	4.94	Flavobacterium kingsejongi	False
A0A7V2QM04	4.60	Dehalococcoidia bacterium	False
A0A1V4ZBJ4	4.50	Methanomassiliicoccales archaeon PtaU1.Bin124	False
A9AUB8	4.79	Herpetosiphon	False
A0A6P1DJL9	5.07	Gelidibacter sp.	False
A0A444WCZ5	5.04	Flavobacterium	False
D1CH98	4.62	Thermobaculum terrenum	False
A0A7V4AWT1	4.88	bacterium	False
A0A0P8A8J1	4.78	Cyanobacteriota	False
A0A3C0PCR4	4.54	Fibrobacterota bacterium	False
A0A349BUT9	4.39	Flavobacteriaceae bacterium	False
A0A9C9K1R7	3.21	Bacteria	False
A0A938IH16	4.55	Planctomycetota bacterium	False
A0A7T5EHG1	4.40	Brevibacillus composti	False
A0A2T2T171	4.41	Bacteroidetes bacterium QH_7_64_110	False
A0A661C7R5	4.47	Gammaproteobacteria bacterium	False
A0A1F1DT89	4.56	Porphyromonas sp. HMSC065F10	False
A0A523XLK2	4.60	Cloacimonadota bacterium	False
A0A9D5Q1U2	4.71	Omnitrophica bacterium	False
A0A7V5H501	4.39	Caldithrix abyssi	False
A0A1H9HQ76	4.43	Piscibacillus halophilus	False
A0A529X4L7	4.67	Mesorhizobium sp.	False
A0A174VIF2	4.63	Pseudomonadati	False
H7EI54	4.79	Treponema	False
A0A962CWD8	4.74	Lysobacterales	False
A0A6N8HKE3	4.41	Lentibacillus sp. JNUCC-1	False
A0A1H2B6I1	4.41	Paenibacillaceae bacterium GAS479	False
A0A5C5ZYP3	4.80	Stieleria varia	False
B4U8K0	4.99	unclassified Hydrogenobaculum	False
A0A958FX22	4.77	Bdellovibrionales bacterium	False
A0A5N7Z833	4.55	Flavobacterium	False
A0A8J4A4F5	4.65	Actinocatenispora comari	False
A0AAE4A2V6	4.75	unclassified Conexibacter	False
A0A7V5SHX6	4.61	Pseudomonadati	False
A0A1N7PFW6	4.51	Thermoactinomycetaceae	False
A0A2J7TEY2	4.63	Methylocella silvestris	False
A0A7C5ADG4	4.44	Planctomycetota bacterium	False
A0A9E0XDV4	4.28	Verrucomicrobiota bacterium	False
A0A1F4S5Y7	4.64	Saganbacteria	False
A0A920D859	4.45	Paenibacillus sp. J31TS4	False
Q9F5E9	4.44	Rhizobium rhizogenes	False
B7JX32	4.56	Rippkaea orientalis	False
A0A1W9P678	4.90	Candidatus Omnitrophica bacterium 4484_213	False
A0A950DNW9	4.45	Verrucomicrobiota bacterium	False
E7G3H7	4.83	Helicobacter suis	False
A0A968HEG5	4.57	Coleofasciculaceae cyanobacterium SM2_3_26	False
A0A644V0S1	5.06	bioreactor metagenome; Desulfovibrio	False
A0A8J2BI68	4.38	Candidatus Methylacidithermus pantelleriae	True
A0A1H7TG69	5.04	Paenibacillus sp. cl141a	False
A0A357B544	4.95	unclassified Candidatus Bipolaricaulota	False
A0A2H0PJ18	4.56	Deltaproteobacteria bacterium CG11_big_fil_rev_8_21_14_0_20_45_16	False
A0A7C5TQ62	4.62	Altiarchaeales archaeon	False
A0A7X7TRJ1	4.57	Thermotogales	False
A0A6I3SNQ9	4.62	Heliobacterium mobile	False
A0A7C3XQY8	4.72	bacterium	False
A0A5C7P8J6	4.89	Actinomycetota	False
A0A931K982	4.47	bacterium	False
B8ELJ7	4.95	Methylocella silvestris	False
A0A654A8K3	4.54	Sphingobacterium	False
A0A229P290	4.39	Paenibacillus herberti	False
A0A072NGA9	4.45	Schinkia azotoformans MEV2011	False
A0A2D4YUF4	4.53	Synechococcus sp. CPC35	False
A0A1G9EKS5	4.40	Lacicoccus qingdaonensis	False
A0A6P1R1B6	4.52	Bradyrhizobium sp. LCT2	False
K1YNK3	5.85	uncultured bacterium	False
A0A7C3B2F9	4.63	Dehalococcoidia bacterium	False
A0A351UJ63	4.67	unclassified Elusimicrobiota	False
A0A9D8HM18	4.57	Actinomycetota bacterium	False
A0A4Q1SYL0	4.44	Ammoniphilus sp. CFH 90114	False
A7HLE9	4.63	Thermotogota	False
A0A368DF99	4.47	Flavobacteriales	False
A0A3D1ASR5	4.42	Bryobacterales bacterium	False
A0A9E4Q083	4.64	Chloroflexota bacterium	False
A0AAU7CPG6	4.59	Singulisphaera photorubra	False
A0A2W1JIN1	4.55	Acaryochloris thomasi	False
F8IET2	4.84	Alicyclobacillus acidocaldarius	False
B2V7Y0	5.21	unclassified Sulfurihydrogenibium	False
A0A7C0Z5X2	4.99	Pseudomonadati	False
A0A7Y3XGE1	4.96	Planctomycetota bacterium	False
A0A9D6INY1	4.63	Acidobacteriota bacterium	False
A0A7Y5W8K9	4.94	Phycisphaerales bacterium	False
A0A927C5T6	4.38	Paenibacillus oceani	False
A0A6L9LVP6	4.59	Pseudodesulfovibrio sp. JC047	False
A0M786	4.92	Christiangramia forsetii	False
A0A7R6VKH7	5.01	Nitratiruptor sp. YY09-18	False
X1PFY1	4.87	marine sediment metagenome	False
A0A0X2NQ61	4.52	Corynebacterium variabile	False
A0A559K5A7	4.43	Paenibacillus cremeus	False
A0A972H149	4.44	Paenibacillus foliorum	False
A0A972ZAP5	4.73	Actinomycetota bacterium	False
A0A924WHR8	4.54	Saprospiraceae bacterium	False
A0A4P5X5I9	4.58	Phycisphaerae bacterium	False
A0A1V4QTS9	4.76	Planctomycetales bacterium 4484_113	False
A0A2N5MDP4	4.32	Bacillus sp. V5-8f	False
A0A1G6CSF3	5.93	Desulfonatronum thiosulfatophilum	False
A0A1G0L4B9	4.70	unclassified Gemmatimonadota	False
A0A916QCM8	4.38	Insulibacter thermoxylanivorax	False
A0A4Q7FFB9	5.08	Bradyrhizobium genosp. SA-3	False
A0A2W6BRS7	4.87	Acidimicrobiales bacterium	False
B5Y862	4.82	Coprothermobacter proteolyticus	False
A0A966CXF3	4.82	Deltaproteobacteria bacterium	False
A0A2T2WME5	4.56	Sulfobacillus acidophilus	False
A0A9D2GU06	4.89	Mucispirillum	False
A0A2K9NC13	4.87	Niveispirillum cyanobacteriorum	False
A0A971AAW0	4.68	candidate division WS1 bacterium	False
A0A928AJ37	4.13	Rikenellaceae bacterium	False
A0A7C5VXG7	4.74	Bacteria	False
A0AA35TMD8	4.60	Geodia barretti	False
A0AAE6BFM7	4.95	Agrobacterium	False
A0A9D8DAJ8	4.46	Actinomycetota bacterium	False
A0A3D6DN83	4.46	Accumulibacter sp.	False
A0A357AWL3	4.52	Desulfovibrio sp.	False
A0A3B8XY89	4.32	Cyanothece sp. UBA12306	False
A0A5C4T051	4.47	Paenibacillus	False
A0A1G6GDH8	4.58	Raineyella antarctica	False
A0A8T4FLR3	4.49	Candidatus Methanomethylophilaceae archaeon	False
A0A933UTR5	4.56	Rhodospirillales bacterium	False
B2IEX5	4.92	Beijerinckia indica	False
A0A1J4SZ19	4.58	unclassified Elusimicrobiota	False
A0A2N0LTR9	4.75	SAR202 cluster bacterium Io17-Chloro-G7	False
A0A933B1B6	4.58	Omnitrophica bacterium	False
A0A7V6B742	5.00	Deltaproteobacteria bacterium	False
A0A6A7L5U3	4.45	Luteitalea sp.	False
A0A7C6JHB0	5.13	Alcaligenaceae bacterium	False
X1MT21	4.58	marine sediment metagenome	False
A0A2E5G897	4.68	Phycisphaeraceae bacterium	False
A0A1G4AKD1	4.87	Verrucomicrobia bacterium RIFCSPLOWO2_12_FULL_64_8	False
A5INN0	5.14	Thermotogae	False
A0A3N9MLR6	4.39	Calditrichota	False
A0A6L8V169	4.52	Paenibacillus silvestris	False
A0A978SZ92	4.93	unclassified Oscillatoriaceae	False
A0A969MXU3	4.91	Oscillatoriales cyanobacterium RM1_1_9	False
M1WPY3	4.46	Pseudodesulfovibrio piezophilus	False
A0A3A4VEX3	4.95	Dehalococcoidia bacterium	False
E8R2X0	4.69	Isosphaera pallida	False
B1L8P0	5.23	unclassified Thermotoga	False
A0A832PUY8	4.75	Pseudomonadati	False
B1XKN2	4.65	Picosynechococcus sp. (strain ATCC 27264 / PCC 7002 / PR-6)	False
A0A927BV08	4.44	Paenibacillus sabuli	False
A0A518ES18	4.73	Saltatorellus ferox	False
A0A961AAJ9	5.21	Bacteria	False
A0A2W1LE48	4.31	Paenibacillus sambharensis	False
A8F5K4	4.87	Pseudothermotoga	False
A0A7V3HNY4	4.57	bacterium	False
A0A6M0BJ81	4.69	Moorena sp. SIO3I6	False
A0A1G2ZFG7	4.47	Planctomycetes bacterium RBG_16_43_13	False
A0A7W0I4T6	4.49	Paenibacillus	False
A0A5C8M1P5	4.40	Paenibacillus sp. N3.4	False
A0A387G2W6	4.50	Martinezella jaguaris	False
Q9X037	5.18	Thermotoga	False
A0A831U6D5	4.25	Thermus islandicus	True
A0A1I3UI47	4.93	Bradyrhizobium sp. Gha	False
Q2VZZ9	4.99	Paramagnetospirillum magneticum	False
A0A3B9N7L2	4.79	Bacteroidales bacterium	False
A3ITB4	5.04	Crocosphaera chwakensis	False
Q3Z8B5	5.14	Dehalococcoides	False
Q55382	5.32	cellular organisms	False
B9KA30	4.95	Thermotoga neapolitana	False
H0HXF5	4.55	Allomesorhizobium alhagi	False
A0A1K1LGH8	4.53	Desulfovibrio piger	False
A0A7Z7YS82	4.55	Staphylococcus capitis	False
A0A0Q1ATI6	5.03	Desulfuromonas sp. SDB	False
A0A1Z8ZQ59	4.78	Verrucomicrobiales	False
A0AAN1BLP5	4.45	Rhizobium etli	False
A6LJQ5	5.15	Thermosipho melanesiensis	False
Q6MHH9	5.21	Bdellovibrio bacteriovorus	False
A0A9E5L3M9	4.18	Bacteroidota bacterium	False
A0A7Y3NQ83	4.57	Candidatus Parcubacteria bacterium	False
A0A2G9YC34	4.48	bacterium (Candidatus Ratteibacteria) CG23_combo_of_CG06-09_8_20_14_all_48_7	False
A0A3N5JIY2	4.45	Calditrichota bacterium	False
A0A075WV36	4.93	Thermodesulfobacterium	False
A0A0E3UJD2	5.02	Verrucomicrobia bacterium IMCC26134	False
A0A2E4IX17	4.54	Bacteria	False
A0A6V8EQN5	4.66	Candidatus Poseidoniales	False
A0A552Q3D0	4.82	Chroococcales	False
A0A377PT88	4.72	Helicobacter muridarum	False
B6IPF8	4.59	Rhodospirillum centenum	False
A0A7X7KAP5	4.45	Actinomycetales bacterium	False
A0A8J2XBT4	4.80	Chroococcus sp. FPU101	False
A0A2M8G0J9	4.53	unclassified Deltaproteobacteria	False
A0A933Y2C7	4.60	Planctomycetota bacterium	False
A0A843TAS5	4.82	Gemmatimonas sp.	False
A0A7C3X7I4	4.47	Actinomycetota	False
A0A7C7KQF6	4.79	Aquificota bacterium	False
A0A7C4G088	4.54	Bryobacteraceae bacterium	False
A0A6P0MLT0	4.75	Symploca sp. SIO2C1	False
A0A9D5KBE0	4.19	candidate division WOR-3 bacterium	False
B7K6Z1	4.91	Gloeothece citriformis	False
A0A917KBM4	4.56	Paenalicyclobacillus cellulosilyticus	False
A0A975EKR1	4.42	Akkermansiaceae bacterium	False
A0A2M7XEQ0	4.89	Candidatus Uhrbacteria bacterium CG_4_9_14_3_um_filter_50_9	False
A0A7C5UIX6	4.49	Bacteria	False
A0A6I3IIF2	4.59	Arsenicicoccus cauae	False
A0A7V1EH44	4.33	candidate division WOR-3 bacterium	False
B7IG50	4.81	Thermosipho	False
B8IZG2	5.47	Desulfovibrio	False
A0A939WKR8	4.45	Kiritimatiellia bacterium	False
A0A2P1PQP6	4.72	Ahniella affigens	False
A0A2G6DUA4	4.57	Micrococcales bacterium	False
B2HPX5	4.39	Mycobacterium ulcerans group	False
B1WSW1	4.93	Cyanophyceae	False
A0A974YEU8	4.32	Microvirga sp. VF16	False
A0A1Q4R5C6	4.66	[Limnothrix rosea] IAM M-220	False
A0A7Y2G3H6	4.54	Rhodothermales bacterium	True
A0A5R9G688	4.48	Paenibacillus antri	False
Q3ZXG1	4.46	Dehalococcoides	False
A0A1G1DH05	4.48	Nitrospinae bacterium RIFCSPLOWO2_01_FULL_39_10	False
A0A2D6ZY61	4.76	Rickettsiales bacterium	False
A0AAE3HJ88	4.31	Methylohalomonas lacus	False
A0A7Y4WIX9	4.61	Planctomycetota bacterium	False
A0A4S4BPA3	4.39	Cohnella fermenti	False
A0A9E6R4U3	4.63	Chenggangzhangella methanolivorans	False
A0A351AF89	3.60	Armatimonadota	False
A0A6I7PYT5	4.62	Bradymonadales bacterium	False
A0A8S8XSL9	5.08	Methanobacteriota archaeon	False
A0A1M6NCU1	3.83	Reichenbachiella	False
A0A6M0FD74	4.79	unclassified Okeania	False
A0A1G1HLN3	4.48	unclassified Nitrospirota	False
A0A4U8TIX4	4.83	Helicobacter muridarum	False
A0A1V5KZ57	4.53	bacterium ADurb.Bin478	False
A0A2M9LDW1	4.71	Kitasatospora	False
A0A843JPN2	4.96	Candidatus Methanomethylophilaceae archaeon	False
A0A1Y0H1Z5	4.92	Armatimonadetes bacterium Uphvl-Ar1	False
A0AA35RRQ6	4.36	Geodia barretti	False
A0A934RRZ2	4.75	Roseibacillus ishigakijimensis	False
A0A352W1V2	4.39	Spirochaetia bacterium	False
M1WT79	4.90	Richelia intracellularis	False
A0A1I6NSD9	4.54	Marininema halotolerans	False
A0A969JK96	4.64	Gammaproteobacteria bacterium	False
A0A6P0X207	4.55	Caldora sp. SIO3E6	False
Q5NF56	4.97	synthetic construct; Francisella tularensis	False
A0A948SQQ3	4.72	Phycisphaerales bacterium	False
A0A8T3RS54	4.38	Gammaproteobacteria bacterium	False
A0A350M1E9	4.46	bacterium	False
A0A946TX58	4.53	Verrucomicrobiales	False
A5YSZ1	4.61	uncultured haloarchaeon	False
J2ZMY5	4.37	Brevibacillus sp. BC25	False
Q8U9Q9	5.63	Agrobacterium tumefaciens complex	False
A0A1C3RF24	4.80	Terasakiella magnetica	False
A0A6L6VFG8	4.42	Gillisella vitis	False
A4IWW4	4.76	synthetic construct; Francisella tularensis	False
A0A847B0I0	4.43	Elusimicrobiota bacterium	False
A0A7W2AH88	4.43	Thermoactinomyces	False
A0A7V3AG74	4.73	Planctomycetota bacterium	False
A0A2V5YTI1	4.36	Verrucomicrobiota bacterium	False
A0A933WRI8	4.52	Nitrospirota bacterium	False
A0A2R6T866	4.18	archaeon SCG-AAA382B04	False
Q0BMQ7	5.06	Francisella	False
A0A660SI28	4.84	candidate division WOR-3 bacterium	False
A0A212KLL9	4.81	uncultured Alphaproteobacteria bacterium	False
Q14GK9	5.07	synthetic construct; Francisella tularensis	False
A0A117LBH8	4.55	Thermacetogenium phaeum	False
A0A2E4RJ95	4.92	Methanobacteriota archaeon	False
A0A2S2DS19	4.40	Aquirufa nivalisilvae	False
A0A1F9XCE1	4.61	Elusimicrobia bacterium RIFOXYB2_FULL_50_12	False
A0A917I5F2	4.52	Alsobacter metallidurans	False
Q2A4C8	5.11	Francisella	False
A0A353BBM3	4.38	Planctomycetaceae bacterium	False
A0A359G521	4.34	Alistipes sp.	False
Q18HQ3	4.93	Haloquadratum walsbyi	False
A0A7V2V0E7	4.51	Planctomycetota bacterium	False
A0A831WXD7	4.85	Gemmataceae bacterium	False
B0JNW2	4.44	Microcystis	False
A0A1G2DY75	4.48	Candidatus Nealsonbacteria bacterium RBG_13_37_56	False
A0A389M220	4.61	Gammaproteobacteria bacterium	False
A0A315EME4	4.31	Limnohabitans sp. Rim8	False
A0A6A8QMG4	4.49	Telmatospirillum sp.	False
A0A1X6P9R9	5.03	Porphyra umbilicalis	False
A0Q7L4	4.92	Francisella tularensis	False
A0A971GZQ6	4.66	Tissierellia bacterium	False
A0A7J4USM7	4.89	Methanobacteriota	False
A0A939HR71	4.48	unclassified Hormoscilla	False
Q83EA4	5.02	Coxiella burnetii	False
A0A8T4S8P2	4.88	Candidatus Woesearchaeota archaeon	False
A0A371QWI8	5.15	Pyrobaculum aerophilum	False
A0A961GKB1	4.49	Acidimicrobiales bacterium	False
W5Y3N3	4.95	Corynebacterium vitaeruminis	False
A0AAE9Z3B5	4.78	Thalassomonas viridans	False
A0A4U3KXX0	4.46	Ilyomonas limi	False
A0A2G9ZB13	4.94	Unclassified Bacteria	False
A0A2P9AGB9	5.27	Mesorhizobium delmotii	False
A0A502GCH1	4.56	Ewingella americana	False
A0A537FM12	4.18	Candidatus Bathyarchaeota archaeon	False
A0A9D9KYD2	4.89	Oscillospiraceae bacterium	False
Q118E6	4.22	Trichodesmium	False
A0A7Y7CN84	4.41	Alphaproteobacteria bacterium	False
A0A7C4YR40	4.70	bacterium	False
A0A937IL27	4.83	Rhodospirillales bacterium	False
G7VEE1	4.44	Pyrobaculum ferrireducens	False
A1RUA9	4.93	Pyrobaculum islandicum	False
A0A258FBX6	4.44	Hydrogenophilales bacterium 32-62-9	False
X1HSN6	4.03	marine sediment metagenome	False
G8SAU3	4.32	Actinoplanes sp. (strain ATCC 31044 / CBS 674.73 / SE50/110)	False
A0AAE0RZH4	4.43	Potamilus streckersoni	False
A0A7X7GE77	4.46	Actinomycetota	False
A0A2E7MXB7	4.48	Fidelibacterota bacterium	False
A0A9N8HYZ6	5.13	Seminavis robusta	False
A0A251XP31	4.59	Clavibacter michiganensis subsp. michiganensis	False
A0A1V6B5S1	4.65	Bacteroidetes bacterium ADurb.Bin145	False
A0A9D2AX88	4.58	Candidatus Sphingobacterium stercoripullorum	False
A0A965CE52	4.37	Methylophilaceae bacterium	False
A0A959TJE5	4.66	Flavobacteriales bacterium	False
A0A512D522	4.25	Terrabacter aerolatus	False
A0A3E0NDN9	3.87	Planctomycetota bacterium	False
A0A9N8DZ52	4.55	Seminavis robusta	False
A0A3M1SAZ3	4.55	Nitrospirota bacterium	False
A0A833KZW1	4.32	Candidatus Saganbacteria bacterium	False
A0A9E4H8I9	4.63	Dehalococcoidia bacterium	False
A0A6B3N2X4	4.48	Moorena sp. SIO4A1	False
A0A9E5QSF6	4.67	Synechococcaceae cyanobacterium SM2_3_60	False
A0A5Q3L567	4.60	Planctomycetales bacterium 10988	False
A0A953BDI4	4.59	Phycisphaeraceae bacterium	False
A0A2N9VT76	4.74	Phyllobacterium zundukense	False
A0A537KC32	4.34	Bacteroidota bacterium	False
A0A382C2T8	4.30	marine metagenome	False
X5ZUW8	4.52	Mesorhizobium sp. LNJC395A00	False
A0A7X9CCH9	4.64	Actinomycetales bacterium	False
A0ABD5DG65	4.32	Acinetobacter baumannii	False
G2FK10	4.32	Desulfosporosinus sp. OT	False
A0A354FBL7	4.44	Peptococcaceae bacterium	False
A0A9E2LPF8	4.43	Pseudomonadota bacterium	False
A0A3D9SMZ6	4.50	Paenibacillus taihuensis	False
A0A838HPC6	4.82	Gemmatimonadota bacterium	False
A0A4V1SKP4	4.33	Sphingobacteriales bacterium	False
A0A3D3FEI4	4.25	Oscillospiraceae bacterium	False
A0A4Q3CWU5	4.29	Sphingobacteriales bacterium	False
A0AAP2DSP8	4.56	Dawidia cretensis	False
A0A947IUD5	4.33	Margulisiibacteriota bacterium	False
A0A328TRI2	3.90	Candidatus Erwinia dacicola	False
A0A348ZKH7	4.49	Eubacterium sp.	False
A0A9X2E0X7	4.78	Rathayibacter rubneri	False
A0A1R0KFQ7	4.64	Amycolatopsis coloradensis	False
J9R8L9	4.10	Riemerella anatipestifer	False
A0A535CBE3	4.25	Chloroflexota bacterium	False
M3IDC8	4.62	Leptospira interrogans	False
A0A2V5V3P5	4.57	Verrucomicrobiota bacterium	False
A0A5R2N031	4.55	Mesorhizobium sp. M2D.F.Ca.ET.145.01.1.1	False
A0A6N2UY69	4.20	Akkermansiaceae	False
X0SHK5	4.61	marine sediment metagenome	False
U5C5F7	4.45	Rhodonellum psychrophilum	False
A0A380FKC6	4.44	Staphylococcus gallinarum	False
A0A0K2RLG3	4.24	Arthrobacter sp. Hiyo8	False
A0A4Q3TUH4	4.60	Caulobacteraceae bacterium	False
Q21QU6	4.34	Rhodoferax ferrireducens	False
A0A3D5NJT8	4.68	Gammaproteobacteria bacterium	False
A0A7J4VAU6	4.51	Chlorobiota bacterium	False
A0A1G3BSJ9	4.50	Planctomycetes bacterium RIFCSPHIGHO2_12_42_15	False
A0A9D8HKM7	4.33	Actinomycetota bacterium	False
A0A7V4HIS7	4.39	Lentisphaerota bacterium	False
A0A259GRH8	4.48	Methylophilales bacterium 39-45-7	False
A0A970CIU2	4.49	Syntrophomonadaceae bacterium	False
A0A6P0N529	4.22	Moorena sp. SIO3C2	False
A0A853KAJ9	4.36	Ferroacidibacillus organovorans	False
A0A1Q7WAW2	4.46	Actinobacteria bacterium 13_1_20CM_3_71_11	False
A0A2M8PJP7	4.38	Chloroflexota	False
A0A6M0AXB9	4.42	Moorena sp. SIO4G2	False
A0A238DJU6	10.80	Thiomonas sp. X19	False
A0A3L7PZ50	4.47	Planctomycetota bacterium	False
