job_A	LevyLab_P0A792_V1_3_relaxed_B	100	118	1	118	1	118	2.556e-20	811	1	1.0	0.9365	
job_A	ModelArchive_ma-low-csi-0084_B	13.6	88	11	95	24	107	0.003497	121	1	0.7458	0.1092	
job_A	Predictome_04fvido_ASTE1_HUMAN__AFG2A_HUMAN__1572aa_unrelaxed_af2mv3_model_1_B	15	93	7	87	43	131	0.009245	111	1	0.7881	0.1041	
job_A	LevyLab_Q8U0I2_V1_5_relaxed_B	19.3	88	11	94	1	83	0.03072	82	0.988	0.7458	0.175	
job_A	ProtVar_O76064_Q92890_B	10.2	98	2	89	18	114	0.04089	74	0.961	0.8305	0.3192	
job_A	ModelArchive_ma-bak-cepc-0687_A	7	99	1	89	21	116	0.1145	63	0.837	0.839	0.2742	
job_A	LevyLab_P46459_V1_4_relaxed_B	9.9	101	2	95	3	87	0.09106	62	0.817	0.8559	0.1358	
job_A	ProtVar_O43933_Q13608_A	10.8	92	2	86	14	94	0.1613	62	0.817	0.7797	0.0717	
job_A	ProtVar_P24390_Q92890-1_B	8.8	135	1	89	19	150	0.06102	60	0.772	1.1441	0.3936	
job_A	ModelArchive_ma-ji6ro_B	10.9	119	7	91	807	920	0.1145	59	0.747	1.0085	0.1269	
job_A	ModelArchive_ma-rap-bacsu-112_B	8.6	138	9	100	339	471	0.4264	52	0.537	1.1695	0.1151	
job_A	ProtVar_P63104_Q8CZY0_B	10.3	135	10	91	580	708	0.6738	47	0.382	1.1441	0.1907	
job_A	ProtVar_O14802_O15160-2_A	7.4	67	38	99	454	518	0.7135	44	0.301	0.5678	0.0482	
job_A	ProtVar_Q7Z3K3_Q9X6B6_B	9.3	75	11	70	704	776	1.886	41	0.233	0.6356	0.0911	
job_A	ProtVar_O75140_Q8WTW4_A	11.3	106	5	97	5	94	0.8968	39	0.196	0.8983	0.0661	
job_A	ModelArchive_ma-cww19_N	10.2	147	8	104	514	652	1.006	38	0.179	1.2458	0.1056	
job_A	LevyLab_Q8X639_V1_3_relaxed_B	11.5	78	37	104	201	276	0.2699	33	0.116	0.661	0.2737	
job_A	LevyLab_Q8X8P4_V1_1_relaxed_B	11.7	85	28	91	214	298	2.51	31	0.098	0.7203	0.2833	
job_A	ModelArchive_ma-mrryl_D	7.7	77	32	100	469	539	1.781	31	0.098	0.6525	0.0608	
job_A	LevyLab_Q8XC52_V1_4_relaxed_B	14	64	39	96	125	182	2.371	30	0.09	0.5424	0.3459	
job_A	ProtVar_Q6AHZ1_Q81WM3_B	11.6	112	1	92	588	681	1.417	29	0.082	0.9492	0.1633	
job_A	ProtVar_P43897_P46199_B	12.1	115	1	93	617	717	0.8968	29	0.082	0.9746	0.1582	
job_A	LevyLab_Q8U0X0_V1_3_relaxed_B	25.8	31	30	60	4	34	2.658	27	0.069	0.2627	0.0708	
job_A	ModelArchive_ma-hxt70_A	7.4	67	38	99	428	492	5.28	27	0.069	0.5678	0.0463	
job_A	ModelArchive_ma-rap-bacsu-106_A	9.6	104	1	97	2	92	3.341	26	0.063	0.8814	0.5977	
job_A	LevyLab_P0AE38_V1_5_relaxed_B	8.8	90	2	86	272	334	2.51	24	0.051	0.7627	0.2616	
job_A	ModelArchive_ma-bak-cepc-0191_B	10.7	102	1	88	24	95	2.98	23	0.045	0.8644	0.1973	
job_A	ProtVar_O00590_Q99720-2_B	8.9	56	41	92	110	151	6.268	22	0.04	0.4746	0.2759	
job_A	LevyLab_Q8XDK9_V1_2_relaxed_B	7.8	114	4	102	10	98	2.371	21	0.034	0.9661	0.4207	
job_A	LevyLab_A0A0H3JG53_V1_3_relaxed_B	9.8	51	38	86	46	95	7.878	21	0.034	0.4322	0.1116	
job_A	ProtVar_Q93096_Q9H8M5-2_B	9.6	104	38	99	688	791	2.239	21	0.034	0.8814	0.1219	
job_A	LevyLab_Q8X4L0_V1_3_relaxed_B	10.7	112	30	114	217	317	3.156	19	0.024	0.9492	0.2909	
job_A	ProtVar_O14498_Q7Z333-3_B	8.9	89	26	91	1793	1880	7.441	19	0.024	0.7542	0.0337	
job_A	ModelArchive_ma-k1ufx_D	11.5	78	39	95	67	141	5.59	18	0.02	0.661	0.5417	
job_A	ProtVar_O00590_Q99720_B	9	55	41	92	130	171	7.878	18	0.02	0.4661	0.2466	
job_A	LevyLab_P0ABB6_V1_1_relaxed_B	17.2	87	5	85	1	69	7.878	18	0.02	0.7373	0.1891	
job_A	LevyLab_P60873_V1_3_relaxed_A	14.6	89	2	89	289	347	8.833	17	0.016	0.7542	0.1609	
job_A	ProtVar_Q86TG7_Q9BWD3_A	9	121	4	85	348	464	6.636	17	0.016	1.0254	0.1709	
job_A	LevyLab_Q8XCK1_V1_3_relaxed_B	14.1	85	28	104	251	331	7.441	16	0.014	0.7203	0.2196	
job_A	ProtVar_P01308_P15313_B	10.1	99	12	91	38	109	7.878	16	0.014	0.839	0.193	
job_A	ModelArchive_ma-t3vr3-818_B	9.3	96	30	100	117	212	9.353	15	0.011	0.8136	0.4465	
job_A	ProtVar_P58166_Q99619_A	8.7	114	4	103	119	205	7.027	15	0.011	0.9661	0.3257	
job_A	LevyLab_P0ABH2_V1_3_relaxed_B	7.1	112	1	99	89	169	9.903	15	0.011	0.9492	0.2667	
job_A	ProtVar_Q6PCB0_Q9Y2B0_A	10.1	89	43	110	365	445	9.353	15	0.011	0.7542	0.2	
job_A	ProtVar_Q96FT7_Q9NRU3_B	9.5	115	38	99	673	787	8.833	15	0.011	0.9746	0.1209	
job_A	ProtVar_P78552_Q9UMR7_A	11.5	52	43	94	261	300	8.833	14	0.01	0.4407	0.1218	
