job_A	MGYP000663418353.pdb.gz	61.8	118	1	118	1	118	1.309e-15	657	1	1.0	0.9365	
job_A	MGYP002624301405.pdb.gz	59.1	115	1	115	1	115	7.279e-15	626	1	0.9746	0.9664	
job_A	MGYP003558629309.pdb.gz	57.7	116	1	116	1	116	1.15e-14	622	1	0.9831	0.9134	
job_A	MGYP002153357048.pdb.gz	55.1	116	1	116	16	131	1.817e-14	610	1	0.9831	0.8227	
job_A	MGYP000712290244.pdb.gz	58.1	117	1	117	1	117	1.924e-14	606	1	0.9915	1.0	
job_A	MGYP003379816952.pdb.gz	61.2	116	1	116	1	116	1.817e-14	605	1	0.9831	0.9134	
job_A	MGYP000318103955.pdb.gz	53	115	1	115	1	115	4.047e-14	604	1	0.9746	1.0	
job_A	MGYP000684059130.pdb.gz	53.5	114	1	114	1	114	4.804e-14	602	1	0.9661	0.958	
job_A	MGYP000920840783.pdb.gz	57.3	115	1	115	23	137	5.386e-14	600	1	0.9746	0.8156	
job_A	MGYP001056050630.pdb.gz	53.3	120	1	117	39	158	1.15e-14	599	1	1.0169	0.7317	
job_A	MGYP000713488576.pdb.gz	50.4	115	1	115	1	115	5.087e-14	595	1	0.9746	0.9914	
job_A	MGYP003749573623.pdb.gz	53	115	1	115	1	115	3.409e-14	594	1	0.9746	0.9914	
job_A	MGYP002656006116.pdb.gz	59.3	118	1	118	1	118	3.822e-14	594	1	1.0	0.9365	
job_A	MGYP003327014575.pdb.gz	53.9	115	1	115	1	115	7.169e-14	593	1	0.9746	0.8582	
job_A	MGYP000591817579.pdb.gz	57.7	116	1	116	8	123	8.511e-14	587	1	0.9831	0.928	
job_A	MGYP001348245762.pdb.gz	58.9	117	1	117	14	130	9.542e-14	586	1	0.9915	0.8731	
job_A	MGYP000712222559.pdb.gz	55	118	1	115	1	118	3.822e-14	585	1	1.0	0.9916	
job_A	MGYP002793663010.pdb.gz	54.7	115	1	115	1	115	8.511e-14	585	1	0.9746	0.8647	
job_A	MGYP001103618473.pdb.gz	49.5	115	1	115	1	115	5.703e-14	584	1	0.9746	1.0	
job_A	MGYP001308197836.pdb.gz	51.3	115	1	115	1	115	1.199e-13	584	1	0.9746	1.0	
job_A	MGYP000719230548.pdb.gz	56.1	114	1	114	1	114	7.169e-14	583	1	0.9661	0.9661	
job_A	MGYP000645068468.pdb.gz	52.6	114	1	114	1	114	6.039e-14	583	1	0.9661	0.9344	
job_A	MGYP003575466384.pdb.gz	53.9	115	1	115	42	156	1.895e-13	580	1	0.9746	0.7233	
job_A	MGYP001422121323.pdb.gz	51.2	121	1	118	49	169	2.157e-14	580	1	1.0254	0.6954	
job_A	MGYP003322920064.pdb.gz	47.9	121	1	118	1	121	3.219e-14	578	1	1.0254	0.7516	
job_A	MGYP002572355671.pdb.gz	53.9	115	1	115	1	115	1.895e-13	577	1	0.9746	1.0	
job_A	MGYP001817225142.pdb.gz	50.4	115	1	115	1	115	1.345e-13	577	1	0.9746	0.9914	
job_A	MGYP000375818775.pdb.gz	52.8	121	1	118	28	148	3.041e-14	577	1	1.0254	0.7857	
job_A	MGYP001151108538.pdb.gz	48.6	115	1	115	1	115	1.508e-13	576	1	0.9746	1.0	
job_A	MGYP001092925704.pdb.gz	53	115	1	115	1	115	1.01e-13	576	1	0.9746	0.9583	
job_A	MGYP000981740537.pdb.gz	52	121	1	118	8	128	5.087e-14	576	1	1.0254	0.8521	
job_A	MGYP000627243117.pdb.gz	52.5	118	1	118	1	118	6.394e-14	575	1	1.0	0.9219	
job_A	MGYP000158446366.pdb.gz	52.5	116	1	116	1	116	1.69e-13	574	1	0.9831	0.9206	
job_A	MGYP000922309069.pdb.gz	45.7	118	1	118	1	118	1.69e-13	574	1	1.0	0.9008	
job_A	MGYP001425965118.pdb.gz	54.3	116	3	118	2	117	1.79e-13	574	1	0.9831	0.8855	
job_A	MGYP003983860531.pdb.gz	50.8	116	1	116	1	116	1.69e-13	572	1	0.9831	0.9748	
job_A	MGYP001328647784.pdb.gz	51.3	115	1	115	1	115	2.382e-13	571	1	0.9746	1.0	
job_A	MGYP003573567219.pdb.gz	51.3	115	1	115	1	115	2.523e-13	569	1	0.9746	0.9914	
job_A	MGYP001329481488.pdb.gz	53.9	113	1	113	1	113	2.25e-13	568	1	0.9576	1.0	
job_A	MGYP001390797120.pdb.gz	44.3	115	1	115	1	115	2.523e-13	567	1	0.9746	1.0	
job_A	MGYP001571684861.pdb.gz	44.3	115	1	115	1	115	3.171e-13	567	1	0.9746	1.0	
job_A	MGYP000453956768.pdb.gz	50	116	1	116	1	116	1.508e-13	567	1	0.9831	1.0	
job_A	MGYP001825260310.pdb.gz	48.6	115	1	115	1	115	2.125e-13	567	1	0.9746	0.9914	
job_A	MGYP000342714147.pdb.gz	44.3	115	1	115	1	115	2.523e-13	567	1	0.9746	0.9583	
job_A	MGYP003391257552.pdb.gz	52.1	115	1	115	1	115	2.25e-13	567	1	0.9746	0.9274	
job_A	MGYP002661734308.pdb.gz	53.7	121	1	118	36	156	5.703e-14	567	1	1.0254	0.7516	
job_A	MGYP000400674313.pdb.gz	48.6	115	1	115	1	115	2.995e-13	566	1	0.9746	0.8915	
job_A	MGYP003228010955.pdb.gz	47.4	116	1	116	1	116	3.555e-13	565	1	0.9831	0.7296	
job_A	MGYP003586476575.pdb.gz	53.7	121	1	118	35	155	7.169e-14	564	1	1.0254	0.7246	
job_A	MGYP001604883903.pdb.gz	47.8	115	1	115	1	115	4.732e-13	562	1	0.9746	1.0	
job_A	MGYP001821858063.pdb.gz	53.2	109	1	109	1	109	2.382e-13	562	1	0.9237	0.7569	
job_A	MGYP001012170205.pdb.gz	50.4	121	1	118	37	157	6.771e-14	562	1	1.0254	0.7469	
job_A	MGYP000075344152.pdb.gz	54.5	121	1	118	58	178	6.394e-14	562	1	1.0254	0.6612	
job_A	MGYP003576472188.pdb.gz	45.7	118	1	118	1	118	4.22e-13	561	1	1.0	0.9916	
job_A	MGYP000223272754.pdb.gz	50	118	1	118	1	118	2.995e-13	561	1	1.0	0.9916	
job_A	MGYP001402378845.pdb.gz	45.2	117	1	117	1	117	1.69e-13	561	1	0.9915	0.9141	
job_A	MGYP000269686265.pdb.gz	45.6	116	1	116	1	116	3.986e-13	560	1	0.9831	0.9831	
job_A	MGYP004003979281.pdb.gz	50.4	115	1	115	1	115	2.995e-13	560	1	0.9746	0.7099	
job_A	MGYP001403706410.pdb.gz	50.4	115	1	115	1	115	5.617e-13	559	1	0.9746	0.9746	
job_A	MGYP001294902899.pdb.gz	53.2	109	1	109	1	109	3.555e-13	558	1	0.9237	1.0	
job_A	MGYP000022163062.pdb.gz	49.5	121	1	118	1	121	9.542e-14	558	1	1.0254	0.938	
job_A	MGYP001825459011.pdb.gz	42.7	117	1	117	1	117	4.732e-13	557	1	0.9915	1.0	
job_A	MGYP000415487411.pdb.gz	50	114	1	114	1	114	5.305e-13	557	1	0.9661	0.9661	
job_A	MGYP001041294181.pdb.gz	50	120	1	118	26	145	3.555e-13	557	1	1.0169	0.7407	
job_A	MGYP002054898465.pdb.gz	52.1	115	1	115	10	124	5.305e-13	556	1	0.9746	0.8333	
job_A	MGYP000457085850.pdb.gz	50.8	118	1	117	1	118	4.22e-13	556	1	1.0	0.7329	
job_A	MGYP003316564074.pdb.gz	51.3	115	1	115	39	153	4.732e-13	556	1	0.9746	0.7012	
job_A	MGYP003570978910.pdb.gz	50	118	1	118	1	118	3.555e-13	555	1	1.0	0.9365	
job_A	MGYP000972457010.pdb.gz	47.3	114	1	114	1	114	4.22e-13	554	1	0.9661	0.9744	
job_A	MGYP001287226198.pdb.gz	45.3	119	1	118	1	119	6.298e-13	554	1	1.0085	1.0	
job_A	MGYP002725781318.pdb.gz	46.6	118	1	115	1	118	7.061e-13	554	1	1.0	0.9916	
job_A	MGYP001292661535.pdb.gz	45.2	115	1	115	1	115	6.298e-13	554	1	0.9746	0.92	
job_A	MGYP001475344962.pdb.gz	48.6	109	1	109	1	109	4.469e-13	553	1	0.9237	1.0	
job_A	MGYP000002897401.pdb.gz	50.8	114	1	114	1	114	1.181e-12	553	1	0.9661	0.9661	
job_A	MGYP000404276504.pdb.gz	45.7	118	1	118	1	118	5.01e-13	553	1	1.0	1.0	
job_A	MGYP001563532470.pdb.gz	44.3	115	1	115	1	115	6.298e-13	553	1	0.9746	0.9746	
job_A	MGYP003321794768.pdb.gz	50.9	108	1	108	1	108	5.617e-13	552	1	0.9153	1.0	
job_A	MGYP001598439181.pdb.gz	40.8	115	1	115	1	115	6.298e-13	552	1	0.9746	0.9914	
job_A	MGYP001601605517.pdb.gz	42.6	115	1	115	1	115	5.305e-13	552	1	0.9746	0.9914	
job_A	MGYP000356753217.pdb.gz	48.3	118	1	118	42	159	3.764e-13	552	1	1.0	0.7239	
job_A	MGYP000430457134.pdb.gz	61.8	110	1	110	38	147	2.007e-13	552	1	0.9322	0.6077	
job_A	MGYP001606821868.pdb.gz	47.8	115	1	115	4	118	7.917e-13	551	1	0.9746	0.92	
job_A	MGYP000638610917.pdb.gz	51.8	137	1	118	1	137	1.79e-13	551	1	1.161	0.8671	
job_A	MGYP000694238484.pdb.gz	45.2	115	1	115	1	115	5.948e-13	550	1	0.9746	0.9914	
job_A	MGYP000103159175.pdb.gz	44.4	117	1	117	1	117	7.917e-13	550	1	0.9915	1.0	
job_A	MGYP001376066264.pdb.gz	53.3	118	1	118	1	118	1.054e-12	550	1	1.0	1.0	
job_A	MGYP001060208049.pdb.gz	48.3	118	1	118	1	118	7.061e-13	550	1	1.0	1.0	
job_A	MGYP001787631810.pdb.gz	51.6	118	1	118	1	118	5.617e-13	550	1	1.0	0.9916	
job_A	MGYP000853111839.pdb.gz	47.9	121	1	118	1	121	2.007e-13	550	1	1.0254	0.938	
job_A	MGYP000164375132.pdb.gz	53	115	1	115	1	115	9.951e-13	550	1	0.9746	0.8582	
job_A	MGYP002724429324.pdb.gz	40	115	1	115	1	115	6.298e-13	549	1	0.9746	1.0	
job_A	MGYP001614325963.pdb.gz	39.3	117	1	117	1	117	8.383e-13	549	1	0.9915	1.0	
job_A	MGYP000697627011.pdb.gz	49.5	123	1	118	1	123	1.69e-13	549	1	1.0424	1.0	
job_A	MGYP000615536075.pdb.gz	48.7	121	1	118	1	121	1.895e-13	549	1	1.0254	0.9603	
job_A	MGYP000585587891.pdb.gz	50.9	110	1	110	47	156	5.305e-13	549	1	0.9322	0.7006	
job_A	MGYP000100161621.pdb.gz	46	113	1	113	1	113	1.054e-12	548	1	0.9576	0.876	
job_A	MGYP000436253957.pdb.gz	47.8	115	1	115	30	144	1.116e-12	548	1	0.9746	0.777	
job_A	MGYP002356366584.pdb.gz	57	114	5	118	1	114	4.22e-13	548	1	0.9661	0.7403	
job_A	MGYP002651831525.pdb.gz	48.3	120	1	117	57	176	2.523e-13	548	1	1.0169	0.6593	
job_A	MGYP001579751948.pdb.gz	41.7	115	1	115	3	117	8.876e-13	547	1	0.9746	0.9504	
job_A	MGYP003377599039.pdb.gz	51.2	119	3	118	35	153	1.424e-13	547	1	1.0085	0.7532	
job_A	MGYP001598327328.pdb.gz	52.5	116	1	116	1	116	1.181e-12	546	1	0.9831	0.9831	
job_A	MGYP000527034641.pdb.gz	48.7	121	1	118	1	121	1.69e-13	546	1	1.0254	0.9918	
job_A	MGYP001182013980.pdb.gz	46	115	1	115	1	115	9.951e-13	546	1	0.9746	0.7419	
job_A	MGYP001146782831.pdb.gz	43.4	115	1	115	1	115	8.876e-13	545	1	0.9746	0.9914	
job_A	MGYP000545342881.pdb.gz	41.7	115	1	115	1	115	8.383e-13	545	1	0.9746	0.9914	
job_A	MGYP000458403935.pdb.gz	41	117	1	117	1	117	8.876e-13	545	1	0.9915	1.0	
job_A	MGYP003382742344.pdb.gz	41.5	118	1	115	1	118	7.917e-13	545	1	1.0	1.0	
job_A	MGYP000423840645.pdb.gz	49.5	115	1	115	1	115	1.402e-12	545	1	0.9746	0.8214	
job_A	MGYP001415677350.pdb.gz	50.4	121	1	118	1	121	2.382e-13	544	1	1.0254	0.938	
job_A	MGYP002887363840.pdb.gz	52.1	115	1	115	35	149	8.876e-13	544	1	0.9746	0.7143	
job_A	MGYP000917350809.pdb.gz	44.9	118	1	118	1	118	5.948e-13	543	1	1.0	0.9916	
job_A	MGYP000856686651.pdb.gz	50.4	115	1	115	9	123	1.181e-12	543	1	0.9746	0.8456	
job_A	MGYP000609115953.pdb.gz	44.3	115	1	115	1	115	1.325e-12	542	1	0.9746	0.9914	
job_A	MGYP000480172304.pdb.gz	42.1	114	1	114	1	114	1.251e-12	542	1	0.9661	0.958	
job_A	MGYP000093056791.pdb.gz	54.4	123	1	118	1	123	1.508e-13	542	1	1.0424	0.9462	
job_A	MGYP003946117303.pdb.gz	47.3	114	1	114	1	114	1.116e-12	542	1	0.9661	0.8636	
job_A	MGYP001025664304.pdb.gz	47.4	118	1	118	24	141	5.305e-13	542	1	1.0	0.8138	
job_A	MGYP003440045299.pdb.gz	53.9	115	1	115	37	150	7.477e-13	542	1	0.9746	0.7667	
job_A	MGYP000883072472.pdb.gz	42.6	115	1	115	1	115	1.251e-12	541	1	0.9746	0.9914	
job_A	MGYP001490600771.pdb.gz	42.3	118	1	115	1	118	1.181e-12	541	1	1.0	0.9916	
job_A	MGYP000699270788.pdb.gz	47.1	121	1	118	39	159	3.986e-13	541	1	1.0254	0.7202	
job_A	MGYP002782525138.pdb.gz	41.7	115	1	115	1	115	1.116e-12	540	1	0.9746	0.9829	
job_A	MGYP003295157574.pdb.gz	45.2	115	1	115	1	115	1.116e-12	540	1	0.9746	0.9664	
job_A	MGYP002813486152.pdb.gz	49.5	119	1	116	3	121	5.617e-13	540	1	1.0085	0.9154	
job_A	MGYP000440973743.pdb.gz	51.2	121	1	118	39	159	2.671e-13	540	1	1.0254	0.7562	
job_A	MGYP000376677603.pdb.gz	46.6	120	1	117	1	120	4.732e-13	539	1	1.0169	1.0	
job_A	MGYP001809676018.pdb.gz	43.4	115	1	115	1	115	1.325e-12	539	1	0.9746	0.8984	
job_A	MGYP002738942707.pdb.gz	44.3	115	1	115	7	121	1.867e-12	539	1	0.9746	0.8915	
job_A	MGYP002619717580.pdb.gz	52.6	114	1	114	3	116	1.485e-12	539	1	0.9661	0.8507	
job_A	MGYP000678053849.pdb.gz	52.8	121	1	118	13	133	4.732e-13	539	1	1.0254	0.8521	
job_A	MGYP001568335654.pdb.gz	44.3	115	1	115	1	115	1.977e-12	538	1	0.9746	0.9914	
job_A	MGYP001082696806.pdb.gz	44.7	114	1	114	1	114	1.054e-12	538	1	0.9661	0.9661	
job_A	MGYP001048775435.pdb.gz	46.2	121	1	118	1	121	4.22e-13	538	1	1.0254	0.903	
job_A	MGYP000984397545.pdb.gz	52.3	107	1	107	1	107	1.181e-12	537	1	0.9068	0.9907	
job_A	MGYP001119428792.pdb.gz	53	113	3	115	2	114	1.181e-12	537	1	0.9576	0.9912	
job_A	MGYP001497146253.pdb.gz	42.6	115	1	115	1	115	1.977e-12	537	1	0.9746	0.9746	
job_A	MGYP001796485178.pdb.gz	51.2	119	1	118	18	136	1.763e-12	537	1	1.0085	0.8623	
job_A	MGYP003343117141.pdb.gz	38.5	114	1	114	1	114	1.867e-12	536	1	0.9661	0.9828	
job_A	MGYP001490889004.pdb.gz	44.3	115	1	115	1	115	1.867e-12	536	1	0.9746	0.9746	
job_A	MGYP000414163556.pdb.gz	49.1	120	1	117	1	120	4.469e-13	536	1	1.0169	1.0	
job_A	MGYP001287121213.pdb.gz	40.9	122	1	118	1	122	2.828e-13	536	1	1.0339	0.9242	
job_A	MGYP001139996924.pdb.gz	44.3	115	1	115	1	115	1.251e-12	535	1	0.9746	0.9914	
job_A	MGYP001201087438.pdb.gz	46	115	1	115	1	115	2.216e-12	535	1	0.9746	0.9746	
job_A	MGYP001320448728.pdb.gz	46.9	115	1	115	1	115	1.867e-12	535	1	0.9746	0.9664	
job_A	MGYP000564559727.pdb.gz	46.9	115	1	115	1	115	1.665e-12	535	1	0.9746	0.9664	
job_A	MGYP000228404206.pdb.gz	48.6	115	1	115	1	115	1.977e-12	535	1	0.9746	0.8582	
job_A	MGYP000290376861.pdb.gz	47.9	121	1	118	47	167	4.22e-13	535	1	1.0254	0.6994	
job_A	MGYP001559879655.pdb.gz	44.3	115	1	115	1	115	1.867e-12	534	1	0.9746	0.9914	
job_A	MGYP000561645559.pdb.gz	46	115	1	115	1	115	2.216e-12	534	1	0.9746	0.9914	
job_A	MGYP000498166249.pdb.gz	40.8	115	1	115	1	115	2.485e-12	534	1	0.9746	0.9583	
job_A	MGYP000300015266.pdb.gz	41.8	117	1	117	1	115	8.876e-13	533	1	0.9915	1.0174	
job_A	MGYP002683649790.pdb.gz	40.8	115	1	115	1	115	1.665e-12	533	1	0.9746	1.0	
job_A	MGYP001771016542.pdb.gz	43.8	114	1	114	1	114	2.346e-12	533	1	0.9661	0.9661	
job_A	MGYP000963490511.pdb.gz	46.9	113	3	115	2	114	1.402e-12	533	1	0.9576	0.9496	
job_A	MGYP000282913720.pdb.gz	40	115	1	115	1	115	2.093e-12	533	1	0.9746	0.9664	
job_A	MGYP001548782846.pdb.gz	50.4	121	1	118	1	121	6.669e-13	533	1	1.0254	0.9837	
job_A	MGYP003576238486.pdb.gz	50.4	115	1	115	22	136	1.402e-12	533	1	0.9746	0.7986	
job_A	MGYP001060991336.pdb.gz	41.3	121	1	118	42	162	7.061e-13	533	1	1.0254	0.7202	
job_A	MGYP000014694787.pdb.gz	50	114	1	114	52	165	1.402e-12	533	1	0.9661	0.6746	
job_A	MGYP001494345531.pdb.gz	45.9	122	1	118	50	171	2.828e-13	533	1	1.0339	0.674	
job_A	MGYP000262096574.pdb.gz	42.6	115	1	115	1	115	2.216e-12	532	1	0.9746	1.0	
job_A	MGYP002628003601.pdb.gz	46.5	116	1	116	1	116	1.763e-12	532	1	0.9831	0.9667	
job_A	MGYP000215212816.pdb.gz	52.5	116	1	115	1	116	1.977e-12	532	1	0.9831	0.8722	
job_A	MGYP000299510621.pdb.gz	46.2	121	1	118	38	158	8.383e-13	532	1	1.0254	0.7423	
job_A	MGYP001014743219.pdb.gz	47.8	115	1	115	44	158	2.093e-12	532	1	0.9746	0.7055	
job_A	MGYP001274810269.pdb.gz	40	115	1	115	1	115	1.867e-12	531	1	0.9746	0.9914	
job_A	MGYP000494623141.pdb.gz	39.4	114	1	114	1	114	1.977e-12	531	1	0.9661	0.9828	
job_A	MGYP000653862430.pdb.gz	38.2	115	1	115	1	115	2.216e-12	531	1	0.9746	0.9746	
job_A	MGYP000655916503.pdb.gz	41.7	115	1	115	1	115	2.786e-12	531	1	0.9746	0.9746	
job_A	MGYP000027919866.pdb.gz	48.6	115	1	115	1	115	2.346e-12	531	1	0.9746	0.9664	
job_A	MGYP001064211614.pdb.gz	46.9	115	1	115	1	115	2.216e-12	531	1	0.9746	0.9504	
job_A	MGYP001443613308.pdb.gz	38.4	117	1	117	7	123	2.093e-12	531	1	0.9915	0.9512	
job_A	MGYP002522875018.pdb.gz	48.6	113	1	113	15	127	1.054e-12	531	1	0.9576	0.8898	
job_A	MGYP003606556641.pdb.gz	47.9	121	1	118	1	121	4.469e-13	531	1	1.0254	0.9453	
job_A	MGYP000847814768.pdb.gz	42.1	114	1	114	1	114	2.786e-12	531	1	0.9661	0.8837	
job_A	MGYP003621543984.pdb.gz	51.7	112	1	112	1	112	1.181e-12	530	1	0.9492	1.0	
job_A	MGYP001260111501.pdb.gz	42.6	115	1	115	1	115	2.346e-12	530	1	0.9746	0.9914	
job_A	MGYP000443650856.pdb.gz	48.2	116	1	115	1	116	1.665e-12	530	1	0.9831	0.9831	
job_A	MGYP001769778750.pdb.gz	46.4	114	1	114	1	114	2.631e-12	530	1	0.9661	0.95	
job_A	MGYP000586211701.pdb.gz	45.6	116	1	115	1	116	2.093e-12	530	1	0.9831	0.9667	
job_A	MGYP001305244204.pdb.gz	48.6	115	1	115	1	115	2.093e-12	530	1	0.9746	0.8779	
job_A	MGYP001545175995.pdb.gz	51.2	121	1	118	1	121	7.477e-13	530	1	1.0254	0.6994	
job_A	MGYP001602490221.pdb.gz	42.6	115	1	115	1	115	1.665e-12	529	1	0.9746	0.9914	
job_A	MGYP001550464211.pdb.gz	45.6	114	1	114	1	114	3.501e-12	529	1	0.9661	0.958	
job_A	MGYP000069166787.pdb.gz	45.2	115	1	115	1	115	2.346e-12	529	1	0.9746	0.9583	
job_A	MGYP001148207864.pdb.gz	44.1	120	1	117	1	120	7.061e-13	529	1	1.0169	1.0	
job_A	MGYP000680325329.pdb.gz	43.7	112	1	112	1	112	2.786e-12	529	1	0.9492	0.8682	
job_A	MGYP000865983547.pdb.gz	46.6	120	1	117	1	120	1.116e-12	529	1	1.0169	0.916	
job_A	MGYP003326807103.pdb.gz	49.5	105	1	105	1	105	1.763e-12	528	1	0.8898	0.9545	
job_A	MGYP002870487096.pdb.gz	50.4	107	1	107	3	109	2.093e-12	528	1	0.9068	0.9727	
job_A	MGYP000020467249.pdb.gz	42.7	110	1	110	1	110	2.346e-12	528	1	0.9322	0.9821	
job_A	MGYP001226942860.pdb.gz	38.2	115	1	115	1	115	2.786e-12	528	1	0.9746	0.9914	
job_A	MGYP000309573967.pdb.gz	42.1	114	1	114	1	114	3.123e-12	528	1	0.9661	0.9661	
job_A	MGYP001398888243.pdb.gz	44.8	116	1	116	1	116	4.157e-12	527	1	0.9831	1.0	
job_A	MGYP001269066419.pdb.gz	48.2	112	3	114	2	113	1.977e-12	527	1	0.9492	0.9655	
job_A	MGYP001610705966.pdb.gz	44.4	117	1	117	1	117	1.763e-12	527	1	0.9915	1.0	
job_A	MGYP000218041369.pdb.gz	43.1	116	1	115	1	116	2.216e-12	527	1	0.9831	0.9915	
job_A	MGYP001218819113.pdb.gz	42.3	118	1	118	1	118	1.325e-12	527	1	1.0	1.0	
job_A	MGYP000689247603.pdb.gz	49.5	115	1	115	1	115	2.216e-12	527	1	0.9746	0.9664	
job_A	MGYP002626547222.pdb.gz	46.2	121	1	118	1	121	1.116e-12	527	1	1.0254	0.968	
job_A	MGYP000627327929.pdb.gz	40.8	115	1	115	1	115	3.708e-12	526	1	0.9746	0.9664	
job_A	MGYP001072827299.pdb.gz	50.4	119	3	118	2	120	5.305e-13	526	1	1.0085	0.952	
job_A	MGYP002628314050.pdb.gz	43.8	114	1	114	1	114	3.123e-12	526	1	0.9661	0.6867	
job_A	MGYP001349302570.pdb.gz	36.5	115	1	115	1	115	2.786e-12	525	1	0.9746	1.0	
job_A	MGYP003312473590.pdb.gz	45.2	115	1	115	1	115	2.949e-12	525	1	0.9746	0.9746	
job_A	MGYP001456331953.pdb.gz	38.2	115	1	115	1	115	3.708e-12	525	1	0.9746	0.9746	
job_A	MGYP001276469093.pdb.gz	45.2	115	1	115	1	115	2.949e-12	525	1	0.9746	0.9583	
job_A	MGYP000875649671.pdb.gz	44.9	118	1	115	1	118	1.251e-12	525	1	1.0	0.9833	
job_A	MGYP000942397479.pdb.gz	43.4	115	1	115	1	115	2.485e-12	525	1	0.9746	0.935	
job_A	MGYP000546947762.pdb.gz	41.7	115	1	115	1	115	1.977e-12	525	1	0.9746	0.9127	
job_A	MGYP001220249754.pdb.gz	47.4	118	1	117	8	125	3.926e-12	525	1	1.0	0.9077	
job_A	MGYP003606133493.pdb.gz	45.2	115	1	115	11	125	5.225e-12	525	1	0.9746	0.8647	
job_A	MGYP000266679734.pdb.gz	37.9	116	1	116	1	116	3.123e-12	524	1	0.9831	1.0	
job_A	MGYP000079144601.pdb.gz	38.9	118	1	118	1	118	1.572e-12	524	1	1.0	1.0	
job_A	MGYP001598237993.pdb.gz	39.1	115	1	115	1	115	3.123e-12	524	1	0.9746	0.9664	
job_A	MGYP000875773938.pdb.gz	44.7	114	1	114	1	114	5.225e-12	524	1	0.9661	0.95	
job_A	MGYP000188546001.pdb.gz	39.1	115	1	115	1	115	4.935e-12	524	1	0.9746	0.9583	
job_A	MGYP001442225790.pdb.gz	40.8	115	1	115	1	115	3.307e-12	523	1	0.9746	0.9746	
job_A	MGYP000512322367.pdb.gz	43.2	118	1	115	1	118	1.485e-12	523	1	1.0	1.0	
job_A	MGYP003490518991.pdb.gz	40.6	118	1	118	2	119	2.346e-12	523	1	1.0	0.9833	
job_A	MGYP000089896478.pdb.gz	46	115	1	115	1	115	2.485e-12	523	1	0.9746	0.6845	
job_A	MGYP000772175948.pdb.gz	44.8	116	1	114	51	166	3.501e-12	523	1	0.9831	0.6374	
job_A	MGYP001353797232.pdb.gz	45.2	115	1	115	1	114	3.708e-12	522	1	0.9746	1.0088	
job_A	MGYP001029575686.pdb.gz	50.4	113	3	115	2	114	3.501e-12	522	1	0.9576	0.9912	
job_A	MGYP001164180966.pdb.gz	41.7	115	1	115	1	115	3.501e-12	522	1	0.9746	0.9914	
job_A	MGYP001380318693.pdb.gz	37.3	115	1	115	1	115	4.66e-12	522	1	0.9746	0.9914	
job_A	MGYP000651629740.pdb.gz	42.6	115	1	115	1	115	2.631e-12	522	1	0.9746	0.9746	
job_A	MGYP000896495815.pdb.gz	42.6	115	1	115	1	115	3.307e-12	522	1	0.9746	0.9664	
job_A	MGYP001611017670.pdb.gz	44.9	118	1	118	1	118	3.501e-12	522	1	1.0	0.9752	
job_A	MGYP000680410403.pdb.gz	48.7	121	1	118	1	121	1.402e-12	522	1	1.0254	0.9837	
job_A	MGYP000884420137.pdb.gz	46.2	121	1	118	1	121	1.251e-12	522	1	1.0254	0.9237	
job_A	MGYP001546369516.pdb.gz	50.4	113	1	113	1	113	4.157e-12	521	1	0.9576	0.9912	
job_A	MGYP001280703036.pdb.gz	42.9	114	1	114	1	114	3.123e-12	521	1	0.9661	0.9661	
job_A	MGYP000274201082.pdb.gz	45.3	119	1	118	1	119	6.203e-12	521	1	1.0085	1.0	
job_A	MGYP001675862957.pdb.gz	42.2	116	1	115	41	156	4.66e-12	521	1	0.9831	0.7342	
job_A	MGYP003303862188.pdb.gz	42.1	121	1	117	45	165	8.876e-13	521	1	1.0254	0.6875	
job_A	MGYP000383167570.pdb.gz	37.9	116	1	116	1	116	3.501e-12	520	1	0.9831	1.0	
job_A	MGYP001816053925.pdb.gz	40	115	1	115	1	115	3.307e-12	520	1	0.9746	0.9504	
job_A	MGYP000741756842.pdb.gz	39.6	116	1	116	9	124	1.572e-12	520	1	0.9831	0.7342	
job_A	MGYP001474698406.pdb.gz	42.2	109	1	109	1	109	3.926e-12	519	1	0.9237	1.0	
job_A	MGYP001767362115.pdb.gz	40.8	115	1	115	1	115	4.401e-12	519	1	0.9746	0.9914	
job_A	MGYP001598238803.pdb.gz	41.7	115	1	115	1	115	4.157e-12	519	1	0.9746	0.9914	
job_A	MGYP000897644622.pdb.gz	40.1	117	1	117	1	117	4.157e-12	519	1	0.9915	1.0	
job_A	MGYP000382988337.pdb.gz	40.1	117	1	117	1	117	3.926e-12	519	1	0.9915	1.0	
job_A	MGYP001186058317.pdb.gz	45.6	114	1	114	1	114	3.708e-12	519	1	0.9661	0.9661	
job_A	MGYP000076622914.pdb.gz	42.6	115	1	115	1	115	4.157e-12	519	1	0.9746	0.9664	
job_A	MGYP002019890309.pdb.gz	47.8	115	1	115	2	116	3.926e-12	519	1	0.9746	0.9504	
job_A	MGYP001805964078.pdb.gz	44.8	116	1	116	1	116	5.533e-12	519	1	0.9831	0.9062	
job_A	MGYP002630657976.pdb.gz	44.3	115	1	115	50	164	5.533e-12	519	1	0.9746	0.6928	
job_A	MGYP001202547180.pdb.gz	42.4	113	1	113	1	113	5.533e-12	518	1	0.9576	0.9912	
job_A	MGYP001340466081.pdb.gz	41.7	115	1	115	1	115	6.568e-12	518	1	0.9746	1.0	
job_A	MGYP003872500347.pdb.gz	40	115	1	115	1	115	4.401e-12	518	1	0.9746	0.9914	
job_A	MGYP001097428391.pdb.gz	43.8	114	1	114	1	114	7.797e-12	518	1	0.9661	0.9828	
job_A	MGYP000921637139.pdb.gz	43.1	116	1	115	1	116	6.203e-12	518	1	0.9831	1.0	
job_A	MGYP001407797391.pdb.gz	40	115	1	115	1	115	6.203e-12	518	1	0.9746	0.9746	
job_A	MGYP000185712045.pdb.gz	48.7	121	1	118	1	121	1.572e-12	518	1	1.0254	0.9098	
job_A	MGYP001084215061.pdb.gz	43.5	117	1	117	1	117	3.307e-12	518	1	0.9915	0.7697	
job_A	MGYP001766342376.pdb.gz	42.9	114	1	114	42	155	8.256e-12	518	1	0.9661	0.7081	
job_A	MGYP001985532219.pdb.gz	48.6	115	1	115	47	161	3.708e-12	518	1	0.9746	0.6765	
job_A	MGYP001420839302.pdb.gz	46.2	108	1	108	1	108	4.157e-12	517	1	0.9153	1.0	
job_A	MGYP001610238554.pdb.gz	46.6	118	1	118	1	116	1.763e-12	517	1	1.0	1.0085	
job_A	MGYP001180495305.pdb.gz	44.7	114	1	114	1	114	5.533e-12	517	1	0.9661	0.95	
job_A	MGYP001819725518.pdb.gz	48.2	114	1	114	3	116	5.225e-12	517	1	0.9661	0.8769	
job_A	MGYP002726388131.pdb.gz	46.6	120	1	117	9	128	1.867e-12	517	1	1.0169	0.8955	
job_A	MGYP000685457000.pdb.gz	39.8	118	1	117	1	118	3.501e-12	516	1	1.0	1.0	
job_A	MGYP000853340001.pdb.gz	43.1	116	1	115	1	116	7.797e-12	516	1	0.9831	0.9831	
job_A	MGYP003580025381.pdb.gz	47.8	115	1	115	1	115	6.955e-12	516	1	0.9746	0.9055	
job_A	MGYP001101226063.pdb.gz	49.1	114	1	114	1	114	4.157e-12	516	1	0.9661	0.8906	
job_A	MGYP003335887121.pdb.gz	45.6	114	2	115	5	118	5.533e-12	516	1	0.9661	0.8382	
job_A	MGYP001553405540.pdb.gz	46.5	116	1	115	30	145	6.203e-12	516	1	0.9831	0.8	
job_A	MGYP001235774590.pdb.gz	41.7	115	1	115	23	137	7.364e-12	516	1	0.9746	0.7823	
job_A	MGYP001086989404.pdb.gz	38.2	115	1	115	1	115	6.955e-12	515	1	0.9746	1.0	
job_A	MGYP001287835726.pdb.gz	42.6	115	1	115	1	115	6.955e-12	515	1	0.9746	0.9914	
job_A	MGYP000227013019.pdb.gz	44	118	1	118	1	118	6.568e-12	515	1	1.0	1.0	
job_A	MGYP000877426410.pdb.gz	44.3	115	1	115	1	115	1.164e-11	515	1	0.9746	0.9664	
job_A	MGYP001243351924.pdb.gz	49.1	118	1	115	1	118	3.501e-12	515	1	1.0	0.9916	
job_A	MGYP001229786595.pdb.gz	42.6	115	1	115	1	115	5.533e-12	515	1	0.9746	0.9583	
job_A	MGYP002766428097.pdb.gz	47.3	114	1	114	1	114	5.858e-12	515	1	0.9661	0.9048	
job_A	MGYP000212155109.pdb.gz	45.7	118	1	115	1	118	3.123e-12	515	1	1.0	0.831	
job_A	MGYP000617673704.pdb.gz	43.8	114	1	114	25	138	3.926e-12	515	1	0.9661	0.8028	
job_A	MGYP000482083840.pdb.gz	40.5	116	1	116	53	168	8.742e-12	515	1	0.9831	0.6905	
job_A	MGYP001186184905.pdb.gz	44	109	1	109	1	109	4.66e-12	514	1	0.9237	1.0	
job_A	MGYP001475081285.pdb.gz	37	116	1	115	1	116	5.533e-12	514	1	0.9831	0.9915	
job_A	MGYP000291096110.pdb.gz	44.9	118	1	118	1	118	4.66e-12	514	1	1.0	0.9916	
job_A	MGYP001350449274.pdb.gz	42.6	115	1	115	1	115	6.568e-12	514	1	0.9746	0.9426	
job_A	MGYP000974757279.pdb.gz	43.8	114	1	114	1	114	3.926e-12	514	1	0.9661	0.8976	
job_A	MGYP001202875467.pdb.gz	44.7	114	1	114	1	114	7.364e-12	514	1	0.9661	0.8837	
job_A	MGYP001025025837.pdb.gz	50	114	1	114	1	114	4.935e-12	514	1	0.9661	0.8085	
job_A	MGYP000968867285.pdb.gz	33.9	115	1	115	1	115	7.797e-12	513	1	0.9746	0.9914	
job_A	MGYP000353809618.pdb.gz	42.2	116	1	116	1	116	6.955e-12	513	1	0.9831	1.0	
job_A	MGYP001165211278.pdb.gz	40.6	118	1	115	1	118	3.123e-12	513	1	1.0	1.0	
job_A	MGYP001578355871.pdb.gz	48.3	122	1	118	1	122	1.251e-12	513	1	1.0339	1.0	
job_A	MGYP000875875048.pdb.gz	45.2	115	1	115	1	115	7.797e-12	513	1	0.9746	0.935	
job_A	MGYP001101504502.pdb.gz	44	118	1	118	4	121	7.797e-12	513	1	1.0	0.944	
job_A	MGYP001408983552.pdb.gz	44.4	108	1	108	49	156	4.935e-12	513	1	0.9153	0.6923	
job_A	MGYP000657108309.pdb.gz	40.1	117	1	117	1	115	4.157e-12	512	1	0.9915	1.0174	
job_A	MGYP000461346548.pdb.gz	36.5	115	1	115	1	115	6.568e-12	512	1	0.9746	0.9914	
job_A	MGYP002642115962.pdb.gz	44	118	1	115	1	118	5.858e-12	512	1	1.0	1.0	
job_A	MGYP001323105997.pdb.gz	44.8	116	1	115	1	116	7.797e-12	512	1	0.9831	0.9831	
job_A	MGYP000213594335.pdb.gz	42.2	116	1	115	1	114	3.123e-12	512	1	0.9831	0.9748	
job_A	MGYP001172530349.pdb.gz	38.2	115	1	115	46	160	6.568e-12	512	1	0.9746	0.6183	
job_A	MGYP000303556505.pdb.gz	40.8	115	1	115	1	114	5.533e-12	511	1	0.9746	1.0	
job_A	MGYP003395550006.pdb.gz	40.8	115	1	115	1	115	8.742e-12	511	1	0.9746	0.9746	
job_A	MGYP001814583098.pdb.gz	41.7	115	1	115	1	115	4.66e-12	511	1	0.9746	0.9583	
job_A	MGYP002389712691.pdb.gz	45.6	116	1	116	34	149	6.203e-12	511	1	0.9831	0.725	
job_A	MGYP000397481219.pdb.gz	45.6	116	1	116	61	176	8.256e-12	511	1	0.9831	0.6203	
job_A	MGYP001584311867.pdb.gz	39.1	115	1	115	1	115	8.256e-12	510	1	0.9746	0.9914	
job_A	MGYP001335312764.pdb.gz	50.4	105	1	105	11	115	3.926e-12	510	1	0.8898	0.8974	
job_A	MGYP000182057038.pdb.gz	42.6	115	1	115	1	115	7.364e-12	510	1	0.9746	0.9664	
job_A	MGYP000677752922.pdb.gz	40.4	121	1	118	2	122	2.485e-12	510	1	1.0254	0.968	
job_A	MGYP001021160676.pdb.gz	49.5	121	1	118	1	121	1.763e-12	510	1	1.0254	0.9237	
job_A	MGYP000660353284.pdb.gz	47.2	108	1	108	1	106	5.858e-12	509	1	0.9153	1.0189	
job_A	MGYP003321099535.pdb.gz	34.7	115	1	115	1	115	1.038e-11	509	1	0.9746	0.9914	
job_A	MGYP000571792137.pdb.gz	42.4	113	3	115	2	114	4.66e-12	509	1	0.9576	0.9496	
job_A	MGYP001480295448.pdb.gz	44.9	118	1	118	1	118	6.955e-12	509	1	1.0	0.9833	
job_A	MGYP001581832147.pdb.gz	40.8	115	1	115	2	116	9.256e-12	509	1	0.9746	0.9583	
job_A	MGYP003997199435.pdb.gz	37.1	121	1	118	1	121	4.935e-12	509	1	1.0254	1.0	
job_A	MGYP000872484347.pdb.gz	43.4	115	1	115	1	115	6.203e-12	509	1	0.9746	0.8156	
job_A	MGYP000865382436.pdb.gz	46.7	109	1	109	1	109	9.256e-12	509	1	0.9237	0.7267	
job_A	MGYP003302195218.pdb.gz	42.1	114	1	114	1	114	1.099e-11	509	1	0.9661	0.6909	
job_A	MGYP000437436386.pdb.gz	46.7	109	1	109	21	129	8.256e-12	509	1	0.9237	0.6527	
job_A	MGYP001386325023.pdb.gz	45.3	108	1	108	6	113	6.568e-12	508	1	0.9153	0.9558	
job_A	MGYP001273761646.pdb.gz	35.9	114	1	114	1	114	9.256e-12	508	1	0.9661	0.9744	
job_A	MGYP000523302935.pdb.gz	40.6	118	1	117	1	118	3.708e-12	508	1	1.0	1.0	
job_A	MGYP001166132646.pdb.gz	42.3	118	1	118	1	118	9.801e-12	508	1	1.0	1.0	
job_A	MGYP001430897623.pdb.gz	40.3	114	1	114	1	114	7.364e-12	508	1	0.9661	0.9661	
job_A	MGYP001173202776.pdb.gz	41.7	115	1	115	1	114	1.099e-11	507	1	0.9746	1.0088	
job_A	MGYP001571961028.pdb.gz	40.8	115	1	115	1	115	9.256e-12	507	1	0.9746	0.9914	
job_A	MGYP000719450396.pdb.gz	46.5	116	1	115	1	116	4.66e-12	507	1	0.9831	0.9831	
job_A	MGYP001000636406.pdb.gz	40	120	1	117	1	120	5.225e-12	507	1	1.0169	1.0	
job_A	MGYP002395210238.pdb.gz	35	117	1	117	1	117	1.038e-11	507	1	0.9915	0.9213	
job_A	MGYP000938870253.pdb.gz	43.9	116	1	116	1	116	6.568e-12	507	1	0.9831	0.9062	
job_A	MGYP001460319155.pdb.gz	42.6	115	1	115	44	158	9.801e-12	507	1	0.9746	0.6805	
job_A	MGYP001349614630.pdb.gz	35.6	115	1	115	1	115	1.232e-11	506	1	0.9746	0.9914	
job_A	MGYP001338597014.pdb.gz	40	115	1	115	1	114	7.364e-12	506	1	0.9746	0.9829	
job_A	MGYP002859360575.pdb.gz	39.1	115	1	115	1	115	8.256e-12	506	1	0.9746	0.9746	
job_A	MGYP001465291709.pdb.gz	40.5	116	1	116	1	116	4.66e-12	506	1	0.9831	0.8992	
job_A	MGYP002639876983.pdb.gz	40.5	116	1	116	1	116	1.038e-11	506	1	0.9831	0.8992	
job_A	MGYP003586044381.pdb.gz	46.9	115	1	115	1	115	8.256e-12	506	1	0.9746	0.8779	
job_A	MGYP000933127970.pdb.gz	44.1	120	3	118	2	121	3.501e-12	506	1	1.0169	0.8889	
job_A	MGYP000973808190.pdb.gz	46.9	115	1	115	1	114	6.203e-12	506	1	0.9746	0.7823	
job_A	MGYP003507244195.pdb.gz	41.7	115	1	115	1	115	8.742e-12	505	1	0.9746	1.0	
job_A	MGYP001608012623.pdb.gz	38.5	114	1	114	1	114	1.099e-11	505	1	0.9661	0.9661	
job_A	MGYP003340501516.pdb.gz	46.9	115	1	115	1	115	1.305e-11	505	1	0.9746	0.9583	
job_A	MGYP002627738841.pdb.gz	49.5	111	1	111	1	111	8.742e-12	505	1	0.9407	0.745	
job_A	MGYP001573973281.pdb.gz	47.6	107	1	107	1	107	9.801e-12	504	1	0.9068	0.9907	
job_A	MGYP001066646873.pdb.gz	38	113	1	113	1	113	9.256e-12	504	1	0.9576	1.0	
job_A	MGYP001771177599.pdb.gz	46.9	115	1	115	1	113	5.533e-12	504	1	0.9746	0.9829	
job_A	MGYP001579762616.pdb.gz	35.6	115	1	115	1	115	9.256e-12	504	1	0.9746	0.9746	
job_A	MGYP001340786191.pdb.gz	38.2	115	1	115	1	115	1.839e-11	504	1	0.9746	0.9426	
job_A	MGYP000339306820.pdb.gz	43.6	119	1	116	1	119	6.568e-12	504	1	1.0085	0.937	
job_A	MGYP000223343036.pdb.gz	48.6	113	3	115	2	114	7.797e-12	503	1	0.9576	0.9912	
job_A	MGYP001488741010.pdb.gz	38.4	117	1	117	1	116	8.742e-12	503	1	0.9915	1.0086	
job_A	MGYP000296995114.pdb.gz	38.2	115	1	115	1	115	6.955e-12	503	1	0.9746	0.9914	
job_A	MGYP001419389407.pdb.gz	48.2	116	1	116	1	116	9.801e-12	503	1	0.9831	1.0	
job_A	MGYP001409522923.pdb.gz	44.9	109	1	109	1	109	1.164e-11	503	1	0.9237	0.9316	
job_A	MGYP001037260065.pdb.gz	36.5	115	1	115	1	115	1.099e-11	503	1	0.9746	0.9664	
job_A	MGYP000995984915.pdb.gz	43.1	116	1	116	1	116	7.364e-12	503	1	0.9831	0.8923	
job_A	MGYP001610824981.pdb.gz	47	119	1	118	31	149	4.157e-12	503	1	1.0085	0.7987	
job_A	MGYP001184373521.pdb.gz	38.2	115	1	115	1	115	1.099e-11	502	1	0.9746	1.0	
job_A	MGYP000979042187.pdb.gz	40.8	115	1	115	1	115	1.164e-11	502	1	0.9746	0.9914	
job_A	MGYP000950553893.pdb.gz	41.7	115	1	115	1	115	9.256e-12	502	1	0.9746	0.9746	
job_A	MGYP001219245319.pdb.gz	38.9	118	1	115	1	118	5.533e-12	502	1	1.0	0.9916	
job_A	MGYP000042699283.pdb.gz	40.8	115	1	115	1	115	1.736e-11	502	1	0.9746	0.9583	
job_A	MGYP002152850940.pdb.gz	43.9	116	1	115	23	138	1.64e-11	502	1	0.9831	0.8286	
job_A	MGYP001575441502.pdb.gz	45.3	108	3	110	2	109	9.256e-12	501	1	0.9153	0.9818	
job_A	MGYP000368318944.pdb.gz	45.7	107	1	107	2	108	6.955e-12	501	1	0.9068	0.9469	
job_A	MGYP001432868305.pdb.gz	41.7	115	1	115	1	115	1.038e-11	501	1	0.9746	1.0	
job_A	MGYP001617848874.pdb.gz	39.6	116	1	115	1	116	5.858e-12	501	1	0.9831	1.0	
job_A	MGYP002852510152.pdb.gz	47.8	115	1	115	1	113	6.568e-12	501	1	0.9746	0.9829	
job_A	MGYP003117226488.pdb.gz	44	118	1	115	1	118	5.858e-12	501	1	1.0	1.0	
job_A	MGYP000876612547.pdb.gz	45.5	112	1	112	25	136	8.256e-12	501	1	0.9492	0.7943	
job_A	MGYP000524842755.pdb.gz	40.8	115	1	115	1	113	5.858e-12	500	1	0.9746	1.0088	
job_A	MGYP001626137518.pdb.gz	41.7	115	1	115	1	113	1.164e-11	500	1	0.9746	1.0	
job_A	MGYP001381830253.pdb.gz	39.1	115	1	115	1	115	1.463e-11	500	1	0.9746	0.9914	
job_A	MGYP001003032119.pdb.gz	41.7	115	1	115	1	115	1.099e-11	500	1	0.9746	0.9746	
job_A	MGYP001317621764.pdb.gz	38.2	115	1	115	1	115	1.232e-11	500	1	0.9746	0.8846	
job_A	MGYP001397468208.pdb.gz	41.3	116	1	116	1	116	1.463e-11	500	1	0.9831	0.8923	
job_A	MGYP002392918749.pdb.gz	43.7	112	1	112	54	165	1.232e-11	500	1	0.9492	0.655	
job_A	MGYP001131309830.pdb.gz	61.7	94	1	94	1	94	4.66e-12	499	1	0.7966	1.0	
job_A	MGYP001804880835.pdb.gz	42.3	111	5	115	1	111	9.801e-12	499	1	0.9407	1.0	
job_A	MGYP000124274924.pdb.gz	36.7	117	1	117	1	117	7.797e-12	499	1	0.9915	1.0	
job_A	MGYP002654447493.pdb.gz	41.7	115	1	115	2	114	1.164e-11	499	1	0.9746	0.9746	
job_A	MGYP001497658774.pdb.gz	40.3	114	1	114	1	114	1.381e-11	499	1	0.9661	0.95	
job_A	MGYP000656317812.pdb.gz	38.5	114	2	115	33	146	1.463e-11	499	1	0.9661	0.7808	
job_A	MGYP000658913528.pdb.gz	43.4	115	1	115	1	113	7.797e-12	498	1	0.9746	1.0177	
job_A	MGYP001026178552.pdb.gz	37.6	117	1	117	1	117	1.305e-11	498	1	0.9915	1.0	
job_A	MGYP000905596061.pdb.gz	41.7	115	1	115	1	115	1.839e-11	498	1	0.9746	0.9746	
job_A	MGYP001046100432.pdb.gz	39.4	114	1	114	1	114	2.183e-11	498	1	0.9661	0.9661	
job_A	MGYP002858708423.pdb.gz	44	118	1	118	1	116	6.568e-12	498	1	1.0	0.7973	
job_A	MGYP000900406026.pdb.gz	44.5	119	3	118	2	120	4.401e-12	498	1	1.0085	0.7041	
job_A	MGYP001810702241.pdb.gz	44.3	115	1	115	1	113	9.256e-12	497	1	0.9746	1.0088	
job_A	MGYP000483420198.pdb.gz	40	115	1	115	1	115	2.744e-11	497	1	0.9746	0.9746	
job_A	MGYP000508566967.pdb.gz	41.3	116	1	116	1	116	2.183e-11	497	1	0.9831	0.9748	
job_A	MGYP001626209861.pdb.gz	41.3	121	1	118	1	121	3.708e-12	497	1	1.0254	1.0	
job_A	MGYP001193447214.pdb.gz	35.8	120	1	117	1	120	5.225e-12	497	1	1.0169	0.9836	
job_A	MGYP000014693907.pdb.gz	39.1	115	1	115	1	115	1.947e-11	497	1	0.9746	0.9426	
job_A	MGYP001217825443.pdb.gz	43.8	121	1	118	1	121	4.66e-12	497	1	1.0254	0.9453	
job_A	MGYP002758381536.pdb.gz	44.4	117	2	115	9	125	6.203e-12	497	1	0.9915	0.8731	
job_A	MGYP002750986630.pdb.gz	44.2	113	1	112	38	150	1.839e-11	497	1	0.9576	0.7434	
job_A	MGYP003832994049.pdb.gz	45.8	109	1	109	10	118	1.947e-11	497	1	0.9237	0.677	
job_A	MGYP000070269979.pdb.gz	55.8	102	1	102	1	102	6.955e-12	496	1	0.8644	1.0	
job_A	MGYP000117096403.pdb.gz	49.5	107	1	107	4	110	1.736e-11	496	1	0.9068	0.9386	
job_A	MGYP000390653798.pdb.gz	38.2	115	1	115	1	115	2.311e-11	496	1	0.9746	1.0	
job_A	MGYP000371397829.pdb.gz	40.1	112	1	112	1	112	1.305e-11	496	1	0.9492	0.9655	
job_A	MGYP000914513253.pdb.gz	41.9	112	1	112	1	112	1.164e-11	496	1	0.9492	0.9655	
job_A	MGYP001365463482.pdb.gz	40	115	1	115	1	115	2.311e-11	496	1	0.9746	0.9914	
job_A	MGYP003758534799.pdb.gz	40	115	1	115	1	115	1.64e-11	496	1	0.9746	0.9746	
job_A	MGYP001328633511.pdb.gz	41.7	115	1	115	1	115	1.736e-11	496	1	0.9746	0.9664	
job_A	MGYP000250468801.pdb.gz	37.3	115	1	115	1	115	1.305e-11	496	1	0.9746	0.9583	
job_A	MGYP003307827633.pdb.gz	39.1	115	1	115	4	118	1.164e-11	496	1	0.9746	0.9127	
job_A	MGYP000644509457.pdb.gz	40.8	120	1	117	1	118	3.501e-12	496	1	1.0169	0.9302	
job_A	MGYP003394197791.pdb.gz	37.3	115	1	115	1	115	1.736e-11	495	1	0.9746	0.9914	
job_A	MGYP003328079396.pdb.gz	37.3	115	1	115	2	116	2.183e-11	495	1	0.9746	0.9829	
job_A	MGYP001242602155.pdb.gz	39.1	115	1	115	1	114	1.64e-11	495	1	0.9746	0.9664	
job_A	MGYP001401661767.pdb.gz	37.5	120	1	117	2	121	8.742e-12	495	1	1.0169	0.9449	
job_A	MGYP000674431579.pdb.gz	37.9	116	1	116	24	139	2.061e-11	495	1	0.9831	0.8227	
job_A	MGYP003473903230.pdb.gz	35	114	1	114	21	134	2.591e-11	495	1	0.9661	0.8085	
job_A	MGYP003363120453.pdb.gz	48.1	110	1	110	60	169	1.947e-11	495	1	0.9322	0.6471	
job_A	MGYP000456893841.pdb.gz	39.1	115	1	115	1	115	2.183e-11	494	1	0.9746	0.9746	
job_A	MGYP001125600904.pdb.gz	38.3	120	1	117	1	120	7.797e-12	494	1	1.0169	0.9524	
job_A	MGYP000116386945.pdb.gz	43.1	116	1	116	1	116	2.061e-11	494	1	0.9831	0.8467	
job_A	MGYP001005533699.pdb.gz	40.3	114	1	114	1	114	1.947e-11	494	1	0.9661	0.8028	
job_A	MGYP000607290887.pdb.gz	39.1	115	1	115	1	113	8.742e-12	493	1	0.9746	1.0177	
job_A	MGYP000052997395.pdb.gz	44.7	114	1	114	1	112	1.736e-11	493	1	0.9661	0.9828	
job_A	MGYP000960761534.pdb.gz	36.9	119	1	118	1	119	9.256e-12	493	1	1.0085	1.0	
job_A	MGYP000907421861.pdb.gz	42.8	119	1	116	1	119	1.305e-11	493	1	1.0085	1.0	
job_A	MGYP001358313149.pdb.gz	42.9	114	1	114	2	115	2.744e-11	493	1	0.9661	0.95	
job_A	MGYP003542256305.pdb.gz	48.7	117	1	116	1	117	1.251e-12	493	1	0.9915	0.959	
job_A	MGYP001416051258.pdb.gz	40	115	1	115	1	115	2.061e-11	493	1	0.9746	0.935	
job_A	MGYP001591832594.pdb.gz	45.2	115	1	115	1	115	1.64e-11	493	1	0.9746	0.8984	
job_A	MGYP000995251371.pdb.gz	44.3	115	1	115	16	130	1.549e-11	493	1	0.9746	0.8779	
job_A	MGYP002674806348.pdb.gz	44.9	118	1	118	1	117	1.164e-11	493	1	1.0	0.8194	
job_A	MGYP000393472942.pdb.gz	40	115	1	115	1	115	2.447e-11	492	1	0.9746	1.0	
job_A	MGYP003799497283.pdb.gz	39.3	117	1	117	1	117	2.311e-11	492	1	0.9915	1.0	
job_A	MGYP001605904627.pdb.gz	37.3	115	1	115	1	115	1.736e-11	492	1	0.9746	0.9583	
job_A	MGYP000272634753.pdb.gz	35.6	115	1	115	1	115	2.311e-11	492	1	0.9746	0.9583	
job_A	MGYP001251455439.pdb.gz	37.3	115	1	115	4	118	1.736e-11	492	1	0.9746	0.935	
job_A	MGYP003344567519.pdb.gz	39.1	115	1	115	15	129	2.447e-11	492	1	0.9746	0.8712	
job_A	MGYP000667869368.pdb.gz	43.4	115	1	114	16	130	1.64e-11	492	1	0.9746	0.8099	
job_A	MGYP001384161078.pdb.gz	42.6	115	1	115	1	114	1.099e-11	491	1	0.9746	1.0088	
job_A	MGYP001187930371.pdb.gz	33.9	115	1	115	1	115	2.183e-11	491	1	0.9746	1.0	
job_A	MGYP001253499005.pdb.gz	36.5	115	1	115	1	115	3.652e-11	491	1	0.9746	0.9914	
job_A	MGYP000271121353.pdb.gz	37.6	117	1	117	2	116	2.905e-11	491	1	0.9915	1.0086	
job_A	MGYP001767308194.pdb.gz	36.9	119	1	116	1	119	7.797e-12	491	1	1.0085	1.0	
job_A	MGYP001601998745.pdb.gz	39.1	120	1	117	1	119	6.203e-12	491	1	1.0169	1.0084	
job_A	MGYP001382959941.pdb.gz	37.3	115	1	115	1	115	1.839e-11	491	1	0.9746	0.9504	
job_A	MGYP000002899587.pdb.gz	43.4	115	1	115	2	116	1.232e-11	491	1	0.9746	0.8984	
job_A	MGYP000328753560.pdb.gz	40.5	116	1	115	1	116	1.549e-11	491	1	0.9831	0.8992	
job_A	MGYP002759375153.pdb.gz	45.4	121	1	118	1	119	2.485e-12	491	1	1.0254	0.8705	
job_A	MGYP003508630099.pdb.gz	41	112	1	112	1	112	1.736e-11	490	1	0.9492	0.9825	
job_A	MGYP000600255393.pdb.gz	43.9	116	1	116	1	114	1.164e-11	490	1	0.9831	0.9915	
job_A	MGYP001068820270.pdb.gz	40.8	115	1	115	29	143	2.183e-11	490	1	0.9746	0.7278	
job_A	MGYP001398483067.pdb.gz	44.5	110	1	110	1	109	1.099e-11	489	1	0.9322	1.0092	
job_A	MGYP000174277230.pdb.gz	42.3	118	1	115	1	116	6.568e-12	489	1	1.0	1.0172	
job_A	MGYP001492951562.pdb.gz	41.8	117	1	117	1	117	2.311e-11	489	1	0.9915	1.0	
job_A	MGYP000854568639.pdb.gz	36.4	118	1	117	1	118	9.801e-12	489	1	1.0	1.0	
job_A	MGYP001501588984.pdb.gz	38.1	118	1	115	1	118	9.801e-12	489	1	1.0	1.0	
job_A	MGYP003694584287.pdb.gz	41.2	114	1	114	1	114	3.652e-11	489	1	0.9661	0.8702	
job_A	MGYP002481249750.pdb.gz	35.5	118	1	118	39	156	2.905e-11	489	1	1.0	0.7421	
job_A	MGYP001548961032.pdb.gz	46	113	1	113	1	111	1.947e-11	488	1	0.9576	1.0089	
job_A	MGYP001556897565.pdb.gz	48.6	109	7	115	2	110	2.061e-11	488	1	0.9237	0.9478	
job_A	MGYP001282499902.pdb.gz	43.5	117	3	117	2	118	1.463e-11	488	1	0.9915	0.9915	
job_A	MGYP001131188416.pdb.gz	40.6	118	1	115	1	118	1.232e-11	488	1	1.0	1.0	
job_A	MGYP001774219432.pdb.gz	40.3	114	1	114	1	112	9.256e-12	488	1	0.9661	0.95	
job_A	MGYP003623144165.pdb.gz	35.5	118	1	118	8	123	1.463e-11	488	1	1.0	0.9365	
job_A	MGYP003558567074.pdb.gz	44	109	1	109	49	157	2.311e-11	488	1	0.9237	0.6943	
job_A	MGYP002589376011.pdb.gz	39.2	112	1	112	1	109	1.64e-11	487	1	0.9492	0.9912	
job_A	MGYP001092987933.pdb.gz	40.4	121	1	118	3	123	1.038e-11	487	1	1.0254	0.9308	
job_A	MGYP002870146492.pdb.gz	34.7	121	1	118	26	146	1.099e-11	487	1	1.0254	0.8121	
job_A	MGYP001388121436.pdb.gz	48.6	115	1	115	2	114	1.381e-11	486	1	0.9746	0.9426	
job_A	MGYP000430367008.pdb.gz	47.6	107	1	107	36	142	3.867e-11	486	1	0.9068	0.7431	
job_A	MGYP001062147785.pdb.gz	42.9	114	1	114	9	122	3.076e-11	486	1	0.9661	0.6867	
job_A	MGYP002783462086.pdb.gz	53.3	103	1	103	1	103	2.744e-11	485	1	0.8729	0.9904	
job_A	MGYP001591890184.pdb.gz	41.7	115	1	115	1	115	5.77e-11	485	1	0.9746	0.9583	
job_A	MGYP001408718334.pdb.gz	38.5	114	1	114	1	112	1.64e-11	484	1	0.9661	1.0	
job_A	MGYP000930773256.pdb.gz	40.6	118	1	115	1	118	2.061e-11	484	1	1.0	1.0	
job_A	MGYP000092701379.pdb.gz	43.8	114	3	115	2	115	3.652e-11	484	1	0.9661	0.95	
job_A	MGYP000389622905.pdb.gz	50	116	1	116	1	113	1.736e-11	484	1	0.9831	0.9355	
job_A	MGYP001050163669.pdb.gz	36.3	121	1	118	7	126	8.256e-12	484	1	1.0254	0.9237	
job_A	MGYP001823261091.pdb.gz	38.2	115	1	115	4	118	2.905e-11	484	1	0.9746	0.8333	
job_A	MGYP003575538794.pdb.gz	46.4	114	1	114	1	114	3.449e-11	484	1	0.9661	0.8085	
job_A	MGYP003179318281.pdb.gz	48.1	110	1	110	1	105	2.183e-11	483	1	0.9322	1.0092	
job_A	MGYP001076935004.pdb.gz	27.8	115	1	115	1	115	3.449e-11	483	1	0.9746	0.9914	
job_A	MGYP001627648196.pdb.gz	37.9	116	1	115	1	116	2.591e-11	483	1	0.9831	0.9915	
job_A	MGYP001465373720.pdb.gz	34.7	115	1	115	1	115	2.744e-11	483	1	0.9746	0.9746	
job_A	MGYP000294823001.pdb.gz	40.8	120	1	117	1	120	1.463e-11	483	1	1.0169	1.0	
job_A	MGYP001469392223.pdb.gz	39.8	118	1	118	1	117	2.183e-11	482	1	1.0	1.0085	
job_A	MGYP001412632783.pdb.gz	41.5	118	1	118	1	116	2.183e-11	481	1	1.0	1.0172	
job_A	MGYP001451521163.pdb.gz	40.8	115	1	115	1	115	5.146e-11	481	1	0.9746	0.9426	
job_A	MGYP000530730058.pdb.gz	46.2	121	1	118	1	121	9.801e-12	481	1	1.0254	0.968	
job_A	MGYP000733731922.pdb.gz	38.2	123	1	118	1	123	9.256e-12	481	1	1.0424	0.9762	
job_A	MGYP000052923898.pdb.gz	45	120	1	117	1	120	1.305e-11	481	1	1.0169	0.9023	
job_A	MGYP001318465020.pdb.gz	41.1	124	1	118	2	123	4.935e-12	481	1	1.0508	0.9185	
job_A	MGYP000279342162.pdb.gz	41.5	113	2	114	15	127	5.146e-11	481	1	0.9576	0.8248	
job_A	MGYP000882926472.pdb.gz	43.4	115	1	115	2	116	3.652e-11	481	1	0.9746	0.7986	
job_A	MGYP000944347458.pdb.gz	44.9	118	1	118	2	115	2.447e-11	480	1	1.0	0.9916	
job_A	MGYP003729673145.pdb.gz	39.2	107	1	107	23	129	3.449e-11	480	1	0.9068	0.7985	
job_A	MGYP001334877676.pdb.gz	39.1	115	1	115	1	114	2.311e-11	479	1	0.9746	1.0088	
job_A	MGYP001210701625.pdb.gz	43.3	113	1	113	2	112	5.449e-11	479	1	0.9576	0.9741	
job_A	MGYP000589581645.pdb.gz	38.1	118	1	118	1	118	3.076e-11	479	1	1.0	1.0	
job_A	MGYP000176173014.pdb.gz	40.8	115	1	115	1	115	3.449e-11	479	1	0.9746	0.9055	
job_A	MGYP001356545753.pdb.gz	55.5	99	1	99	1	99	1.839e-11	478	1	0.839	0.99	
job_A	MGYP001183163832.pdb.gz	45.1	113	1	113	1	112	5.77e-11	478	1	0.9576	1.0	
job_A	MGYP001772859877.pdb.gz	37.3	115	1	115	1	113	5.449e-11	478	1	0.9746	0.9829	
job_A	MGYP003313923610.pdb.gz	42.7	110	1	110	1	110	3.257e-11	478	1	0.9322	0.9016	
job_A	MGYP001307216910.pdb.gz	37	116	1	116	1	116	8.132e-11	478	1	0.9831	0.9431	
job_A	MGYP000101639029.pdb.gz	40	115	1	115	1	115	4.335e-11	478	1	0.9746	0.935	
job_A	MGYP002152439860.pdb.gz	41.3	121	1	118	19	139	1.736e-11	478	1	1.0254	0.8462	
job_A	MGYP002513071025.pdb.gz	41.9	112	1	112	43	154	3.652e-11	478	1	0.9492	0.7179	
job_A	MGYP003299305323.pdb.gz	42.3	111	2	112	46	156	4.094e-11	478	1	0.9407	0.6937	
job_A	MGYP000489057108.pdb.gz	37.3	115	1	115	51	165	5.146e-11	478	1	0.9746	0.6845	
job_A	MGYP001188477533.pdb.gz	41.3	116	3	115	2	115	1.839e-11	477	1	0.9831	1.0087	
job_A	MGYP000731124586.pdb.gz	46.4	112	3	114	2	111	2.591e-11	477	1	0.9492	0.9655	
job_A	MGYP001008404628.pdb.gz	36.7	117	1	117	1	117	6.469e-11	477	1	0.9915	1.0	
job_A	MGYP001253331381.pdb.gz	35	114	1	114	1	113	3.449e-11	477	1	0.9661	0.958	
job_A	MGYP002635964558.pdb.gz	49.5	115	5	116	2	116	2.744e-11	477	1	0.9746	0.9583	
job_A	MGYP000122578360.pdb.gz	48.6	115	3	115	2	111	1.947e-11	477	1	0.9746	0.8915	
job_A	MGYP002866512973.pdb.gz	37.3	115	1	115	20	134	5.77e-11	477	1	0.9746	0.8519	
job_A	MGYP000341259559.pdb.gz	37.5	120	1	117	55	174	2.183e-11	477	1	1.0169	0.663	
job_A	MGYP003598836758.pdb.gz	49.1	120	1	117	1	117	4.935e-12	476	1	1.0169	0.9677	
job_A	MGYP001584054414.pdb.gz	34.7	115	1	115	1	115	5.146e-11	476	1	0.9746	0.8273	
job_A	MGYP001202619041.pdb.gz	41.7	115	1	115	2	112	3.867e-11	475	1	0.9746	1.0	
job_A	MGYP001811460164.pdb.gz	42.8	119	1	118	1	117	2.311e-11	475	1	1.0085	1.0171	
job_A	MGYP001305837349.pdb.gz	43.5	117	1	116	1	117	5.77e-11	475	1	0.9915	0.975	
job_A	MGYP001618432743.pdb.gz	38.8	121	1	117	1	121	2.905e-11	475	1	1.0254	1.0	
job_A	MGYP001444282675.pdb.gz	40.4	121	1	118	1	121	1.549e-11	475	1	1.0254	0.9453	
job_A	MGYP000307457670.pdb.gz	45.2	117	1	116	1	115	3.257e-11	475	1	0.9915	0.907	
job_A	MGYP000750409937.pdb.gz	39.4	114	1	114	1	114	3.257e-11	475	1	0.9661	0.8444	
job_A	MGYP000446641756.pdb.gz	45.8	109	1	109	1	109	4.86e-11	474	1	0.9237	1.0	
job_A	MGYP001166920314.pdb.gz	34.4	116	3	118	2	117	5.146e-11	474	1	0.9831	0.9915	
job_A	MGYP002725692671.pdb.gz	43.3	113	3	115	2	114	7.68e-11	474	1	0.9576	0.9658	
job_A	MGYP002626199514.pdb.gz	37.1	121	1	118	1	121	2.447e-11	474	1	1.0254	0.9918	
job_A	MGYP001112630534.pdb.gz	39.4	119	1	116	1	118	1.839e-11	474	1	1.0085	0.952	
job_A	MGYP001469226191.pdb.gz	41.7	115	1	115	2	116	2.905e-11	474	1	0.9746	0.8456	
job_A	MGYP001433661534.pdb.gz	41.5	113	1	113	1	112	7.253e-11	473	1	0.9576	1.0	
job_A	MGYP000504063898.pdb.gz	42.9	114	1	114	1	112	6.109e-11	473	1	0.9661	0.9828	
job_A	MGYP003455780035.pdb.gz	39.2	112	1	112	25	136	4.59e-11	473	1	0.9492	0.8116	
job_A	MGYP001586094056.pdb.gz	36.5	115	1	115	9	123	6.109e-11	473	1	0.9746	0.7325	
job_A	MGYP001463920266.pdb.gz	42.5	108	1	108	1	106	4.335e-11	472	1	0.9153	1.0189	
job_A	MGYP001209279741.pdb.gz	37.3	115	1	115	1	113	4.59e-11	472	1	0.9746	1.0177	
job_A	MGYP000335272727.pdb.gz	40.5	116	1	115	1	115	4.335e-11	472	1	0.9831	0.9831	
job_A	MGYP000078110388.pdb.gz	38.1	118	1	115	1	118	1.64e-11	472	1	1.0	1.0	
job_A	MGYP001544911288.pdb.gz	48.6	111	5	115	1	111	6.109e-11	472	1	0.9407	0.9328	
job_A	MGYP001441720120.pdb.gz	34.2	114	1	114	1	113	4.094e-11	472	1	0.9661	0.958	
job_A	MGYP001575972917.pdb.gz	40	115	1	115	1	115	5.146e-11	472	1	0.9746	0.8984	
job_A	MGYP000069290436.pdb.gz	44.6	112	1	112	1	110	4.59e-11	471	1	0.9492	0.9655	
job_A	MGYP002766204656.pdb.gz	38.7	116	1	116	1	108	2.183e-11	471	1	0.9831	0.9508	
job_A	MGYP001081752533.pdb.gz	40	115	1	115	1	115	6.109e-11	471	1	0.9746	0.9426	
job_A	MGYP001262095600.pdb.gz	38.8	121	1	117	2	122	2.905e-11	471	1	1.0254	0.9918	
job_A	MGYP003351693085.pdb.gz	37.2	118	1	115	4	121	4.094e-11	471	1	1.0	0.9516	
job_A	MGYP000854515838.pdb.gz	41.3	121	1	117	1	120	2.447e-11	471	1	1.0254	0.968	
job_A	MGYP001608759339.pdb.gz	40.5	111	5	115	1	111	5.77e-11	470	1	0.9407	1.0	
job_A	MGYP000235424517.pdb.gz	36.2	116	1	116	1	114	8.61e-11	470	1	0.9831	1.0	
job_A	MGYP000179980643.pdb.gz	39.4	114	1	114	1	113	8.132e-11	470	1	0.9661	0.9828	
job_A	MGYP001484948065.pdb.gz	33	115	1	115	1	115	7.68e-11	470	1	0.9746	0.9746	
job_A	MGYP000571294062.pdb.gz	35.9	114	1	114	1	114	1.36e-10	470	1	0.9661	0.9421	
job_A	MGYP000035236406.pdb.gz	46	115	1	115	1	113	4.094e-11	470	1	0.9746	0.935	
job_A	MGYP000914773650.pdb.gz	41	112	1	112	40	151	6.469e-11	470	1	0.9492	0.7226	
job_A	MGYP001336986639.pdb.gz	42.6	115	3	117	2	115	4.86e-11	469	1	0.9746	1.0	
job_A	MGYP000734893898.pdb.gz	43.1	116	1	116	2	115	4.094e-11	469	1	0.9831	0.9748	
job_A	MGYP001381794729.pdb.gz	43.4	115	1	115	1	110	3.652e-11	468	1	0.9746	1.0455	
job_A	MGYP001101388364.pdb.gz	38.9	118	1	115	1	116	1.736e-11	468	1	1.0	1.0172	
job_A	MGYP000474717287.pdb.gz	42.3	118	1	115	1	116	3.076e-11	468	1	1.0	1.0172	
job_A	MGYP001494043881.pdb.gz	33.9	112	1	112	1	112	5.77e-11	468	1	0.9492	0.9573	
job_A	MGYP003395226829.pdb.gz	41.8	122	1	117	1	120	3.257e-11	468	1	1.0339	0.9919	
job_A	MGYP000273225153.pdb.gz	43.1	116	1	116	1	115	6.109e-11	468	1	0.9831	0.8992	
job_A	MGYP001409795895.pdb.gz	41.9	112	2	113	31	142	7.253e-11	468	1	0.9492	0.6292	
job_A	MGYP001774171597.pdb.gz	35.6	115	1	115	1	113	5.77e-11	467	1	0.9746	0.9914	
job_A	MGYP001084004822.pdb.gz	42.1	121	1	118	1	121	2.744e-11	467	1	1.0254	0.9837	
job_A	MGYP001009844288.pdb.gz	43.4	115	1	115	36	146	6.85e-11	467	1	0.9746	0.777	
job_A	MGYP001413826188.pdb.gz	39	110	1	110	1	108	6.469e-11	466	1	0.9322	1.0185	
job_A	MGYP001599930040.pdb.gz	43.4	115	1	115	8	120	8.132e-11	466	1	0.9746	0.9055	
job_A	MGYP001576662878.pdb.gz	39.1	115	1	115	31	145	1.441e-10	466	1	0.9746	0.777	
job_A	MGYP000561861551.pdb.gz	37.9	116	1	116	1	112	6.109e-11	465	1	0.9831	1.0175	
job_A	MGYP001562213553.pdb.gz	33.9	115	1	114	1	115	7.68e-11	465	1	0.9746	0.9664	
job_A	MGYP001040121223.pdb.gz	38.8	121	1	118	13	133	3.652e-11	465	1	1.0254	0.8963	
job_A	MGYP001438970418.pdb.gz	33.9	115	1	115	1	114	7.68e-11	464	1	0.9746	1.0088	
job_A	MGYP001313550677.pdb.gz	39.1	115	1	115	2	112	6.469e-11	464	1	0.9746	0.9914	
job_A	MGYP001574398845.pdb.gz	33	115	1	115	1	115	1.082e-10	464	1	0.9746	0.9583	
job_A	MGYP001604472189.pdb.gz	36.5	115	1	115	1	113	9.117e-11	464	1	0.9746	0.9583	
job_A	MGYP000450850656.pdb.gz	37.6	117	1	115	2	118	7.68e-11	464	1	0.9915	0.8478	
job_A	MGYP001385838703.pdb.gz	41.5	113	1	113	1	112	1.441e-10	463	1	0.9576	1.0	
job_A	MGYP001791842162.pdb.gz	36.5	123	1	118	1	123	2.744e-11	463	1	1.0424	1.0	
job_A	MGYP001436902098.pdb.gz	37.3	115	1	115	2	116	1.146e-10	463	1	0.9746	0.9055	
job_A	MGYP001577518661.pdb.gz	39.4	119	2	114	3	111	2.905e-11	463	1	1.0085	0.9154	
job_A	MGYP002028420170.pdb.gz	38.5	109	1	109	24	132	1.146e-10	462	1	0.9237	0.8258	
job_A	MGYP001765326947.pdb.gz	47.2	108	1	108	1	106	6.469e-11	461	1	0.9153	1.0189	
job_A	MGYP001353196011.pdb.gz	37.3	115	1	115	1	113	1.213e-10	461	1	0.9746	1.0088	
job_A	MGYP001476117456.pdb.gz	37.6	117	2	118	3	117	5.77e-11	461	1	0.9915	1.0	
job_A	MGYP001235118497.pdb.gz	39.8	118	1	118	1	114	7.68e-11	461	1	1.0	0.9916	
job_A	MGYP001438211048.pdb.gz	31.8	116	1	116	2	117	1.917e-10	461	1	0.9831	0.9587	
job_A	MGYP001596133097.pdb.gz	36.2	116	1	115	1	116	9.117e-11	461	1	0.9831	0.9062	
job_A	MGYP003352313931.pdb.gz	41	112	3	114	2	113	1.213e-10	461	1	0.9492	0.8116	
job_A	MGYP001568956455.pdb.gz	36.5	115	1	115	1	111	1.146e-10	460	1	0.9746	1.0088	
job_A	MGYP001562618411.pdb.gz	38.4	117	1	115	1	113	5.146e-11	460	1	0.9915	1.0263	
job_A	MGYP000700299672.pdb.gz	44.3	115	1	115	1	113	7.68e-11	460	1	0.9746	0.9664	
job_A	MGYP000303648698.pdb.gz	35.8	120	1	117	1	120	5.146e-11	460	1	1.0169	0.9231	
job_A	MGYP001307016772.pdb.gz	40.1	112	1	112	40	151	1.811e-10	460	1	0.9492	0.7417	
job_A	MGYP001576602910.pdb.gz	57.8	95	1	95	6	100	7.253e-11	459	1	0.8051	0.95	
job_A	MGYP001292434816.pdb.gz	46.6	105	3	107	2	105	7.253e-11	459	1	0.8898	0.9545	
job_A	MGYP000641173398.pdb.gz	34.2	114	1	114	1	112	9.653e-11	459	1	0.9661	0.9828	
job_A	MGYP001814236643.pdb.gz	37.3	115	1	115	1	113	1.36e-10	458	1	0.9746	0.9914	
job_A	MGYP001597798959.pdb.gz	37.9	116	1	116	1	114	1.022e-10	458	1	0.9831	1.0	
job_A	MGYP000400243994.pdb.gz	38.8	121	1	117	1	119	3.867e-11	458	1	1.0254	1.0168	
job_A	MGYP001175241728.pdb.gz	40.5	116	1	116	1	116	1.213e-10	458	1	0.9831	0.8992	
job_A	MGYP001466124739.pdb.gz	37.6	109	1	109	42	150	1.441e-10	458	1	0.9237	0.7267	
job_A	MGYP001009921151.pdb.gz	53	115	1	115	1	109	2.311e-11	457	1	0.9746	1.0088	
job_A	MGYP001248946771.pdb.gz	33.6	116	1	115	1	115	1.146e-10	457	1	0.9831	1.0	
job_A	MGYP000960389703.pdb.gz	40.6	118	1	115	1	116	5.77e-11	457	1	1.0	1.0172	
job_A	MGYP001294783319.pdb.gz	38.7	116	1	116	2	113	1.146e-10	457	1	0.9831	1.0	
job_A	MGYP001109553262.pdb.gz	41.6	120	1	117	1	119	3.867e-11	457	1	1.0169	1.0084	
job_A	MGYP002759878044.pdb.gz	49.1	116	5	117	1	116	4.59e-11	457	1	0.9831	0.8722	
job_A	MGYP001178149983.pdb.gz	38.3	112	3	114	2	113	1.285e-10	457	1	0.9492	0.6222	
job_A	MGYP003396049983.pdb.gz	38.2	115	1	115	1	115	1.811e-10	456	1	0.9746	1.0	
job_A	MGYP001060494499.pdb.gz	31.3	115	1	115	1	114	1.811e-10	456	1	0.9746	0.9664	
job_A	MGYP001026927894.pdb.gz	40	115	1	115	2	116	1.36e-10	456	1	0.9746	0.8984	
job_A	MGYP003300951531.pdb.gz	40.3	109	5	113	1	109	2.276e-10	455	1	0.9237	1.0	
job_A	MGYP000988286662.pdb.gz	40.5	111	5	115	1	111	1.36e-10	455	1	0.9407	0.9911	
job_A	MGYP000580106367.pdb.gz	38.5	114	3	116	2	113	1.285e-10	455	1	0.9661	0.9828	
job_A	MGYP000367119091.pdb.gz	38	121	1	118	1	119	3.652e-11	455	1	1.0254	1.0168	
job_A	MGYP000849533897.pdb.gz	34.7	115	1	115	7	121	1.525e-10	455	1	0.9746	0.9274	
job_A	MGYP001123485189.pdb.gz	38.7	116	3	118	2	115	8.132e-11	454	1	0.9831	1.0087	
job_A	MGYP000495272766.pdb.gz	41.8	117	5	118	1	117	6.85e-11	454	1	0.9915	0.9832	
job_A	MGYP001155556973.pdb.gz	38.1	118	1	118	1	114	1.441e-10	454	1	1.0	0.9752	
job_A	MGYP000155526897.pdb.gz	41	112	3	114	2	111	2.03e-10	453	1	0.9492	0.9655	
job_A	MGYP001373149853.pdb.gz	38.9	118	1	115	1	116	1.022e-10	453	1	1.0	1.0172	
job_A	MGYP000313953815.pdb.gz	39.6	121	1	118	1	119	2.744e-11	453	1	1.0254	1.0	
job_A	MGYP001573995124.pdb.gz	33.9	115	1	115	1	115	2.552e-10	453	1	0.9746	0.9504	
job_A	MGYP002788942609.pdb.gz	45.2	115	1	115	1	113	1.146e-10	453	1	0.9746	0.935	
job_A	MGYP000712373054.pdb.gz	44	118	3	117	2	117	5.146e-11	453	1	1.0	0.9593	
job_A	MGYP001202720935.pdb.gz	34.7	121	1	117	1	121	1.213e-10	453	1	1.0254	0.9758	
job_A	MGYP003568517793.pdb.gz	47.1	123	1	118	16	134	2.061e-11	453	1	1.0424	0.8849	
job_A	MGYP000364291979.pdb.gz	55.3	94	1	94	2	95	5.77e-11	452	1	0.7966	0.9895	
job_A	MGYP000235858072.pdb.gz	37.3	115	1	115	3	117	2.861e-10	452	1	0.9746	0.8846	
job_A	MGYP001613718565.pdb.gz	35.5	121	1	118	37	157	9.653e-11	452	1	1.0254	0.7423	
job_A	MGYP001268258737.pdb.gz	38.3	107	1	107	26	130	1.71e-10	451	1	0.9068	0.7926	
job_A	MGYP001198471768.pdb.gz	39.2	112	3	114	2	113	1.615e-10	451	1	0.9492	0.6188	
job_A	MGYP001262358303.pdb.gz	43.1	109	1	109	1	107	2.03e-10	450	1	0.9237	1.0	
job_A	MGYP001412585887.pdb.gz	40.5	111	5	115	1	111	2.552e-10	450	1	0.9407	1.0	
job_A	MGYP001258438048.pdb.gz	30.1	116	1	115	1	116	1.71e-10	450	1	0.9831	0.9915	
job_A	MGYP000637464319.pdb.gz	40.7	113	3	114	2	114	1.811e-10	450	1	0.9576	0.7902	
job_A	MGYP000257331300.pdb.gz	43.7	112	1	112	1	109	9.117e-11	449	1	0.9492	0.9912	
job_A	MGYP001264949169.pdb.gz	35.3	116	1	115	1	116	1.213e-10	449	1	0.9831	0.9667	
job_A	MGYP001568868348.pdb.gz	35.1	108	3	110	2	109	1.71e-10	448	1	0.9153	0.9818	
job_A	MGYP000089802507.pdb.gz	32.1	115	1	115	1	115	1.811e-10	448	1	0.9746	1.0	
job_A	MGYP003232653430.pdb.gz	42.1	121	1	118	1	119	1.463e-11	448	1	1.0254	0.9453	
job_A	MGYP001229163236.pdb.gz	46.6	105	3	107	2	105	1.441e-10	447	1	0.8898	0.9375	
job_A	MGYP001136898754.pdb.gz	40.8	115	2	114	3	111	6.85e-11	447	1	0.9746	1.0	
job_A	MGYP000277020359.pdb.gz	35.3	113	3	115	2	114	2.702e-10	447	1	0.9576	0.9496	
job_A	MGYP000747740614.pdb.gz	34.7	115	1	115	2	112	1.615e-10	447	1	0.9746	0.92	
job_A	MGYP000962900676.pdb.gz	40.3	114	1	114	2	115	1.811e-10	447	1	0.9661	0.8382	
job_A	MGYP001375296994.pdb.gz	51.5	95	1	95	1	95	9.653e-11	446	1	0.8051	0.9896	
job_A	MGYP000026060064.pdb.gz	37.3	115	1	115	2	114	1.525e-10	446	1	0.9746	1.0	
job_A	MGYP000531076449.pdb.gz	33	115	1	115	1	113	1.71e-10	446	1	0.9746	0.9504	
job_A	MGYP001820135371.pdb.gz	41.2	114	1	112	2	114	9.653e-11	446	1	0.9661	0.8201	
job_A	MGYP001183414200.pdb.gz	41.3	116	1	115	307	420	7.68e-11	446	1	0.9831	0.2755	
job_A	MGYP000715794781.pdb.gz	38.2	115	1	115	2	114	1.082e-10	445	1	0.9746	0.9664	
job_A	MGYP001132526905.pdb.gz	37.3	115	2	116	47	157	1.917e-10	445	1	0.9746	0.7233	
job_A	MGYP000712842639.pdb.gz	40.1	112	1	112	1	112	3.808e-10	444	1	0.9492	1.0	
job_A	MGYP000459957234.pdb.gz	41.5	106	3	108	2	105	2.861e-10	443	1	0.8983	1.0095	
job_A	MGYP001558814773.pdb.gz	38.9	113	3	115	2	110	2.276e-10	443	1	0.9576	0.9912	
job_A	MGYP000361941147.pdb.gz	37	116	1	116	3	114	2.861e-10	443	1	0.9831	1.0	
job_A	MGYP002286153029.pdb.gz	45.8	120	3	113	2	119	2.061e-11	442	1	1.0169	0.9091	
job_A	MGYP003623557707.pdb.gz	36.2	113	3	114	2	114	1.917e-10	442	1	0.9576	0.8248	
job_A	MGYP001034675142.pdb.gz	40.3	114	3	116	2	111	2.276e-10	441	1	0.9661	1.0088	
job_A	MGYP000690318803.pdb.gz	35.9	114	1	114	1	110	3.597e-10	441	1	0.9661	1.0	
job_A	MGYP002629439971.pdb.gz	31.3	118	1	118	1	114	2.15e-10	441	1	1.0	1.0351	
job_A	MGYP000049536413.pdb.gz	40.8	115	1	115	1	113	3.597e-10	441	1	0.9746	0.9829	
job_A	MGYP001569375236.pdb.gz	33	118	1	115	1	117	1.917e-10	440	1	1.0	1.0	
job_A	MGYP001255488731.pdb.gz	35.1	111	5	115	2	112	4.787e-10	439	1	0.9407	0.9737	
job_A	MGYP001385701547.pdb.gz	34.8	112	1	112	1	111	3.597e-10	439	1	0.9492	0.9739	
job_A	MGYP002028527430.pdb.gz	39.8	118	1	118	5	117	1.082e-10	439	1	1.0	1.0085	
job_A	MGYP000195901438.pdb.gz	38	121	1	116	1	121	2.552e-10	439	1	1.0254	0.9758	
job_A	MGYP000734060805.pdb.gz	40.9	110	3	112	2	111	4.521e-10	439	1	0.9322	0.719	
job_A	MGYP000875324301.pdb.gz	38	113	1	113	1	111	2.15e-10	438	1	0.9576	1.018	
job_A	MGYP000203635693.pdb.gz	43.4	115	1	115	1	108	2.03e-10	438	1	0.9746	0.9583	
job_A	MGYP002868462914.pdb.gz	43.3	113	3	115	2	112	2.861e-10	438	1	0.9576	0.904	
job_A	MGYP001791479689.pdb.gz	37.1	121	1	118	1	119	9.653e-11	438	1	1.0254	0.8643	
job_A	MGYP001276055304.pdb.gz	35.4	110	1	110	4	112	2.552e-10	437	1	0.9322	0.9821	
job_A	MGYP001124492952.pdb.gz	41.1	119	3	118	2	118	1.082e-10	437	1	1.0085	1.0085	
job_A	MGYP003967999437.pdb.gz	37.2	110	1	110	1	109	3.03e-10	436	1	0.9322	1.0	
job_A	MGYP001489237986.pdb.gz	42.1	114	5	118	1	114	3.597e-10	436	1	0.9661	0.9194	
job_A	MGYP000603516051.pdb.gz	35.6	115	1	115	6	116	4.787e-10	436	1	0.9746	0.92	
job_A	MGYP001821855514.pdb.gz	38.3	120	1	117	1	120	2.861e-10	436	1	1.0169	0.9231	
job_A	MGYP003644483186.pdb.gz	35.6	115	1	115	8	118	5.069e-10	436	1	0.9746	0.7718	
job_A	MGYP001475170211.pdb.gz	36	111	5	115	2	112	5.367e-10	435	1	0.9407	0.9823	
job_A	MGYP002642606852.pdb.gz	37.7	114	1	114	1	110	5.683e-10	435	1	0.9661	1.0	
job_A	MGYP001550414553.pdb.gz	40.3	114	8	118	1	114	1.285e-10	435	1	0.9661	0.95	
job_A	MGYP000108798108.pdb.gz	34.7	121	1	115	2	121	1.441e-10	435	1	1.0254	0.8705	
job_A	MGYP000665585217.pdb.gz	48.9	98	1	98	1	98	3.03e-10	434	1	0.8305	0.9899	
job_A	MGYP001943034031.pdb.gz	35.3	116	1	116	1	112	3.208e-10	434	1	0.9831	1.0087	
job_A	MGYP000025778043.pdb.gz	37.1	113	3	115	2	112	4.27e-10	434	1	0.9576	0.9741	
job_A	MGYP001396800232.pdb.gz	34.5	110	1	110	1	108	6.746e-10	433	1	0.9322	1.0092	
job_A	MGYP000733483586.pdb.gz	43.2	118	3	115	2	115	1.71e-10	432	1	1.0	1.0172	
job_A	MGYP001828271342.pdb.gz	37.3	115	1	115	1	111	6.371e-10	432	1	0.9746	0.9504	
job_A	MGYP001558177090.pdb.gz	36.6	120	1	118	1	120	6.746e-10	432	1	1.0169	0.96	
job_A	MGYP001039426055.pdb.gz	41.4	111	5	115	1	111	8.48e-10	432	1	0.9407	0.7708	
job_A	MGYP001061524370.pdb.gz	36.6	112	1	110	45	154	8.61e-11	430	1	0.9492	0.7179	
job_A	MGYP001137407818.pdb.gz	33	109	1	109	1	109	1.34e-09	429	1	0.9237	1.0	
job_A	MGYP000033709189.pdb.gz	38.3	107	1	107	1	106	4.521e-10	429	1	0.9068	0.9817	
job_A	MGYP001610021528.pdb.gz	41.4	111	5	115	1	111	7.564e-10	429	1	0.9407	0.9328	
job_A	MGYP000053040178.pdb.gz	38	113	3	115	2	114	8.48e-10	429	1	0.9576	0.8188	
job_A	MGYP001452873478.pdb.gz	41.2	109	1	109	1	108	7.143e-10	428	1	0.9237	1.0093	
job_A	MGYP003474959232.pdb.gz	31.4	121	1	118	1	120	2.552e-10	428	1	1.0254	1.0	
job_A	MGYP001810649272.pdb.gz	48.5	101	1	101	2	102	3.808e-10	427	1	0.8559	0.9902	
job_A	MGYP001209281014.pdb.gz	41.1	107	1	107	1	103	4.27e-10	427	1	0.9068	1.0	
job_A	MGYP001268996342.pdb.gz	36.8	114	1	114	1	110	5.367e-10	427	1	0.9661	0.9828	
job_A	MGYP001465834158.pdb.gz	36.9	111	5	115	2	112	8.48e-10	427	1	0.9407	0.8952	
job_A	MGYP000485606886.pdb.gz	33.9	115	1	115	1	111	8.48e-10	425	1	0.9746	1.0268	
job_A	MGYP000947189854.pdb.gz	33	115	1	115	2	111	5.069e-10	425	1	0.9746	1.0268	
job_A	MGYP001801899995.pdb.gz	35	114	3	116	2	111	5.069e-10	425	1	0.9661	1.0088	
job_A	MGYP001381213833.pdb.gz	40.7	113	3	115	2	110	6.746e-10	425	1	0.9576	1.0	
job_A	MGYP001497288186.pdb.gz	35.7	112	3	113	2	113	8.48e-10	425	1	0.9492	0.9825	
job_A	MGYP001419426540.pdb.gz	47.8	115	3	117	2	112	8.48e-10	424	1	0.9746	1.0268	
job_A	MGYP000327153583.pdb.gz	51.5	95	1	95	34	128	4.27e-10	424	1	0.8051	0.7422	
job_A	MGYP001778032151.pdb.gz	37.2	118	2	115	26	143	1.007e-09	424	1	1.0	0.7108	
job_A	MGYP001264439962.pdb.gz	35.5	107	1	107	1	106	6.017e-10	422	1	0.9068	0.9554	
job_A	MGYP001191158616.pdb.gz	43.8	105	3	107	2	105	6.371e-10	422	1	0.8898	0.9375	
job_A	MGYP000518803196.pdb.gz	27.8	115	1	115	1	113	8.48e-10	422	1	0.9746	0.9914	
job_A	MGYP001770997264.pdb.gz	38.7	116	1	116	2	111	4.032e-10	422	1	0.9831	0.9667	
job_A	MGYP001119409710.pdb.gz	42.8	98	1	98	2	99	6.017e-10	421	1	0.8305	0.98	
job_A	MGYP000187442477.pdb.gz	40.9	105	3	107	2	104	9.508e-10	421	1	0.8898	0.9722	
job_A	MGYP001547459277.pdb.gz	36.6	112	3	114	2	109	8.979e-10	421	1	0.9492	0.9825	
job_A	MGYP001486499175.pdb.gz	41.2	97	1	97	1	97	6.371e-10	421	1	0.822	0.651	
job_A	MGYP001618890759.pdb.gz	34.7	115	3	117	2	112	8.48e-10	420	1	0.9746	1.0268	
job_A	MGYP003646126890.pdb.gz	41.5	113	1	112	1	109	4.787e-10	420	1	0.9576	1.0	
job_A	MGYP001369144872.pdb.gz	34.2	114	1	114	1	114	1.34e-09	420	1	0.9661	0.9661	
job_A	MGYP001569451279.pdb.gz	36.3	121	1	115	2	117	1.917e-10	420	1	1.0254	1.0	
job_A	MGYP001774057850.pdb.gz	33.6	119	3	118	2	118	3.808e-10	420	1	1.0085	0.9597	
job_A	MGYP000656096485.pdb.gz	38.2	123	1	118	1	123	4.521e-10	420	1	1.0424	0.8849	
job_A	MGYP003472380253.pdb.gz	36.4	118	3	118	2	114	5.069e-10	419	1	1.0	1.0351	
job_A	MGYP000653932762.pdb.gz	40	120	1	117	1	114	3.03e-10	419	1	1.0169	0.9677	
job_A	MGYP000280093185.pdb.gz	50.5	97	1	97	1	97	8.009e-10	418	1	0.822	0.9898	
job_A	MGYP001446271396.pdb.gz	40.5	101	1	101	19	119	6.371e-10	418	1	0.8559	0.8487	
job_A	MGYP001794950680.pdb.gz	39.8	118	1	115	6	121	4.032e-10	418	1	1.0	0.9752	
job_A	MGYP000899892769.pdb.gz	37.7	122	1	118	1	120	2.861e-10	418	1	1.0339	1.0	
job_A	MGYP001000619464.pdb.gz	40.3	114	3	116	2	111	8.979e-10	418	1	0.9661	0.9268	
job_A	MGYP001815259505.pdb.gz	46.8	111	3	112	2	112	3.808e-10	417	1	0.9407	0.9487	
job_A	MGYP001815081285.pdb.gz	34.7	115	2	116	14	124	1.195e-09	417	1	0.9746	0.8712	
job_A	MGYP000511854692.pdb.gz	32.7	113	3	115	42	151	1.007e-09	417	1	0.9576	0.6278	
job_A	MGYP000214271962.pdb.gz	52.7	91	1	91	1	91	7.564e-10	416	1	0.7712	1.0	
job_A	MGYP003418001829.pdb.gz	36.8	114	3	116	2	111	1.265e-09	415	1	0.9661	0.9913	
job_A	MGYP001578920651.pdb.gz	33.9	115	1	115	9	123	1.783e-09	415	1	0.9746	0.8712	
job_A	MGYP003306230335.pdb.gz	35.1	111	1	110	17	124	9.508e-10	414	1	0.9407	0.888	
job_A	MGYP001361256311.pdb.gz	42.9	107	1	107	1	105	1.34e-09	413	1	0.9068	0.9817	
job_A	MGYP001054298051.pdb.gz	35.3	113	3	115	2	111	1.195e-09	413	1	0.9576	1.0089	
job_A	MGYP000462883953.pdb.gz	38.4	117	1	115	2	112	6.371e-10	413	1	0.9915	0.936	
job_A	MGYP000938172392.pdb.gz	31.8	116	1	116	1	111	1.419e-09	413	1	0.9831	0.8593	
job_A	MGYP000272860221.pdb.gz	36.8	114	3	116	2	111	1.591e-09	412	1	0.9661	1.0088	
job_A	MGYP000961314921.pdb.gz	38.9	113	2	114	23	135	2.374e-09	412	1	0.9576	0.689	
job_A	MGYP000112653613.pdb.gz	36.1	119	3	118	2	120	6.371e-10	411	1	1.0085	0.9917	
job_A	MGYP001310256285.pdb.gz	38.3	107	1	107	1	104	3.208e-10	410	1	0.9068	0.9817	
job_A	MGYP001276436448.pdb.gz	33.6	107	1	107	1	105	2.374e-09	410	1	0.9068	0.964	
job_A	MGYP001585463430.pdb.gz	36.4	118	1	117	1	118	1.34e-09	410	1	1.0	0.8429	
job_A	MGYP002700545487.pdb.gz	40.6	118	1	115	9	123	8.009e-10	409	1	1.0	0.9008	
job_A	MGYP002795414414.pdb.gz	56.4	85	5	89	5	89	1.419e-09	408	1	0.7203	0.9444	
job_A	MGYP000347192504.pdb.gz	39.1	97	1	97	2	98	1.066e-09	408	1	0.822	0.9604	
job_A	MGYP002631282103.pdb.gz	37.5	112	3	114	2	109	2.117e-09	408	1	0.9492	1.0	
job_A	MGYP001553148683.pdb.gz	35.9	114	1	114	8	117	1.591e-09	408	1	0.9661	0.9268	
job_A	MGYP000090019979.pdb.gz	31.3	118	1	118	1	114	1.888e-09	407	1	1.0	1.0261	
job_A	MGYP001812127732.pdb.gz	36.2	113	3	115	2	110	2.374e-09	407	1	0.9576	0.9339	
job_A	MGYP002629559329.pdb.gz	37.7	114	3	115	2	115	2.984e-09	407	1	0.9661	0.6369	
job_A	MGYP003568063053.pdb.gz	42.1	95	1	95	1	95	1.419e-09	406	1	0.8051	1.0	
job_A	MGYP000443745726.pdb.gz	33	115	1	115	1	115	2.513e-09	406	1	0.9746	0.92	
job_A	MGYP000324319184.pdb.gz	52.6	93	1	93	3	95	1.265e-09	405	1	0.7881	0.9118	
job_A	MGYP000501129706.pdb.gz	28	114	1	114	1	114	1.591e-09	405	1	0.9661	0.95	
job_A	MGYP001819663576.pdb.gz	35.3	113	3	115	2	110	2e-09	405	1	0.9576	0.9339	
job_A	MGYP000117908294.pdb.gz	34.7	121	1	118	1	120	1.129e-09	405	1	1.0254	0.9918	
job_A	MGYP000247619042.pdb.gz	40.6	118	1	115	3	117	7.143e-10	405	1	1.0	0.8194	
job_A	MGYP000120118728.pdb.gz	36.2	113	3	115	2	110	2e-09	404	1	0.9576	1.0	
job_A	MGYP001325240599.pdb.gz	29.5	115	1	115	1	113	1.195e-09	404	1	0.9746	1.0088	
job_A	MGYP001578287933.pdb.gz	29.1	120	1	117	7	124	1.888e-09	404	1	1.0169	0.9449	
job_A	MGYP000632827027.pdb.gz	38	113	1	113	1	109	2.661e-09	404	1	0.9576	0.7687	
job_A	MGYP002548784669.pdb.gz	35.3	113	3	115	2	112	1.34e-09	403	1	0.9576	1.0089	
job_A	MGYP003619818088.pdb.gz	36.8	114	3	116	2	111	2.242e-09	403	1	0.9661	1.0088	
job_A	MGYP000128880199.pdb.gz	44.5	110	3	107	2	111	6.746e-10	403	1	0.9322	0.9735	
job_A	MGYP001322118042.pdb.gz	37	116	1	115	3	116	1.502e-09	403	1	0.9831	0.9915	
job_A	MGYP002634334933.pdb.gz	34.8	112	3	114	2	112	3.345e-09	402	1	0.9492	0.7517	
job_A	MGYP001087098931.pdb.gz	35.1	111	1	109	1	108	1.684e-09	401	1	0.9407	1.0278	
job_A	MGYP001794301224.pdb.gz	33.6	113	3	115	2	110	3.159e-09	401	1	0.9576	1.0	
job_A	MGYP001013012444.pdb.gz	36.3	110	1	109	1	110	2.818e-09	401	1	0.9322	0.9735	
job_A	MGYP001265144366.pdb.gz	38.9	118	3	117	2	115	8.48e-10	401	1	1.0	1.0261	
job_A	MGYP000859095898.pdb.gz	31.8	113	3	115	2	110	2.984e-09	400	1	0.9576	1.0	
job_A	MGYP000735526430.pdb.gz	28.8	118	1	118	1	115	1.783e-09	400	1	1.0	1.0261	
job_A	MGYP001812361221.pdb.gz	35.3	113	3	115	2	110	2.661e-09	399	1	0.9576	1.0	
job_A	MGYP001585974582.pdb.gz	30.9	113	3	115	2	110	3.159e-09	399	1	0.9576	1.0	
job_A	MGYP000875810425.pdb.gz	35.7	98	1	98	1	98	2.513e-09	398	1	0.8305	0.9899	
job_A	MGYP000905311103.pdb.gz	32.7	113	3	115	2	110	2.984e-09	398	1	0.9576	1.0	
job_A	MGYP001312462556.pdb.gz	36.4	118	3	117	2	115	1.007e-09	398	1	1.0	1.0261	
job_A	MGYP001791372109.pdb.gz	25.8	112	3	114	2	113	5.926e-09	398	1	0.9492	0.9412	
job_A	MGYP000877281162.pdb.gz	36.3	121	2	117	33	147	8.979e-10	398	1	1.0254	0.8231	
job_A	MGYP001442305314.pdb.gz	35.8	117	1	115	1	110	1.591e-09	397	1	0.9915	0.9915	
job_A	MGYP000108963167.pdb.gz	33.3	114	2	115	31	140	3.971e-09	397	1	0.9661	0.7917	
job_A	MGYP001297351028.pdb.gz	32.7	113	3	115	2	114	5.286e-09	396	1	0.9576	0.9826	
job_A	MGYP001607614763.pdb.gz	27.2	121	1	118	1	117	1.34e-09	396	1	1.0254	0.9308	
job_A	MGYP003894873637.pdb.gz	49.1	118	3	115	2	116	2.861e-10	395	1	1.0	0.9916	
job_A	MGYP000184199231.pdb.gz	32.7	116	1	116	5	114	3.542e-09	395	1	0.9831	0.9431	
job_A	MGYP000930323255.pdb.gz	33.3	120	2	118	3	116	8.009e-10	393	1	1.0169	1.0	
job_A	MGYP001463687556.pdb.gz	35.8	120	1	117	1	116	1.783e-09	392	1	1.0169	1.0345	
job_A	MGYP001588749017.pdb.gz	21.8	133	1	115	1	131	2.984e-09	392	1	1.1271	1.0153	
job_A	MGYP003784464257.pdb.gz	34.5	107	1	107	1	104	1.265e-09	391	1	0.9068	0.8492	
job_A	MGYP000439325676.pdb.gz	30.1	116	1	116	1	112	5.597e-09	390	1	0.9831	1.0087	
job_A	MGYP000600318738.pdb.gz	43.2	97	1	97	1	95	3.159e-09	389	1	0.822	1.0211	
job_A	MGYP003681925374.pdb.gz	34.4	116	3	115	2	110	2e-09	389	1	0.9831	1.0	
job_A	MGYP002654471974.pdb.gz	33.3	114	1	114	1	108	3.971e-09	389	1	0.9661	0.9661	
job_A	MGYP001201736307.pdb.gz	26.9	115	1	115	2	111	4.453e-09	388	1	0.9746	0.9829	
job_A	MGYP000890700644.pdb.gz	33.9	109	1	108	2	103	3.345e-09	387	1	0.9237	1.0583	
job_A	MGYP000366941696.pdb.gz	33.3	114	3	116	2	111	8.844e-09	387	1	0.9661	1.0088	
job_A	MGYP001583131851.pdb.gz	34.5	113	3	115	2	110	5.926e-09	387	1	0.9576	0.9826	
job_A	MGYP000601566596.pdb.gz	40.3	109	1	109	1	100	1.066e-09	386	1	0.9237	1.0187	
job_A	MGYP002819350626.pdb.gz	43.1	95	1	95	1	95	4.205e-09	385	1	0.8051	1.0	
job_A	MGYP000480602906.pdb.gz	35	117	3	118	2	114	5.597e-09	385	1	0.9915	0.936	
job_A	MGYP001606482771.pdb.gz	31.8	113	3	115	2	110	8.352e-09	384	1	0.9576	1.0	
job_A	MGYP002261187326.pdb.gz	29.6	118	1	118	1	114	8.352e-09	384	1	1.0	1.0261	
job_A	MGYP001465317519.pdb.gz	51.3	109	12	117	38	146	2.661e-09	384	1	0.9237	0.6728	
job_A	MGYP002590489926.pdb.gz	38.7	124	1	115	2	123	2.818e-09	383	1	1.0508	0.9118	
job_A	MGYP001433903636.pdb.gz	42.8	91	1	91	1	91	6.645e-09	382	1	0.7712	1.0	
job_A	MGYP001626286133.pdb.gz	35.8	117	3	117	2	114	3.159e-09	382	1	0.9915	1.0263	
job_A	MGYP000915258496.pdb.gz	40.1	117	1	116	3	116	5.286e-09	382	1	0.9915	0.975	
job_A	MGYP000984057933.pdb.gz	29.5	115	1	115	1	115	5.286e-09	381	1	0.9746	0.9664	
job_A	MGYP001163554859.pdb.gz	38.9	113	3	115	2	113	1.246e-08	377	1	0.9576	0.9187	
job_A	MGYP001560795164.pdb.gz	32.7	113	3	115	2	110	1.112e-08	376	1	0.9576	1.0	
job_A	MGYP001185086610.pdb.gz	33.9	112	1	107	1	112	6.645e-09	375	1	0.9492	0.9655	
job_A	MGYP001042940575.pdb.gz	31.9	119	1	115	1	115	5.926e-09	375	1	1.0085	0.952	
job_A	MGYP000136937184.pdb.gz	41.9	93	1	93	3	95	7.036e-09	369	1	0.7881	0.7881	
job_A	MGYP000571209536.pdb.gz	42	107	12	118	1	107	1.177e-08	369	1	0.9068	0.7329	
job_A	MGYP002349563447.pdb.gz	24.1	116	1	115	3	116	3.295e-08	365	1	0.9831	1.0	
job_A	MGYP001400224749.pdb.gz	30.7	114	3	116	2	110	1.757e-08	364	1	0.9661	1.0179	
job_A	MGYP001031016244.pdb.gz	46	102	14	115	1	102	1.969e-08	363	1	0.8644	0.9903	
job_A	MGYP001608600911.pdb.gz	28.9	114	3	116	2	111	3.694e-08	362	1	0.9661	1.0088	
job_A	MGYP001549864614.pdb.gz	27.3	106	2	107	9	114	2.621e-08	362	1	0.8983	0.906	
job_A	MGYP000901056893.pdb.gz	33.8	118	1	118	2	117	2.476e-08	362	1	1.0	0.9672	
job_A	MGYP001557231581.pdb.gz	23.4	115	1	115	2	116	1.659e-08	361	1	0.9746	0.9055	
job_A	MGYP000598438643.pdb.gz	29.2	113	3	115	2	110	4.142e-08	360	1	0.9576	0.9826	
job_A	MGYP001550073744.pdb.gz	53.6	95	22	116	1	95	3.295e-08	355	1	0.8051	0.9794	
job_A	MGYP000091104882.pdb.gz	30.1	116	1	115	1	109	2.338e-08	355	1	0.9831	0.9915	
job_A	MGYP000229686000.pdb.gz	45	102	14	115	3	100	2.338e-08	354	1	0.8644	1.0099	
job_A	MGYP001236928873.pdb.gz	28	114	3	115	2	108	3.694e-08	353	1	0.9661	1.0	
job_A	MGYP001773423530.pdb.gz	39.8	103	13	115	2	104	4.917e-08	351	1	0.8729	0.9626	
job_A	MGYP001496934231.pdb.gz	37.1	105	3	107	2	102	5.513e-08	349	1	0.8898	0.9813	
job_A	MGYP003565232360.pdb.gz	37.8	103	13	115	1	103	5.837e-08	349	1	0.8729	0.9035	
job_A	MGYP001196164649.pdb.gz	31.5	114	3	115	2	112	5.513e-08	349	1	0.9661	0.9913	
job_A	MGYP001818173147.pdb.gz	51.6	89	1	89	1	89	2.476e-08	347	1	0.7542	1.0	
job_A	MGYP001034148094.pdb.gz	44.9	89	1	89	1	89	4.142e-08	347	1	0.7542	0.9889	
job_A	MGYP000620680335.pdb.gz	26.6	109	1	109	1	104	6.544e-08	347	1	0.9237	1.0481	
job_A	MGYP000592445490.pdb.gz	25.7	105	1	105	1	101	7.337e-08	345	1	0.8898	1.0294	
job_A	MGYP003332783269.pdb.gz	36.4	107	3	109	2	104	1.48e-08	345	1	0.9068	1.0288	
job_A	MGYP000162043724.pdb.gz	31.9	122	1	115	1	114	1.177e-08	345	1	1.0339	1.0	
job_A	MGYP001028136094.pdb.gz	27.8	115	3	116	2	110	9.223e-08	342	1	0.9746	1.0	
job_A	MGYP001432943632.pdb.gz	27.2	125	1	118	1	119	1.48e-08	339	1	1.0593	1.0081	
job_A	MGYP001380506629.pdb.gz	33.3	105	11	115	1	105	1.543e-07	335	1	0.8898	0.9545	
job_A	MGYP002005712085.pdb.gz	35.5	107	3	109	2	107	9.766e-08	333	1	0.9068	1.0	
job_A	MGYP003394430473.pdb.gz	42.1	95	21	115	1	95	1.3e-07	330	1	0.8051	0.9896	
job_A	MGYP000370026614.pdb.gz	30.5	121	3	118	2	115	2.775e-08	329	1	1.0254	1.0431	
job_A	MGYP001408437899.pdb.gz	24.6	126	1	118	1	122	4.142e-08	327	1	1.0678	0.9844	
job_A	MGYP003297440419.pdb.gz	37.9	108	3	109	5	109	1.177e-08	326	1	0.9153	0.9643	
job_A	MGYP001450443817.pdb.gz	40.4	89	3	91	2	90	2.303e-07	325	1	0.7542	0.978	
job_A	MGYP001817257266.pdb.gz	46.7	92	24	115	1	92	2.175e-07	325	1	0.7797	0.9684	
job_A	MGYP000515860100.pdb.gz	35	97	3	99	2	96	2.303e-07	323	1	0.822	0.8151	
job_A	MGYP000565448139.pdb.gz	29.4	119	5	115	2	120	3.245e-07	317	1	1.0085	0.937	
job_A	MGYP001079599001.pdb.gz	32.4	114	11	115	11	124	1.832e-07	317	1	0.9661	0.8976	
job_A	MGYP002637975515.pdb.gz	39	87	3	89	2	88	4.843e-07	316	1	0.7373	0.9886	
job_A	MGYP000954835985.pdb.gz	23.5	123	1	116	6	126	1.832e-07	315	1	1.0424	0.7785	
job_A	MGYP001065410830.pdb.gz	47.1	87	3	89	2	88	3.065e-07	312	1	0.7373	0.9886	
job_A	MGYP003610190543.pdb.gz	23.6	114	3	115	2	109	3.436e-07	312	1	0.9661	1.0364	
job_A	MGYP001549804833.pdb.gz	52.1	92	27	118	1	92	4.319e-07	311	1	0.7797	1.0	
job_A	MGYP000388838930.pdb.gz	49.4	95	24	118	1	95	6.087e-07	311	1	0.8051	0.9794	
job_A	MGYP002525343086.pdb.gz	27.2	121	2	114	3	119	1.095e-07	311	1	1.0254	0.9837	
job_A	MGYP001423067951.pdb.gz	31	103	3	105	2	98	4.843e-07	310	1	0.8729	1.0404	
job_A	MGYP001132415866.pdb.gz	38.7	93	23	115	1	93	6.446e-07	309	1	0.7881	1.0	
job_A	MGYP001768317445.pdb.gz	42.7	96	20	115	1	96	2.894e-07	308	1	0.8136	0.9897	
job_A	MGYP000851850789.pdb.gz	44	93	21	113	1	93	3.436e-07	307	1	0.7881	0.9894	
job_A	MGYP001102397273.pdb.gz	22.1	122	1	118	15	135	1.832e-07	307	1	1.0339	0.8356	
job_A	MGYP000772459955.pdb.gz	41.3	116	1	116	1	107	1.3e-07	305	1	0.9831	0.9667	
job_A	MGYP000107880020.pdb.gz	39.3	99	20	118	1	99	4.843e-07	304	1	0.839	0.99	
job_A	MGYP002725792884.pdb.gz	42.8	91	25	115	1	91	1.078e-06	300	1	0.7712	0.9891	
job_A	MGYP003610572528.pdb.gz	38.8	90	25	114	1	90	1.28e-06	299	1	0.7627	0.9474	
job_A	MGYP001550650456.pdb.gz	46.3	95	21	115	1	95	1.018e-06	299	1	0.8051	0.8261	
job_A	MGYP001325868576.pdb.gz	25	124	1	117	3	124	3.065e-07	297	1	1.0508	0.8212	
job_A	MGYP003545672627.pdb.gz	41.9	93	24	115	1	93	1.52e-06	295	1	0.7881	1.0	
job_A	MGYP003485195898.pdb.gz	45.3	97	18	114	1	97	6.087e-07	295	1	0.822	0.951	
job_A	MGYP000175260748.pdb.gz	65.3	78	7	84	7	84	9.084e-07	293	1	0.661	0.9176	
job_A	MGYP001383928861.pdb.gz	46.5	88	28	115	1	88	1.52e-06	292	1	0.7458	0.9888	
job_A	MGYP003395381157.pdb.gz	41.1	85	5	89	7	91	2.401e-06	290	1	0.7203	0.9239	
job_A	MGYP000205897519.pdb.gz	40.6	91	25	115	1	91	2.401e-06	289	1	0.7712	0.8585	
job_A	MGYP003612754262.pdb.gz	28.2	92	1	92	2	91	2.692e-06	285	1	0.7797	0.7419	
job_A	MGYP000450984787.pdb.gz	39.1	97	22	115	1	97	1.52e-06	284	1	0.822	1.0	
job_A	MGYP003424428035.pdb.gz	43.4	99	16	114	2	98	1.435e-06	283	1	0.839	0.9706	
job_A	MGYP000080908710.pdb.gz	49.4	85	1	85	1	85	1.356e-06	281	1	0.7203	0.9884	
job_A	MGYP000936369165.pdb.gz	43.7	96	26	118	1	96	1.28e-06	281	1	0.8136	0.768	
job_A	MGYP001158815484.pdb.gz	44	100	16	115	1	97	7.227e-07	280	1	0.8475	0.8621	
job_A	MGYP001556192721.pdb.gz	38.9	95	21	115	1	93	1.609e-06	279	1	0.8051	1.0	
job_A	MGYP000650488849.pdb.gz	26.1	107	1	101	1	104	1.142e-06	279	1	0.9068	0.877	
job_A	MGYP002719132472.pdb.gz	35.7	112	10	118	2	106	3.065e-07	272	1	0.9492	1.0	
job_A	MGYP002780370924.pdb.gz	60.8	69	19	87	1	69	3.019e-06	271	1	0.5847	0.9452	
job_A	MGYP000974552777.pdb.gz	40.6	86	27	112	2	87	4.77e-06	269	1	0.7288	0.9348	
job_A	MGYP001619447262.pdb.gz	40.7	103	11	104	2	104	2.023e-06	269	1	0.8729	0.8803	
job_A	MGYP001285321625.pdb.gz	50.5	99	22	117	23	118	1.435e-06	269	1	0.839	0.7984	
job_A	MGYP000492981275.pdb.gz	20.4	122	2	118	159	272	7.227e-07	269	1	1.0339	0.4469	
job_A	MGYP001069243133.pdb.gz	38.2	81	7	87	6	84	4.77e-06	268	1	0.6864	0.9529	
job_A	MGYP000670712814.pdb.gz	43.7	96	25	117	3	98	3.384e-06	268	1	0.8136	0.9231	
job_A	MGYP003307115567.pdb.gz	38.5	96	5	100	1	93	2.023e-06	266	1	0.8136	0.8649	
job_A	MGYP003612942833.pdb.gz	37.7	106	16	118	1	106	1.28e-06	266	1	0.8983	0.9298	
job_A	MGYP001323217263.pdb.gz	44.2	95	22	116	1	91	6.722e-06	263	1	0.8051	1.0215	
job_A	MGYP001550590033.pdb.gz	28.7	94	1	94	1	90	1.804e-06	263	1	0.7966	0.9592	
job_A	MGYP002763281412.pdb.gz	39.2	102	19	117	1	102	2.851e-06	263	1	0.8644	0.8226	
job_A	MGYP002789460456.pdb.gz	39.1	92	25	116	3	94	1.335e-05	262	1	0.7797	0.9388	
job_A	MGYP001454155043.pdb.gz	44.7	85	1	85	1	85	5.662e-06	261	1	0.7203	0.9884	
job_A	MGYP001611370565.pdb.gz	31.4	89	3	91	2	85	8.45e-06	259	1	0.7542	1.023	
job_A	MGYP002779868120.pdb.gz	50	74	21	94	1	74	7.536e-06	256	1	0.6271	1.0	
job_A	MGYP003317154766.pdb.gz	34.9	106	16	118	1	106	3.196e-06	256	1	0.8983	0.9907	
job_A	MGYP001026406846.pdb.gz	44.3	97	23	116	1	95	1.414e-05	249	1	0.822	0.951	
job_A	MGYP001587515833.pdb.gz	38.8	85	7	91	1	82	1.678e-05	245	1	0.7203	1.0119	
job_A	MGYP003755371487.pdb.gz	38.8	90	26	115	2	89	1.585e-05	242	1	0.7627	1.0	
job_A	MGYP000155445652.pdb.gz	19	110	1	105	1	104	3.794e-06	241	1	0.9322	1.0185	
job_A	MGYP000117851892.pdb.gz	29.6	91	1	91	1	86	1.125e-05	240	1	0.7712	1.0581	
job_A	MGYP000605884937.pdb.gz	45.3	86	33	118	2	87	1.777e-05	240	1	0.7288	0.9053	
job_A	MGYP001035662460.pdb.gz	23.5	106	3	108	2	101	9.473e-06	239	1	0.8983	1.0495	
job_A	MGYP000371440114.pdb.gz	36.4	85	19	103	1	85	2.973e-05	237	1	0.7203	0.7391	
job_A	MGYP003629905675.pdb.gz	20.5	102	1	97	1	99	1.261e-05	236	1	0.8644	0.8793	
job_A	MGYP003507731129.pdb.gz	35.8	81	25	105	3	81	1.497e-05	235	1	0.6864	0.9759	
job_A	MGYP001215256353.pdb.gz	38.1	97	27	118	2	98	2.365e-05	233	1	0.822	0.9798	
job_A	MGYP001290479627.pdb.gz	37.5	88	28	115	1	88	7.423e-05	231	1	0.7458	0.967	
job_A	MGYP001290366797.pdb.gz	48.8	88	34	118	1	88	2.234e-05	226	1	0.7458	0.9462	
job_A	MGYP001576372681.pdb.gz	21.4	121	1	118	2	115	1.062e-05	226	1	1.0254	0.903	
job_A	MGYP000874951961.pdb.gz	40	80	5	84	5	84	0.0001108	225	1	0.678	0.9412	
job_A	MGYP001270658909.pdb.gz	44.3	88	34	118	2	89	2.808e-05	225	1	0.7458	0.9263	
job_A	MGYP002529983607.pdb.gz	30.4	105	3	107	1	97	2.234e-05	225	1	0.8898	0.9375	
job_A	MGYP001309868102.pdb.gz	37.5	96	28	118	2	97	8.322e-05	216	1	0.8136	0.9697	
job_A	MGYP001028043457.pdb.gz	34.4	116	3	115	2	100	2.504e-05	216	1	0.9831	1.16	
job_A	MGYP003465524236.pdb.gz	47.7	88	34	118	2	89	4.437e-05	216	1	0.7458	0.8627	
job_A	MGYP001401741280.pdb.gz	48.2	87	35	118	1	87	5.267e-05	215	1	0.7373	0.956	
job_A	MGYP000168720153.pdb.gz	36.6	90	27	116	2	87	0.0001653	213	1	0.7627	0.989	
job_A	MGYP001619289505.pdb.gz	15.5	109	1	101	9	109	1.191e-05	213	1	0.9237	0.9083	
job_A	MGYP001179686676.pdb.gz	36.9	84	33	116	2	85	0.0002467	204	1	0.7119	0.8936	
job_A	MGYP001617411013.pdb.gz	32.9	85	31	115	2	86	0.0003681	199	1	0.7203	0.8854	
job_A	MGYP001134400116.pdb.gz	49.3	73	7	79	8	80	0.0003897	197	1	0.6186	0.9125	
job_A	MGYP003475810618.pdb.gz	42.7	103	11	113	2	88	6.621e-05	195	1	0.8729	1.1573	
job_A	MGYP001555451345.pdb.gz	22.9	87	12	98	2	85	0.00022	182	1	0.7373	0.725	
job_A	MGYP001203843869.pdb.gz	41.8	86	37	118	1	85	0.00022	180	1	0.7288	0.8776	
job_A	MGYP000420385187.pdb.gz	41.5	77	38	114	1	77	0.000437	179	1	0.6525	0.9167	
job_A	MGYP001580597017.pdb.gz	37.5	80	38	117	1	80	0.000437	170	1	0.678	1.0	
job_A	MGYP001014827946.pdb.gz	28.1	103	16	118	5	99	0.0006158	170	1	0.8729	1.0404	
job_A	MGYP000860884084.pdb.gz	49.2	67	7	73	7	73	0.000437	165	1	0.5678	0.9178	
job_A	MGYP000485263243.pdb.gz	42.1	76	5	80	5	79	0.001825	165	1	0.6441	0.9268	
job_A	MGYP001235838670.pdb.gz	41.8	74	42	115	15	88	0.001452	164	1	0.6271	0.8409	
job_A	MGYP003349245791.pdb.gz	42.1	64	7	70	8	71	0.00541	156	1	0.5424	0.8889	
job_A	MGYP001320141292.pdb.gz	22.6	84	7	86	71	150	0.0006904	151	1	0.7119	0.5385	
job_A	MGYP004158156879.pdb.gz	13.1	99	3	93	2	99	0.001295	150	1	0.839	0.9802	
job_A	MGYP000435589758.pdb.gz	31.4	70	25	94	14	78	0.004304	141	1	0.5932	0.7609	
job_A	MGYP002761284556.pdb.gz	16.8	107	5	99	1	103	0.003839	140	1	0.9068	0.8992	
job_A	MGYP001613136996.pdb.gz	13.3	90	13	95	3	89	0.004825	139	1	0.7627	0.9474	
job_A	MGYP000539450182.pdb.gz	12.3	89	2	86	6	85	0.001933	134	1	0.7542	0.978	
job_A	MGYP000433379527.pdb.gz	13.9	93	2	89	5	88	0.003625	133	1	0.7881	1.022	
job_A	MGYP003400262069.pdb.gz	10.1	89	5	91	28	114	0.008548	130	1	0.7542	0.7607	
job_A	MGYP001113589654.pdb.gz	12.5	96	1	91	5	91	0.01276	126	1	0.8136	0.5246	
job_A	MGYP001120131775.pdb.gz	16.3	92	11	98	9	97	0.006065	119	1	0.7797	0.8519	
job_A	MGYP002395992013.pdb.gz	12.9	108	1	103	1	100	0.01138	119	1	0.9153	0.931	
job_A	MGYP001099382163.pdb.gz	18.7	96	9	99	2	91	0.01074	118	1	0.8136	0.9143	
job_A	MGYP001766249560.pdb.gz	11.2	89	7	89	71	154	0.008548	117	1	0.7542	0.5742	
job_A	MGYP000162016139.pdb.gz	9.2	97	1	94	7	91	0.01798	115	1	0.822	0.9898	
job_A	MGYP002762611310.pdb.gz	12	91	1	89	2	87	0.009051	114	1	0.7712	0.3085	
job_A	MGYP000660358911.pdb.gz	17.1	105	1	99	1	94	0.01903	113	1	0.8898	0.2043	
job_A	MGYP001277633377.pdb.gz	10	100	7	100	7	97	0.04752	108	1	0.8475	1.0309	
job_A	MGYP000144276331.pdb.gz	7.9	101	2	89	18	111	0.04488	108	1	0.8559	0.7594	
job_A	MGYP001325762143.pdb.gz	14.5	103	1	99	2	96	0.01603	108	1	0.8729	0.7744	
job_A	MGYP001571330130.pdb.gz	12.5	104	1	99	35	129	0.03008	105	1	0.8814	0.1962	
job_A	MGYP001041902706.pdb.gz	8.1	98	1	95	2	89	0.04003	101	1	0.8305	1.0316	
job_A	MGYP000022789153.pdb.gz	13.3	90	4	89	14	97	0.05328	101	1	0.7627	0.1761	
job_A	MGYP003735552117.pdb.gz	9.6	93	1	89	16	100	0.02841	100	1	0.7881	0.1816	
job_A	MGYP001609482773.pdb.gz	12.9	93	9	99	2	91	0.03571	98	0.999	0.7881	0.6327	
job_A	MGYP003320194717.pdb.gz	11.9	92	1	89	362	444	0.05032	98	0.999	0.7797	0.2004	
job_A	MGYP001612667431.pdb.gz	13.4	104	1	99	1	95	0.02534	97	0.999	0.8814	0.2076	
job_A	MGYP001136471510.pdb.gz	14.8	108	3	91	1	99	0.05032	95	0.998	0.9153	1.0909	
job_A	MGYP003804803867.pdb.gz	10.7	102	2	99	11	103	0.04003	94	0.998	0.8644	0.2	
job_A	MGYP000698699076.pdb.gz	12.7	102	1	99	9	102	0.04239	92	0.997	0.8644	0.1984	
job_A	MGYP001615139562.pdb.gz	13.4	104	1	99	1	94	0.03781	91	0.997	0.8814	0.8189	
job_A	MGYP001066846788.pdb.gz	10.1	99	4	89	36	131	0.06698	91	0.997	0.839	0.4626	
job_A	MGYP001420997202.pdb.gz	12	100	1	96	55	144	0.1256	90	0.996	0.8475	0.6757	
job_A	MGYP001287096610.pdb.gz	8.9	89	1	88	451	531	0.1187	87	0.994	0.7542	0.1636	
job_A	MGYP001604799069.pdb.gz	14.8	108	1	94	1	102	0.00541	86	0.993	0.9153	1.0485	
job_A	MGYP001138973333.pdb.gz	10.9	137	7	91	207	339	0.09439	86	0.993	1.161	0.4018	
job_A	MGYP003548866104.pdb.gz	13.1	114	3	102	1	106	0.04488	84	0.991	0.9661	0.8321	
job_A	MGYP001555862826.pdb.gz	13.6	73	23	95	371	441	0.1121	84	0.991	0.6186	0.1637	
job_A	MGYP001385332915.pdb.gz	11.8	101	3	100	1	89	0.09439	82	0.988	0.8559	1.0632	
job_A	MGYP001133801279.pdb.gz	10.9	110	12	99	14	119	0.03571	81	0.986	0.9322	0.4527	
job_A	MGYP000577791375.pdb.gz	9.6	93	9	99	3	91	0.2495	80	0.984	0.7881	0.6691	
job_A	MGYP000862625223.pdb.gz	8.4	95	1	89	7	91	0.06698	80	0.984	0.8051	0.1866	
job_A	MGYP000897819958.pdb.gz	9.1	98	5	94	437	526	0.07509	79	0.981	0.8305	0.1846	
job_A	MGYP001304154015.pdb.gz	14.5	96	1	89	23	116	0.04488	78	0.978	0.8136	0.8205	
job_A	MGYP000072946423.pdb.gz	10	90	3	87	3	88	0.3137	77	0.975	0.7627	0.1789	
job_A	MGYP000406156027.pdb.gz	11.8	118	4	95	3	113	0.07509	74	0.961	1.0	0.8741	
job_A	MGYP000939287327.pdb.gz	12.6	71	21	89	828	896	1.042	74	0.961	0.6017	0.0791	
job_A	MGYP000512326626.pdb.gz	15.5	90	8	94	2	80	0.4421	72	0.949	0.7627	0.3913	
job_A	MGYP002833242840.pdb.gz	11.5	95	4	91	63	153	0.133	71	0.941	0.8051	0.4299	
job_A	MGYP001437676840.pdb.gz	7.9	88	1	87	3	81	0.623	67	0.9	0.7458	0.386	
job_A	MGYP003571418024.pdb.gz	6.8	146	3	99	27	169	2.07	48	0.411	1.2373	0.4695	
job_A	MGYP000193012188.pdb.gz	7.1	126	1	100	87	211	2.602	46	0.353	1.0678	0.3206	
