job_A	1ppy-assembly1.cif.gz_A	100	118	1	118	1	118	1.747e-24	1059	1	1.0	1.0	
job_A	1pqf-assembly1.cif.gz_A-2	99.1	117	1	117	5	121	3.315e-21	876	1	0.9915	0.9213	
job_A	1pt0-assembly1.cif.gz_A	99.1	116	1	115	2	117	3.315e-21	848	1	0.9831	0.9915	
job_A	1pt1-assembly1.cif.gz_A	99.1	115	1	115	3	117	8.275e-21	848	1	0.9746	0.9829	
job_A	1pyq-assembly1.cif.gz_A	98.2	116	1	115	5	120	9.278e-21	848	1	0.9831	0.9667	
job_A	1pqe-assembly1.cif.gz_A	99.1	117	1	117	1	117	8.275e-21	838	1	0.9915	1.0	
job_A	4azd-assembly1.cif.gz_A	99.1	117	1	117	6	122	1.843e-20	822	1	0.9915	0.959	
job_A	1pqh-assembly1.cif.gz_A	99.1	116	1	116	4	119	1.466e-20	820	1	0.9831	0.9748	
job_A	1pqf-assembly1.cif.gz_B-2	99.1	116	1	116	1	116	5.783e-20	814	1	0.9831	1.0	
job_A	4cs0-assembly1.cif.gz_A	99.1	118	1	118	2	119	4.104e-20	813	1	1.0	0.9291	
job_A	4crz-assembly1.cif.gz_A	99.1	118	1	118	2	119	1.444e-19	794	1	1.0	0.9291	
job_A	7a8y-assembly1.cif.gz_BBB	100	94	25	118	1	94	2.51e-14	563	1	0.7966	1.0	
job_A	1pyu-assembly1.cif.gz_B	100	91	26	116	2	92	4.447e-14	544	1	0.7712	0.9891	
job_A	3tm7-assembly1.cif.gz_B	98.9	94	25	118	1	94	7.878e-14	544	1	0.7966	1.0	
job_A	2c45-assembly1.cif.gz_C	50.4	113	1	113	1	113	1.176e-13	542	1	0.9576	1.0	
job_A	3tm7-assembly1.cif.gz_D	98.9	94	25	118	1	94	9.902e-14	526	1	0.7966	0.9307	
job_A	4cry-assembly1.cif.gz_G	98.9	94	25	118	1	94	6.172e-13	500	1	0.7966	0.9216	
job_A	4d7z-assembly1.cif.gz_B	98.9	93	26	118	1	93	8.216e-13	496	1	0.7881	0.9894	
job_A	5ls7-assembly1.cif.gz_D	100	93	26	118	1	93	1.033e-12	490	1	0.7881	0.9208	
job_A	3oug-assembly1.cif.gz_A	32.1	112	1	109	1	107	4.431e-10	392	1	0.9492	1.0467	
job_A	3oug-assembly1.cif.gz_C	32.1	109	1	109	1	106	6.244e-10	391	1	0.9237	1.0283	
job_A	6oz8-assembly1.cif.gz_D	45.9	87	27	113	2	88	1.795e-07	298	1	0.7373	0.956	
job_A	6p1y-assembly1.cif.gz_B	44.9	89	27	115	2	90	2.39e-07	295	1	0.7542	0.8812	
job_A	2eeo-assembly1.cif.gz_B	47.7	88	27	114	2	89	5.634e-07	282	1	0.7458	0.9263	
job_A	3plx-assembly1.cif.gz_B	41	95	27	118	2	95	2.492e-06	242	1	0.8051	0.95	
job_A	1uhe-assembly1.cif.gz_A	35.9	89	27	115	2	89	6.976e-06	235	1	0.7542	0.9175	
job_A	5kiy-assembly1.cif.gz_A	13.6	88	11	95	15	98	0.0009006	140	1	0.7458	0.1938	
job_A	3tiw-assembly1.cif.gz_A	15.9	88	11	95	3	86	0.0009006	139	1	0.7458	0.55	
job_A	4kdi-assembly1.cif.gz_A	13	92	7	95	3	87	0.0008033	136	1	0.7797	0.586	
job_A	7dg7-assembly1.cif.gz_A	16.8	89	12	91	2	86	0.00101	131	1	0.7542	1.0349	
job_A	4rv0-assembly4.cif.gz_G	15.2	92	7	95	5	89	0.001269	130	1	0.7797	0.5576	
job_A	3hu1-assembly1.cif.gz_B	13	92	7	95	12	96	0.001344	130	1	0.7797	0.204	
job_A	5kiw-assembly1.cif.gz_A	13.6	88	11	95	4	87	0.001596	129	1	0.7458	0.2	
job_A	5ifs-assembly1.cif.gz_D	14.7	88	11	95	4	87	0.002993	129	1	0.7458	0.1986	
job_A	5ifs-assembly1.cif.gz_B	14.7	88	11	95	4	87	0.002827	129	1	0.7458	0.1982	
job_A	7dww-assembly2.cif.gz_A	16.8	95	3	89	1	85	0.001069	127	1	0.8051	1.1047	
job_A	7r7s-assembly1.cif.gz_D	13	92	7	95	3	87	0.001199	127	1	0.7797	0.1276	
job_A	3hu2-assembly1.cif.gz_B	13.6	88	11	95	13	96	0.002827	126	1	0.7458	0.1947	
job_A	3tiw-assembly2.cif.gz_B	15.9	88	11	95	2	85	0.003356	125	1	0.7458	0.5466	
job_A	7dvf-assembly1.cif.gz_A	18.3	87	11	87	2	83	0.004466	124	1	0.7373	1.0235	
job_A	5ifw-assembly1.cif.gz_B	15.2	92	7	95	11	95	0.002249	124	1	0.7797	0.1311	
job_A	7ln1-assembly1.cif.gz_B	13.1	91	8	95	2	85	0.001894	123	1	0.7712	0.1245	
job_A	4rv0-assembly3.cif.gz_E	15.2	92	7	95	5	89	0.002669	122	1	0.7797	0.5786	
job_A	2pjh-assembly1.cif.gz_B	13.6	88	11	95	4	87	0.002249	122	1	0.7458	0.456	
job_A	7pux-assembly1.cif.gz_A	13.6	88	11	95	10	93	0.004729	122	1	0.7458	0.1982	
job_A	3cf2-assembly1.cif.gz_A	13.6	88	11	95	4	87	0.002669	122	1	0.7458	0.1335	
job_A	3qc8-assembly1.cif.gz_A	17	88	11	95	2	85	0.005302	120	1	0.7458	0.5176	
job_A	7dvc-assembly6.cif.gz_D	17.8	95	1	87	2	85	0.002827	119	1	0.8051	1.092	
job_A	4ko8-assembly1.cif.gz_A	15.9	88	11	95	11	94	0.004729	119	1	0.7458	0.193	
job_A	8hl7-assembly1.cif.gz_B	13.7	87	12	95	3	85	0.006294	118	1	0.7373	0.2091	
job_A	3qq8-assembly1.cif.gz_A	13.6	88	11	95	15	98	0.007472	117	1	0.7458	0.4972	
job_A	7dbo-assembly2.cif.gz_B	14.5	96	1	91	2	85	0.001894	116	1	0.8136	1.1163	
job_A	7ln1-assembly1.cif.gz_F	13.6	88	11	95	4	87	0.006294	116	1	0.7458	0.1252	
job_A	7rlg-assembly1.cif.gz_A	14.1	92	7	95	3	87	0.001894	116	1	0.7797	0.1252	
job_A	7dbo-assembly1.cif.gz_A	16.4	91	7	91	5	90	0.002381	115	1	0.7712	1.0	
job_A	7du6-assembly1.cif.gz_A	16.3	92	3	89	1	85	0.004729	113	1	0.7797	1.0698	
job_A	7du7-assembly2.cif.gz_B	17.1	99	1	89	1	85	0.004729	113	1	0.839	1.1512	
job_A	7dg9-assembly1.cif.gz_A	18.3	98	1	89	2	89	0.002827	113	1	0.8305	1.0889	
job_A	8hrz-assembly1.cif.gz_D	15.9	88	11	95	3	86	0.007912	113	1	0.7458	0.2018	
job_A	1e32-assembly1.cif.gz_A	15.2	92	7	95	3	87	0.005614	113	1	0.7797	0.21	
job_A	1r7r-assembly1.cif.gz_A	13.6	88	11	95	8	91	0.009945	113	1	0.7458	0.1288	
job_A	8dat-assembly1.cif.gz_A	14.2	91	8	95	2	85	0.004218	112	1	0.7712	0.1278	
job_A	7vcx-assembly1.cif.gz_A	13	92	7	95	3	87	0.005944	112	1	0.7797	0.1233	
job_A	5c19-assembly1.cif.gz_F	15.9	88	11	95	4	87	0.007472	111	1	0.7458	0.1217	
job_A	5c1a-assembly2.cif.gz_L	13	92	7	95	3	87	0.007912	111	1	0.7797	0.1252	
job_A	7bpa-assembly1.cif.gz_A	15.2	92	7	95	6	90	0.007057	111	1	0.7797	0.124	
job_A	7lmz-assembly1.cif.gz_C	14.6	89	11	95	13	96	0.007912	111	1	0.7542	0.1184	
job_A	7di1-assembly2.cif.gz_B	19.7	91	6	91	6	91	0.003169	110	1	0.7712	0.9891	
job_A	5dyi-assembly2.cif.gz_H	13.6	88	11	95	4	87	0.009393	110	1	0.7458	0.2005	
job_A	8fct-assembly1.cif.gz_F	14.7	88	11	95	2	85	0.006665	110	1	0.7458	0.1236	
job_A	5c1b-assembly1.cif.gz_F	13	92	7	95	3	87	0.006294	109	1	0.7797	0.1271	
job_A	7jy5-assembly1.cif.gz_A	13.6	88	11	95	13	96	0.008871	109	1	0.7458	0.1204	
job_A	5c18-assembly1.cif.gz_F	14.7	88	11	95	4	87	0.009393	108	1	0.7458	0.1215	
job_A	7oat-assembly1.cif.gz_B	11.4	87	11	94	2	82	0.01664	107	1	0.7373	0.2005	
job_A	5c1a-assembly2.cif.gz_K	15.9	88	11	95	4	87	0.01324	107	1	0.7458	0.1183	
job_A	7ln4-assembly1.cif.gz_D	14.7	88	11	95	13	96	0.01181	107	1	0.7458	0.1172	
job_A	7di0-assembly3.cif.gz_C	13.5	96	1	89	1	86	0.01324	106	1	0.8136	1.0909	
job_A	7ln3-assembly1.cif.gz_A	13.6	88	11	95	2	85	0.009945	106	1	0.7458	0.1202	
job_A	5e7p-assembly1.cif.gz_A	15.4	97	1	91	4	89	0.005007	105	1	0.822	0.1349	
job_A	7r7t-assembly1.cif.gz_C	14.2	91	8	95	7	90	0.005614	105	1	0.7712	0.1245	
job_A	7y4w-assembly1.cif.gz_B	14.1	92	7	95	2	86	0.007472	105	1	0.7797	0.1235	
job_A	7r7t-assembly1.cif.gz_B	13.6	88	11	95	7	90	0.01181	104	1	0.7458	0.121	
job_A	6hd0-assembly1.cif.gz_C	15.9	88	11	95	2	85	0.01324	103	1	0.7458	0.2014	
job_A	7ln3-assembly1.cif.gz_F	13.6	88	11	95	2	85	0.01571	103	1	0.7458	0.1257	
job_A	7ln6-assembly1.cif.gz_F	14.7	88	11	95	4	87	0.01975	101	1	0.7458	0.1232	
job_A	6hd3-assembly1.cif.gz_C	18.1	88	11	95	4	87	0.02483	100	1	0.7458	0.2023	
job_A	7r7t-assembly1.cif.gz_D	14.7	88	11	95	4	87	0.01484	99	0.999	0.7458	0.1215	
job_A	6hd3-assembly1.cif.gz_A	18.1	88	11	95	14	97	0.02948	98	0.999	0.7458	0.1956	
job_A	5c18-assembly1.cif.gz_E	13.7	87	12	95	6	88	0.02629	98	0.999	0.7373	0.1203	
job_A	8daw-assembly1.cif.gz_B	14.7	95	4	95	15	97	0.01324	97	0.999	0.8051	0.1323	
job_A	3cf1-assembly1.cif.gz_A-2	15.2	92	7	95	3	87	0.02345	97	0.999	0.7797	0.128	
job_A	7r7t-assembly1.cif.gz_E	12.1	82	11	89	7	87	0.0695	97	0.999	0.6949	0.1129	
job_A	7k57-assembly1.cif.gz_A	17	88	11	95	3	86	0.0125	97	0.999	0.7458	0.1188	
job_A	7r7s-assembly1.cif.gz_F	13.7	87	12	95	11	93	0.02629	96	0.999	0.7373	0.1187	
job_A	7k56-assembly1.cif.gz_A	17	88	11	95	3	86	0.01664	95	0.998	0.7458	0.1188	
job_A	5e7p-assembly2.cif.gz_B	13.4	97	1	91	3	88	0.01402	94	0.998	0.822	0.1378	
job_A	7rli-assembly1.cif.gz_E	14.7	88	11	95	4	87	0.01402	93	0.998	0.7458	0.1197	
job_A	6opc-assembly1.cif.gz_F	13	92	7	95	3	87	0.03705	91	0.997	0.7797	0.1351	
job_A	6opc-assembly1.cif.gz_D	13	92	7	95	3	87	0.03499	91	0.997	0.7797	0.1242	
job_A	7mdm-assembly1.cif.gz_D	13.7	87	12	95	1	83	0.02948	90	0.996	0.7373	0.1238	
job_A	7rlb-assembly1.cif.gz_A	14.7	88	11	95	4	87	0.0125	90	0.996	0.7458	0.1197	
job_A	6opc-assembly1.cif.gz_A	13	92	7	95	3	87	0.04399	89	0.996	0.7797	0.1255	
job_A	8daw-assembly1.cif.gz_A	12.5	88	11	95	2	85	0.04154	88	0.995	0.7458	0.1236	
job_A	6opc-assembly1.cif.gz_E	13	92	7	95	3	87	0.04932	88	0.995	0.7797	0.1285	
job_A	7rld-assembly1.cif.gz_B	13.6	88	11	95	4	87	0.03923	88	0.995	0.7458	0.1197	
job_A	4ga5-assembly4.cif.gz_D	9.6	93	11	99	1	90	0.04399	87	0.994	0.7881	0.1886	
job_A	1wlf-assembly1.cif.gz_A	11.1	90	1	87	1	79	0.08251	86	0.993	0.7627	0.5488	
job_A	7dvh-assembly4.cif.gz_C	16.6	90	3	87	2	84	0.04399	85	0.992	0.7627	1.0345	
job_A	7mdm-assembly1.cif.gz_E	14.9	87	12	95	1	83	0.0695	82	0.988	0.7373	0.1236	
job_A	7bp9-assembly1.cif.gz_A	14.2	91	8	95	5	88	0.0695	80	0.984	0.7712	0.123	
job_A	1cz5-assembly1.cif.gz_A	12.5	96	1	91	3	90	0.03923	77	0.975	0.8136	0.5189	
job_A	4pmk-assembly2.cif.gz_B	15.2	118	4	91	26	140	0.01664	76	0.971	1.0	0.8429	
job_A	2yuj-assembly1.cif.gz_A	10.1	99	1	89	16	111	0.01402	76	0.971	0.839	0.5211	
job_A	4pmk-assembly1.cif.gz_A	15	120	4	91	42	158	0.01762	75	0.967	1.0169	0.7595	
job_A	3ir7-assembly1.cif.gz_A	11.9	92	1	75	1080	1163	0.03923	75	0.967	0.7797	0.0741	
job_A	1e60-assembly2.cif.gz_C	15.3	52	23	73	655	704	0.231	74	0.961	0.4407	0.0675	
job_A	2ki8-assembly1.cif.gz_A	6.9	115	1	86	20	127	0.03705	73	0.956	0.9746	0.7877	
job_A	7r7s-assembly1.cif.gz_E	14.2	91	8	95	3	86	0.1462	73	0.956	0.7712	0.1269	
job_A	1h5n-assembly2.cif.gz_C	10.8	83	11	73	620	700	0.1837	72	0.949	0.7034	0.1084	
job_A	3ir6-assembly1.cif.gz_A	11.9	92	1	75	1071	1154	0.0695	72	0.949	0.7797	0.0746	
job_A	7mdm-assembly1.cif.gz_B	13.7	87	12	95	1	83	0.1946	71	0.941	0.7373	0.1241	
job_A	8h2n-assembly4.cif.gz_D	15.1	99	12	103	313	396	0.05222	71	0.941	0.839	0.1396	
job_A	7z11-assembly1.cif.gz_A	9.6	93	11	94	4	92	0.206	71	0.941	0.7881	0.1279	
job_A	8h2m-assembly1.cif.gz_A	11.2	80	12	89	313	388	0.09251	71	0.941	0.678	0.1061	
job_A	1dms-assembly1.cif.gz_A	15.3	52	23	73	651	700	0.2903	71	0.941	0.4407	0.0679	
job_A	3j97-assembly1.cif.gz_F	4.9	101	1	94	2	86	0.1037	70	0.933	0.8559	0.1544	
job_A	2dmr-assembly1.cif.gz_A	11.1	81	11	73	627	705	0.1837	70	0.933	0.6864	0.1051	
job_A	3dmr-assembly1.cif.gz_A	11.1	81	11	73	635	713	0.1735	70	0.933	0.6864	0.104	
job_A	2ivf-assembly1.cif.gz_A	10.8	83	11	72	777	855	0.2903	70	0.933	0.7034	0.091	
job_A	1siw-assembly1.cif.gz_A	10.8	92	1	75	1079	1162	0.07359	70	0.933	0.7797	0.0742	
job_A	2iv2-assembly1.cif.gz_X	11.8	118	5	99	572	676	0.01975	69	0.923	1.0	0.1693	
job_A	7rl6-assembly1.cif.gz_A	12.9	93	8	95	4	87	0.07359	69	0.923	0.7881	0.1265	
job_A	1e61-assembly2.cif.gz_C	11.1	81	11	73	623	701	0.1946	69	0.923	0.6864	0.1056	
job_A	4dmr-assembly1.cif.gz_A	11.1	81	11	73	629	707	0.1946	69	0.923	0.6864	0.1048	
job_A	1e60-assembly1.cif.gz_A	11.1	81	11	73	634	712	0.206	69	0.923	0.6864	0.1041	
job_A	1fdi-assembly1.cif.gz_A	11.2	125	7	99	574	694	0.01571	68	0.912	1.0593	0.1748	
job_A	1e18-assembly1.cif.gz_A	11.1	81	11	73	635	713	0.231	68	0.912	0.6864	0.104	
job_A	8e9i-assembly1.cif.gz_G	9.7	103	7	87	679	778	0.1735	68	0.912	0.8729	0.1321	
job_A	7bkb-assembly1.cif.gz_J	8.3	96	23	104	30	112	0.06564	67	0.9	0.8136	0.7328	
job_A	1qcs-assembly1.cif.gz_A	8.1	98	2	95	4	87	0.06564	67	0.9	0.8305	0.5026	
job_A	7tvp-assembly1.cif.gz_A	13.1	76	25	90	115	188	0.3074	67	0.9	0.6441	0.3378	
job_A	7r7s-assembly1.cif.gz_A	13.6	88	11	95	4	87	0.3074	67	0.9	0.7458	0.1219	
job_A	1eu1-assembly1.cif.gz_A	14.8	81	11	73	624	702	0.231	67	0.9	0.6864	0.1056	
job_A	7z11-assembly1.cif.gz_F	13	100	5	94	3	97	0.4587	66	0.887	0.8475	0.1374	
job_A	1tmo-assembly1.cif.gz_A	11.1	81	11	72	641	719	0.2446	66	0.887	0.6864	0.102	
job_A	5t5i-assembly1.cif.gz_D	8.1	122	3	95	1	112	0.04399	65	0.872	1.0339	0.9385	
job_A	3j99-assembly1.cif.gz_D	5.8	103	1	94	2	86	0.1231	65	0.872	0.8729	0.153	
job_A	6mdn-assembly1.cif.gz_D	7.4	94	1	91	2	84	0.206	65	0.872	0.7966	0.1318	
job_A	7r7t-assembly1.cif.gz_F	14.4	90	11	95	4	87	0.09251	65	0.872	0.7627	0.1241	
job_A	8gzh-assembly1.cif.gz_D	10.8	138	12	104	348	482	0.1304	64	0.855	1.1695	0.2244	
job_A	6mdn-assembly1.cif.gz_B	5.8	102	2	95	3	87	0.1548	64	0.855	0.8644	0.1443	
job_A	3egw-assembly1.cif.gz_A	11.8	110	1	84	1082	1183	0.1098	64	0.855	0.9322	0.0884	
job_A	3j99-assembly1.cif.gz_E	6.6	105	2	96	3	87	0.138	62	0.817	0.8898	0.1567	
job_A	6sdr-assembly1.cif.gz_A	12.1	99	25	91	867	963	0.1462	62	0.817	0.839	0.1028	
job_A	1zc1-assembly1.cif.gz_A	9.8	102	1	91	17	118	0.1946	61	0.795	0.8644	0.4904	
job_A	7tvn-assembly1.cif.gz_A	13	84	17	90	107	188	0.5143	61	0.795	0.7119	0.3733	
job_A	8h40-assembly1.cif.gz_E	10.4	134	8	99	353	481	0.1548	61	0.795	1.1356	0.2161	
job_A	2jiq-assembly1.cif.gz_A	10.7	84	7	70	607	683	0.2446	61	0.795	0.7119	0.1167	
job_A	5g4f-assembly1.cif.gz_P	16.3	92	7	89	6	89	0.1946	61	0.795	0.7797	0.1267	
job_A	4ydd-assembly2.cif.gz_C	14.9	87	11	78	751	829	0.2181	61	0.795	0.7373	0.0975	
job_A	7z7t-assembly1.cif.gz_G	8.5	70	22	84	835	902	0.3447	61	0.795	0.5932	0.0773	
job_A	3ir5-assembly1.cif.gz_A	11.8	110	1	84	1082	1183	0.1304	61	0.795	0.9322	0.0884	
job_A	1qdn-assembly1.cif.gz_C	5.1	97	5	95	2	88	0.2589	60	0.772	0.822	0.5105	
job_A	3j98-assembly1.cif.gz_B	6.7	103	2	94	3	86	0.231	60	0.772	0.8729	0.1535	
job_A	3j99-assembly1.cif.gz_B	6.7	103	2	94	3	86	0.231	60	0.772	0.8729	0.1533	
job_A	6mdm-assembly1.cif.gz_A	5.8	103	1	95	2	87	0.1735	60	0.772	0.8729	0.1474	
job_A	7wd3-assembly1.cif.gz_C	11.1	90	11	87	4	88	0.3864	60	0.772	0.7627	0.1247	
job_A	6cz7-assembly1.cif.gz_A	13.2	53	19	70	709	759	0.6465	60	0.772	0.4492	0.0651	
job_A	1q16-assembly1.cif.gz_A	11.8	110	1	84	1082	1183	0.1548	60	0.772	0.9322	0.0884	
job_A	8dy9-assembly1.cif.gz_D	8.1	148	2	104	424	560	0.1098	60	0.772	1.2542	0.1181	
job_A	8eoe-assembly1.cif.gz_D	8.5	140	12	104	426	560	0.1735	60	0.772	1.1864	0.1103	
job_A	8eof-assembly1.cif.gz_D	9.7	143	8	104	425	560	0.1639	59	0.747	1.2119	0.1126	
job_A	4fer-assembly1.cif.gz_A	15	113	2	91	5	105	0.0695	58	0.72	0.9576	0.5459	
job_A	8syi-assembly1.cif.gz_D	10.1	148	2	104	352	488	0.07793	58	0.72	1.2542	0.2387	
job_A	6mdm-assembly1.cif.gz_B	11.3	97	1	94	2	86	0.1304	58	0.72	0.822	0.1378	
job_A	8e8m-assembly1.cif.gz_D	9.1	142	8	104	428	563	0.1946	58	0.72	1.2034	0.112	
job_A	2nap-assembly1.cif.gz_A	9.7	82	7	70	607	683	0.3447	57	0.692	0.6949	0.1139	
job_A	8cm7-assembly1.cif.gz_A	11.7	94	25	91	866	956	0.2742	57	0.692	0.7966	0.0983	
job_A	8u0v-assembly1.cif.gz_D	9.1	109	2	97	202	305	0.2742	57	0.692	0.9237	0.1058	
job_A	6c04-assembly1.cif.gz_D	10.4	143	8	104	428	563	0.1735	57	0.692	1.2119	0.1129	
job_A	8e95-assembly1.cif.gz_D	7.9	139	12	104	429	563	0.3074	57	0.692	1.178	0.1095	
job_A	8eos-assembly1.cif.gz_D	8.5	140	12	104	426	560	0.2742	57	0.692	1.1864	0.1097	
job_A	2e7z-assembly1.cif.gz_A	8.7	80	7	70	595	670	0.3447	56	0.663	0.678	0.11	
job_A	1h0h-assembly2.cif.gz_K	11.9	134	5	93	847	975	0.05855	56	0.663	1.1356	0.1372	
job_A	7ye1-assembly1.cif.gz_D	11.4	140	12	104	338	472	0.3074	56	0.663	1.1864	0.1224	
job_A	6vvz-assembly1.cif.gz_D	9.7	143	8	104	428	563	0.1548	56	0.663	1.2119	0.113	
job_A	8exy-assembly1.cif.gz_D	9.2	140	12	104	426	560	0.2181	56	0.663	1.1864	0.11	
job_A	4l48-assembly2.cif.gz_C	12.2	114	3	95	1	104	0.03923	55	0.632	0.9661	0.5644	
job_A	1ogy-assembly6.cif.gz_K	6.5	91	7	75	676	761	0.206	55	0.632	0.7712	0.1153	
job_A	7p7k-assembly1.cif.gz_G	8.5	70	22	84	835	902	0.6106	55	0.632	0.5932	0.0773	
job_A	8cgs-assembly2.cif.gz_G-2	8.2	133	11	105	691	814	0.3649	54	0.601	1.1271	0.1618	
job_A	8cm4-assembly2.cif.gz_C	17.4	63	25	85	874	925	0.4587	54	0.601	0.5339	0.0649	
job_A	7f75-assembly1.cif.gz_D	8.7	148	2	104	338	474	0.08737	54	0.601	1.2542	0.1296	
job_A	4yfn-assembly1.cif.gz_D	11.1	144	8	104	341	476	0.2903	54	0.601	1.2203	0.1238	
job_A	6j9e-assembly1.cif.gz_D	9.4	138	9	100	338	470	0.4857	54	0.601	1.1695	0.115	
job_A	6bzo-assembly1.cif.gz_D	7.4	148	2	104	422	558	0.138	54	0.601	1.2542	0.1172	
job_A	8him-assembly1.cif.gz_A	5.9	152	1	99	2	142	0.5766	53	0.569	1.2881	0.1792	
job_A	4v4d-assembly10.cif.gz_S	17.4	63	11	72	760	817	0.9111	53	0.569	0.5339	0.072	
job_A	8ej3-assembly1.cif.gz_D	7.9	139	12	104	426	560	0.4092	53	0.569	1.178	0.1085	
job_A	8ac2-assembly1.cif.gz_D	10.9	137	8	99	336	466	0.2589	53	0.569	1.161	0.1024	
job_A	4avr-assembly1.cif.gz_B	12.6	103	3	91	2	94	0.1735	52	0.537	0.8729	1.0957	
job_A	8hyj-assembly1.cif.gz_A	8.2	157	8	105	234	386	0.6465	52	0.537	1.3305	0.1376	
job_A	7kin-assembly1.cif.gz_D	7.4	148	2	104	427	563	0.2903	52	0.537	1.2542	0.1165	
job_A	6xas-assembly1.cif.gz_J	8.6	138	12	104	343	477	0.5143	52	0.537	1.1695	0.104	
job_A	8ac1-assembly1.cif.gz_D	9.9	141	8	103	336	470	0.3255	52	0.537	1.1949	0.1055	
job_A	7vwy-assembly1.cif.gz_D	11.2	142	8	103	337	471	0.2742	52	0.537	1.2034	0.1062	
job_A	6f0k-assembly1.cif.gz_B	12.2	57	23	72	530	586	0.6465	51	0.505	0.4831	0.0593	
job_A	1kqf-assembly1.cif.gz_A	13.5	103	23	93	884	982	0.231	51	0.505	0.8729	0.1049	
job_A	8sy5-assembly1.cif.gz_J	9.3	139	12	104	290	424	0.5446	51	0.505	1.178	0.1347	
job_A	7b04-assembly6.cif.gz_Q	10.1	69	23	73	923	991	0.9648	51	0.505	0.5847	0.0618	
job_A	4yfx-assembly2.cif.gz_J	9.7	143	7	104	333	471	0.6465	51	0.505	1.2119	0.1238	
job_A	6c6u-assembly1.cif.gz_J	10.8	138	12	104	338	472	0.4857	51	0.505	1.1695	0.1032	
job_A	7tvm-assembly1.cif.gz_B	11.5	78	25	90	113	186	1.022	50	0.473	0.661	0.3498	
job_A	5e7o-assembly3.cif.gz_E	12.7	94	11	82	754	843	0.4857	50	0.473	0.7966	0.105	
job_A	8sy7-assembly1.cif.gz_J	9.4	138	12	104	299	433	0.5766	50	0.473	1.1695	0.1312	
job_A	7b04-assembly8.cif.gz_W	10.1	69	23	70	925	990	1.082	50	0.473	0.5847	0.0617	
job_A	6koq-assembly1.cif.gz_D	9.1	142	8	104	425	560	0.3074	50	0.473	1.2034	0.1129	
job_A	7ypb-assembly1.cif.gz_D	9.7	144	8	104	336	471	0.4332	50	0.473	1.2203	0.109	
job_A	6xav-assembly1.cif.gz_J	9.3	139	12	104	352	486	0.5143	50	0.473	1.178	0.1039	
job_A	4jjo-assembly1.cif.gz_A	12	116	1	95	1	104	0.05529	49	0.442	0.9831	0.5743	
job_A	7l5s-assembly1.cif.gz_A	11.7	85	7	73	626	707	1.082	49	0.442	0.7203	0.1102	
job_A	3ml1-assembly1.cif.gz_A	9.7	92	6	75	683	769	0.4587	49	0.442	0.7797	0.1151	
job_A	4mex-assembly2.cif.gz_J	10.8	138	12	104	325	459	0.6106	49	0.442	1.1695	0.1207	
job_A	5uah-assembly1.cif.gz_D	11.5	139	12	104	345	479	0.6846	49	0.442	1.178	0.1191	
job_A	6vvv-assembly1.cif.gz_D	7.4	148	2	104	423	559	0.3255	49	0.442	1.2542	0.1261	
job_A	6jcy-assembly1.cif.gz_D	9.1	142	8	104	425	560	0.4857	49	0.442	1.2034	0.1127	
job_A	6m6c-assembly1.cif.gz_D	11.6	146	8	104	446	584	0.4857	49	0.442	1.2373	0.1119	
job_A	6asx-assembly1.cif.gz_J	10.4	144	8	104	336	471	0.5446	49	0.442	1.2203	0.1076	
job_A	7l5i-assembly1.cif.gz_A	14.7	142	5	105	622	761	0.3864	48	0.411	1.2034	0.1861	
job_A	7l7b-assembly1.cif.gz_D	10.5	142	8	104	338	473	0.5143	48	0.411	1.2034	0.1237	
job_A	6vjs-assembly1.cif.gz_D	12.2	139	11	103	341	475	0.8127	48	0.411	1.178	0.1194	
job_A	5w1t-assembly1.cif.gz_D	10	130	2	87	343	461	0.8605	48	0.411	1.1017	0.111	
job_A	7dy6-assembly1.cif.gz_D	12.2	139	8	100	347	478	0.9111	48	0.411	1.178	0.1026	
job_A	5cuo-assembly1.cif.gz_A	15.9	69	25	87	121	187	1.145	47	0.382	0.5847	0.367	
job_A	7wd3-assembly1.cif.gz_F	10.1	108	11	108	4	100	0.7248	47	0.382	0.9153	0.1496	
job_A	8j83-assembly1.cif.gz_A	7.7	90	6	75	797	881	0.7675	47	0.382	0.7627	0.0988	
job_A	8i24-assembly1.cif.gz_D	11.1	143	8	104	336	471	0.6106	47	0.382	1.2119	0.1241	
job_A	4yfk-assembly2.cif.gz_J	11.3	141	12	104	334	468	0.8127	47	0.382	1.1949	0.1224	
job_A	8dkc-assembly1.cif.gz_D	9.4	148	2	103	354	489	0.4092	47	0.382	1.2542	0.1232	
job_A	6j9f-assembly1.cif.gz_D	10.1	148	6	103	330	473	0.7675	47	0.382	1.2542	0.1218	
job_A	6kon-assembly1.cif.gz_D	9.4	138	8	100	423	554	0.5766	47	0.382	1.1695	0.1102	
job_A	6ldi-assembly1.cif.gz_D	9.4	148	2	104	334	470	0.5143	47	0.382	1.2542	0.1112	
job_A	7qxi-assembly1.cif.gz_D	11.3	141	11	104	350	485	0.6465	47	0.382	1.1949	0.1057	
job_A	7xyb-assembly1.cif.gz_D	10	140	12	104	337	471	0.8127	47	0.382	1.1864	0.1046	
job_A	7ykz-assembly1.cif.gz_F	8.9	89	5	87	3	88	1.709	46	0.353	0.7542	0.1213	
job_A	4aay-assembly1.cif.gz_C	10.2	137	11	110	713	843	0.3447	46	0.353	1.161	0.1625	
job_A	6kop-assembly1.cif.gz_D	9.8	142	8	104	425	560	0.6846	46	0.353	1.2034	0.1124	
job_A	7p5x-assembly1.cif.gz_AD	9.7	143	8	104	426	561	0.7248	46	0.353	1.2119	0.113	
job_A	6fbv-assembly1.cif.gz_D	9.8	142	8	104	424	559	0.6846	46	0.353	1.2034	0.1118	
job_A	4jkr-assembly2.cif.gz_J	10.8	138	12	104	339	473	0.9111	46	0.353	1.1695	0.1031	
job_A	7vf9-assembly1.cif.gz_D	9.3	139	12	104	337	471	1.022	46	0.353	1.178	0.1038	
job_A	5ntb-assembly2.cif.gz_B	16.8	113	3	91	6	109	0.2903	45	0.326	0.9576	1.0273	
job_A	7r7t-assembly1.cif.gz_A	13.4	89	11	95	1	84	1.082	45	0.326	0.7542	0.1221	
job_A	7vw6-assembly1.cif.gz_A	7.3	123	6	94	799	912	0.7248	45	0.326	1.0424	0.1347	
job_A	6tg9-assembly1.cif.gz_A	7.8	127	7	98	816	937	0.6465	45	0.326	1.0763	0.1338	
job_A	5vi8-assembly1.cif.gz_D	6.7	148	2	104	422	558	0.6106	45	0.326	1.2542	0.1186	
job_A	8sy6-assembly1.cif.gz_J	9.7	144	8	104	289	424	0.8605	45	0.326	1.2203	0.1135	
job_A	7fjj-assembly1.cif.gz_A	7.4	67	38	99	438	502	0.7675	45	0.326	0.5678	0.0493	
job_A	4zh4-assembly1.cif.gz_D	11.8	143	8	104	329	464	0.9648	44	0.301	1.2119	0.1242	
job_A	6byu-assembly1.cif.gz_D	10.5	142	8	104	341	476	1.082	44	0.301	1.2034	0.1221	
job_A	6m6a-assembly1.cif.gz_D	6.2	143	2	99	445	577	0.8127	44	0.301	1.2119	0.1097	
job_A	7d7c-assembly1.cif.gz_D	7.4	148	2	104	335	471	0.5143	44	0.301	1.2542	0.1109	
job_A	8f1k-assembly1.cif.gz_J	10	139	12	104	350	484	1.213	44	0.301	1.178	0.103	
job_A	4s20-assembly1.cif.gz_D	10.2	136	9	99	339	470	1.36	43	0.277	1.1525	0.1184	
job_A	8hkc-assembly1.cif.gz_F	10.1	138	12	104	338	472	1.284	43	0.277	1.1695	0.119	
job_A	4s20-assembly2.cif.gz_I	10.2	136	9	99	339	470	1.36	43	0.277	1.1525	0.1172	
job_A	6vjs-assembly2.cif.gz_I	11.5	138	12	104	338	472	1.284	43	0.277	1.1695	0.119	
job_A	5zx2-assembly1.cif.gz_D	7.4	148	2	104	423	559	0.7675	43	0.277	1.2542	0.1175	
job_A	6ri9-assembly1.cif.gz_D	10.1	138	11	103	336	470	1.284	43	0.277	1.1695	0.1033	
job_A	7szk-assembly1.cif.gz_D	9.7	144	8	104	338	473	1.213	43	0.277	1.2203	0.1075	
job_A	6qk4-assembly1.cif.gz_B	9.4	95	11	95	240	330	0.3864	42	0.254	0.8051	0.287	
job_A	4yfx-assembly1.cif.gz_D	8.9	145	8	104	344	479	1.022	42	0.254	1.2288	0.1244	
job_A	5w1s-assembly1.cif.gz_D	8.7	148	2	104	343	479	0.8605	42	0.254	1.2542	0.1262	
job_A	6z11-assembly1.cif.gz_D	9.1	142	8	104	419	554	1.022	42	0.254	1.2034	0.1132	
job_A	7q4u-assembly1.cif.gz_D	7.4	148	8	104	423	558	0.6846	42	0.254	1.2542	0.1166	
job_A	7du2-assembly1.cif.gz_A	7.5	66	39	99	392	455	1.213	42	0.254	0.5593	0.051	
job_A	4llg-assembly2.cif.gz_J	10.4	143	8	104	327	462	1.614	42	0.254	1.2119	0.1079	
job_A	7ubm-assembly1.cif.gz_D	9.4	138	12	104	338	472	1.709	42	0.254	1.1695	0.104	
job_A	7uwe-assembly1.cif.gz_J	10.1	138	12	104	337	471	1.44	42	0.254	1.1695	0.1038	
job_A	6xl5-assembly1.cif.gz_D	9.3	139	12	104	337	471	1.916	42	0.254	1.178	0.104	
job_A	7mkq-assembly1.cif.gz_D	10.6	141	8	103	338	472	1.022	42	0.254	1.1949	0.1054	
job_A	7wd3-assembly1.cif.gz_E	10.1	99	4	94	5	95	2.55	41	0.233	0.839	0.1369	
job_A	6zjn-assembly1.cif.gz_3	14.4	90	7	85	666	752	1.213	41	0.233	0.7627	0.1194	
job_A	6dcf-assembly1.cif.gz_D	9.1	142	8	104	424	559	1.213	41	0.233	1.2034	0.1207	
job_A	5zx3-assembly1.cif.gz_D	8.1	148	2	104	424	560	0.7248	41	0.233	1.2542	0.1177	
job_A	6yxu-assembly1.cif.gz_D	8.7	148	2	104	420	556	0.5766	41	0.233	1.2542	0.1166	
job_A	7ade-assembly1.cif.gz_Y	11.2	142	8	103	321	455	1.213	41	0.233	1.2034	0.1057	
job_A	7rdq-assembly1.cif.gz_D	8.9	145	8	104	506	644	1.44	41	0.233	1.2288	0.1061	
job_A	7z31-assembly1.cif.gz_A	13	92	38	108	444	532	0.8605	41	0.233	0.7797	0.0648	
job_A	3i9v-assembly1.cif.gz_3	13	92	11	85	664	752	1.709	40	0.214	0.7797	0.122	
job_A	3hkz-assembly2.cif.gz_I	6.7	74	39	104	369	439	1.022	40	0.214	0.6271	0.0885	
job_A	4yfn-assembly2.cif.gz_J	10.4	144	8	104	333	468	1.81	40	0.214	1.2203	0.125	
job_A	6n62-assembly1.cif.gz_D	11.1	143	8	104	336	471	1.284	40	0.214	1.2119	0.1166	
job_A	6eyd-assembly1.cif.gz_D	9.8	142	8	104	417	552	1.022	40	0.214	1.2034	0.1144	
job_A	8fvw-assembly1.cif.gz_G	10.1	138	12	104	337	471	2.275	40	0.214	1.1695	0.1038	
job_A	6c9y-assembly1.cif.gz_D	11.2	125	8	87	344	461	2.148	40	0.214	1.0593	0.0926	
job_A	8eha-assembly1.cif.gz_J	10.1	138	12	104	337	471	1.916	40	0.214	1.1695	0.1016	
job_A	5vi5-assembly1.cif.gz_D	7.4	148	2	104	419	555	1.145	39	0.196	1.2542	0.1195	
job_A	4zh4-assembly2.cif.gz_J	11.7	145	8	104	321	456	1.709	39	0.196	1.2288	0.1099	
job_A	7vwz-assembly1.cif.gz_D	10.1	138	12	104	337	471	1.81	39	0.196	1.1695	0.1036	
job_A	7xue-assembly1.cif.gz_J	8.6	138	11	103	336	470	2.701	39	0.196	1.1695	0.1034	
job_A	6z9t-assembly1.cif.gz_Y	9.4	148	2	104	320	456	1.145	39	0.196	1.2542	0.1102	
job_A	4llg-assembly1.cif.gz_D	10.4	143	8	104	344	479	2.148	39	0.196	1.2119	0.1063	
job_A	4jp7-assembly2.cif.gz_B	7.1	126	3	91	1	118	1.524	38	0.179	1.0678	1.0328	
job_A	4wqs-assembly1.cif.gz_D	10.1	128	8	89	336	458	3.028	38	0.179	1.0847	0.1112	
job_A	8igs-assembly1.cif.gz_J	11.8	143	8	104	336	471	1.524	38	0.179	1.2119	0.1239	
job_A	1i6v-assembly1.cif.gz_D	8.4	142	8	100	316	450	1.81	38	0.179	1.2034	0.121	
job_A	6yys-assembly1.cif.gz_D	8.1	148	2	104	420	556	1.524	38	0.179	1.2542	0.1158	
job_A	7ypa-assembly1.cif.gz_D	10	150	2	104	334	470	1.44	38	0.179	1.2712	0.1125	
job_A	6gfw-assembly1.cif.gz_D	11.8	143	3	99	346	478	1.284	38	0.179	1.2119	0.1063	
job_A	6psw-assembly1.cif.gz_J	10	140	8	100	336	467	2.029	38	0.179	1.1864	0.1041	
job_A	4qiw-assembly1.cif.gz_A	9.6	93	38	109	392	481	1.213	37	0.164	0.7881	0.1078	
job_A	6wvk-assembly1.cif.gz_D	11.7	145	8	104	337	472	2.148	37	0.164	1.2288	0.1225	
job_A	4xsz-assembly2.cif.gz_J	11.7	145	8	104	336	471	2.029	37	0.164	1.2288	0.1173	
job_A	7uwh-assembly1.cif.gz_J	11.7	145	8	104	336	471	1.81	37	0.164	1.2288	0.11	
job_A	6r9b-assembly1.cif.gz_D	10	149	2	103	332	467	0.5766	37	0.164	1.2627	0.1126	
job_A	7xui-assembly1.cif.gz_J	10.1	138	12	104	338	472	3.028	37	0.164	1.1695	0.1033	
job_A	4mq9-assembly1.cif.gz_D	7.5	146	2	99	502	636	1.709	37	0.164	1.2373	0.107	
job_A	6wox-assembly1.cif.gz_D	9.2	151	2	104	624	763	1.524	37	0.164	1.2797	0.1017	
job_A	1bw4-assembly1.cif.gz_A	10.7	93	11	95	46	125	0.9648	36	0.15	0.7881	0.744	
job_A	2g5d-assembly1.cif.gz_A	14.7	95	20	104	294	379	1.36	36	0.15	0.8051	0.2487	
job_A	2vpw-assembly1.cif.gz_E	10.4	125	23	104	617	731	0.5446	36	0.15	1.0593	0.1703	
job_A	1g8k-assembly1.cif.gz_A	10.1	118	21	118	719	822	1.36	36	0.15	1.0	0.1436	
job_A	7b04-assembly2.cif.gz_E	10.6	66	23	72	918	983	6.014	36	0.15	0.5593	0.0594	
job_A	7khc-assembly1.cif.gz_D	10.8	138	12	104	339	473	3.028	36	0.15	1.1695	0.1028	
job_A	7a6h-assembly1.cif.gz_A	7.4	67	38	99	445	509	2.859	36	0.15	0.5678	0.0487	
job_A	2a6h-assembly2.cif.gz_N	9.6	145	8	104	514	652	2.275	36	0.15	1.2288	0.105	
job_A	1i3q-assembly1.cif.gz_A	5.1	155	2	89	347	489	5.066	36	0.15	1.3136	0.1096	
job_A	4g7h-assembly1.cif.gz_D	7.9	151	2	104	624	763	1.709	36	0.15	1.2797	0.1016	
job_A	3suk-assembly2.cif.gz_B	10.4	125	8	91	3	117	0.6465	35	0.138	1.0593	1.0081	
job_A	7ykk-assembly1.cif.gz_D	10	70	8	72	5	71	2.55	35	0.138	0.5932	0.0954	
job_A	6n60-assembly1.cif.gz_D	10.8	138	12	104	337	471	3.395	35	0.138	1.1695	0.1117	
job_A	6n61-assembly1.cif.gz_D	9.4	148	2	104	334	470	2.859	35	0.138	1.2542	0.1195	
job_A	2o5i-assembly1.cif.gz_D	9.6	145	8	104	443	581	2.409	35	0.138	1.2288	0.1113	
job_A	6asg-assembly1.cif.gz_D	9	133	8	89	500	622	2.409	35	0.138	1.1271	0.0981	
job_A	1iw7-assembly1.cif.gz_D	7.8	141	8	100	514	648	3.028	35	0.138	1.1949	0.1013	
job_A	1pqv-assembly1.cif.gz_A	6.8	58	38	89	402	456	3.395	35	0.138	0.4915	0.0412	
job_A	1g8j-assembly1.cif.gz_A	11	118	21	118	717	820	1.524	34	0.126	1.0	0.1439	
job_A	6kf9-assembly1.cif.gz_A	9.4	74	38	103	412	482	2.275	34	0.126	0.6271	0.0822	
job_A	6lod-assembly1.cif.gz_B	7.6	91	7	73	501	586	4.518	34	0.126	0.7712	0.098	
job_A	5tbz-assembly2.cif.gz_I	10	139	8	100	291	422	3.028	34	0.126	1.178	0.1064	
job_A	2ppb-assembly2.cif.gz_N	9.6	145	8	104	443	581	2.701	34	0.126	1.2288	0.1104	
job_A	6ztj-assembly1.cif.gz_CD	12.1	140	9	100	336	468	4.03	34	0.126	1.1864	0.105	
job_A	6jbq-assembly1.cif.gz_D	11.3	150	6	104	327	471	3.594	34	0.126	1.2712	0.1124	
job_A	6xln-assembly1.cif.gz_D	11	145	8	104	336	471	2.55	34	0.126	1.2288	0.1085	
job_A	6n58-assembly1.cif.gz_J	11.2	142	8	104	337	472	3.206	34	0.126	1.2034	0.1054	
job_A	4gzz-assembly1.cif.gz_D	10.3	145	8	104	503	641	2.859	34	0.126	1.2288	0.1068	
job_A	5nwt-assembly1.cif.gz_D	12.1	82	31	104	410	486	2.029	34	0.126	0.6949	0.0604	
job_A	1nt9-assembly1.cif.gz_A	7	57	38	89	396	450	3.806	34	0.126	0.4831	0.0412	
job_A	3wod-assembly1.cif.gz_D	8.3	144	9	104	625	764	4.03	34	0.126	1.2203	0.0968	
job_A	2nya-assembly2.cif.gz_F	9.5	94	7	75	677	762	2.029	33	0.116	0.7966	0.1188	
job_A	2wb1-assembly2.cif.gz_W	8.4	95	38	109	373	462	2.029	33	0.116	0.8051	0.113	
job_A	2o5j-assembly2.cif.gz_N	10.2	146	8	104	443	581	3.395	33	0.116	1.2373	0.1155	
job_A	6eu3-assembly1.cif.gz_A	13.2	68	38	99	423	487	3.806	33	0.116	0.5763	0.0485	
job_A	5c4a-assembly1.cif.gz_A	7.4	67	38	99	435	499	3.395	33	0.116	0.5678	0.047	
job_A	2g6g-assembly1.cif.gz_A	14.7	95	20	104	317	402	1.614	32	0.106	0.8051	0.2346	
job_A	2pmz-assembly2.cif.gz_Q	6	66	39	99	309	371	3.028	32	0.106	0.5593	0.0851	
job_A	8c0w-assembly1.cif.gz_E	13.8	108	1	95	1	92	3.028	32	0.106	0.9153	0.1049	
job_A	4jk2-assembly1.cif.gz_D	11.2	142	9	104	333	469	4.518	32	0.106	1.2034	0.1224	
job_A	7yp9-assembly1.cif.gz_D	10.5	142	8	104	319	454	3.395	32	0.106	1.2034	0.1105	
job_A	3eql-assembly2.cif.gz_N	9.6	145	8	104	443	581	3.594	32	0.106	1.2288	0.1098	
job_A	1twc-assembly1.cif.gz_A	8.9	67	38	99	388	452	5.364	32	0.106	0.5678	0.0496	
job_A	8b3f-assembly1.cif.gz_A	4.4	67	38	99	404	468	5.066	32	0.106	0.5678	0.0476	
job_A	4by1-assembly1.cif.gz_A	8.9	67	38	99	427	491	4.518	32	0.106	0.5678	0.047	
job_A	7o73-assembly1.cif.gz_A	7.4	67	38	99	429	493	5.364	32	0.106	0.5678	0.0469	
job_A	6y3y-assembly1.cif.gz_B	11.8	59	38	94	176	227	1.022	31	0.098	0.5	0.1777	
job_A	4wqt-assembly2.cif.gz_I	6.4	154	2	104	456	595	3.028	31	0.098	1.3051	0.1168	
job_A	7xug-assembly1.cif.gz_J	9.4	148	2	104	335	471	2.859	31	0.098	1.2542	0.1105	
job_A	6o6c-assembly1.cif.gz_A	7.4	67	38	99	429	493	6.014	31	0.098	0.5678	0.0463	
job_A	8g1s-assembly1.cif.gz_J	9.3	139	11	103	336	470	7.559	30	0.09	1.178	0.104	
job_A	6oul-assembly1.cif.gz_J	10.7	149	6	104	327	471	7.139	30	0.09	1.2627	0.1114	
job_A	5nss-assembly1.cif.gz_D	9.7	134	12	101	336	467	7.559	30	0.09	1.1356	0.0991	
job_A	7ae3-assembly1.cif.gz_A	8.6	92	38	109	445	534	4.03	30	0.09	0.7797	0.0672	
job_A	8oev-assembly1.cif.gz_A	4.5	66	40	99	414	476	6.014	30	0.09	0.5593	0.0468	
job_A	7opd-assembly1.cif.gz_A	4.4	67	38	99	404	468	6.368	30	0.09	0.5678	0.0475	
job_A	5jif-assembly1.cif.gz_B	13	100	2	94	178	248	0.6846	29	0.082	0.8475	0.2817	
job_A	4wqt-assembly1.cif.gz_D	6.6	150	2	100	461	596	4.03	29	0.082	1.2712	0.1124	
job_A	6f44-assembly1.cif.gz_A	10.7	65	40	99	448	510	4.518	29	0.082	0.5508	0.0465	
job_A	3cl5-assembly1.cif.gz_A-2	9.6	93	12	94	175	253	1.213	28	0.076	0.7881	0.2598	
job_A	5jif-assembly1.cif.gz_A	13	100	2	94	186	256	1.022	28	0.076	0.8475	0.2755	
job_A	1l9u-assembly1.cif.gz_D	6.9	144	2	100	329	462	5.066	28	0.076	1.2203	0.1217	
job_A	3cqz-assembly1.cif.gz_A	7.4	67	38	99	361	425	8.475	28	0.076	0.5678	0.0497	
job_A	4xlq-assembly2.cif.gz_J	13.8	65	30	87	564	623	6.014	28	0.076	0.5508	0.0475	
job_A	7b0y-assembly1.cif.gz_A	4.1	73	38	105	414	484	7.559	28	0.076	0.6186	0.0513	
job_A	5d4d-assembly2.cif.gz_N	7.8	140	8	99	625	758	8.974	28	0.076	1.1864	0.0944	
job_A	5vo8-assembly1.cif.gz_D	8.5	152	2	104	624	763	4.784	28	0.076	1.2881	0.1024	
job_A	3suj-assembly1.cif.gz_A	11	118	8	85	2	114	1.284	27	0.069	1.0	0.9593	
job_A	8fxr-assembly1.cif.gz_m	9.3	64	35	89	63	123	3.206	27	0.069	0.5424	0.3333	
job_A	7w2b-assembly4.cif.gz_J	14	57	41	92	120	162	4.267	27	0.069	0.4831	0.2714	
job_A	6mn6-assembly1.cif.gz_A	14.2	56	38	88	223	275	1.082	27	0.069	0.4746	0.1911	
job_A	3aoi-assembly2.cif.gz_I	10.2	146	8	104	403	541	7.559	27	0.069	1.2373	0.1157	
job_A	4wqt-assembly3.cif.gz_N	8.9	145	8	104	466	604	6.368	27	0.069	1.2288	0.1096	
job_A	6ca0-assembly1.cif.gz_D	11.5	138	8	100	338	469	7.559	27	0.069	1.1695	0.1021	
job_A	5my1-assembly1.cif.gz_Y	12.1	82	31	104	410	486	5.364	27	0.069	0.6949	0.0598	
job_A	8jh4-assembly1.cif.gz_A	6.8	73	39	103	412	481	6.742	27	0.069	0.6186	0.0521	
job_A	3i4n-assembly1.cif.gz_A	8.1	74	38	103	435	505	7.559	27	0.069	0.6271	0.0518	
job_A	8ceo-assembly1.cif.gz_A	9.3	75	38	104	427	498	7.139	27	0.069	0.6356	0.0497	
job_A	8hsh-assembly1.cif.gz_J	7.2	83	30	104	480	556	5.066	26	0.063	0.7034	0.0649	
job_A	3aoi-assembly1.cif.gz_D	9.5	146	8	104	457	595	8.475	26	0.063	1.2373	0.1109	
job_A	3aoi-assembly3.cif.gz_N	9.5	146	8	104	468	606	8.004	26	0.063	1.2373	0.11	
job_A	2e2i-assembly1.cif.gz_A	8.9	67	38	99	428	491	8.475	26	0.063	0.5678	0.0475	
job_A	2cdp-assembly4.cif.gz_D	12.7	102	5	95	33	118	2.275	25	0.057	0.8644	0.7846	
job_A	3cl4-assembly1.cif.gz_A-2	12	100	1	94	184	253	1.916	25	0.057	0.8475	0.2793	
job_A	4p22-assembly1.cif.gz_B	9.5	105	1	93	155	245	4.784	25	0.057	0.8898	0.28	
job_A	5x22-assembly1.cif.gz_D	7.9	151	2	104	624	763	7.559	25	0.057	1.2797	0.105	
job_A	4oio-assembly1.cif.gz_D	7.9	151	2	104	624	763	7.559	25	0.057	1.2797	0.1021	
job_A	4oin-assembly1.cif.gz_D	7.9	151	2	104	624	763	8.004	25	0.057	1.2797	0.1017	
job_A	4q4z-assembly1.cif.gz_D	7.9	151	2	104	624	763	8.004	25	0.057	1.2797	0.1011	
job_A	6g52-assembly8.cif.gz_H	12.1	66	38	99	72	129	2.701	24	0.051	0.5593	0.4748	
job_A	5n11-assembly1.cif.gz_A	15.6	64	38	94	180	236	2.859	24	0.051	0.5424	0.1871	
job_A	6m0x-assembly1.cif.gz_A	6.1	49	30	68	916	964	7.139	24	0.051	0.4153	0.0475	
job_A	5fja-assembly1.cif.gz_A	17.8	73	38	99	440	502	7.139	24	0.051	0.6186	0.052	
job_A	8fwg-assembly1.cif.gz_E4	4.8	104	1	91	1	83	2.701	23	0.045	0.8814	1.1954	
job_A	3zn6-assembly1.cif.gz_A-2	10.5	104	2	89	48	137	3.806	23	0.045	0.8814	0.4706	
job_A	2zbk-assembly2.cif.gz_H	8.4	106	33	115	103	200	2.148	23	0.045	0.8983	0.2095	
job_A	7ey9-assembly1.cif.gz_s	9.8	102	4	90	595	669	5.364	23	0.045	0.8644	0.1288	
job_A	8d8o-assembly1.cif.gz_B	12.5	56	36	91	652	700	7.559	23	0.045	0.4746	0.0505	
job_A	5fj9-assembly1.cif.gz_A	16.6	72	38	99	449	511	7.139	23	0.045	0.6102	0.051	
job_A	6dfd-assembly1.cif.gz_A	9.5	63	38	97	73	127	3.395	22	0.04	0.5339	0.4599	
job_A	6mn6-assembly1.cif.gz_B	14.2	56	38	88	230	279	3.206	22	0.04	0.4746	0.1886	
job_A	6w98-assembly1.cif.gz_A	11.7	94	3	96	700	764	3.206	22	0.04	0.7966	0.0716	
job_A	5cdf-assembly1.cif.gz_E	19.6	51	38	87	22	69	8.475	21	0.034	0.4322	0.1118	
job_A	8es4-assembly1.cif.gz_E	7.2	96	38	102	687	772	5.066	20	0.029	0.8136	0.1244	
job_A	7pt6-assembly1.cif.gz_7	10.2	98	1	90	192	262	5.364	19	0.024	0.8305	0.1435	
job_A	6wgi-assembly1.cif.gz_2	9.7	103	1	103	109	177	6.014	18	0.02	0.8729	0.1798	
job_A	8b9d-assembly1.cif.gz_4	8.3	96	1	92	125	192	8.475	18	0.02	0.8136	0.1418	
job_A	6ifz-assembly1.cif.gz_H	11.2	62	38	99	197	239	5.679	17	0.016	0.5254	0.1797	
job_A	1mx0-assembly1.cif.gz_B	9.6	104	30	115	110	210	8.004	17	0.016	0.8814	0.2286	
job_A	4czw-assembly1.cif.gz_A	14.4	83	31	94	174	254	9.502	17	0.016	0.7034	0.1363	
job_A	6uwi-assembly1.cif.gz_J	13.5	103	7	92	418	498	8.475	17	0.016	0.8729	0.1602	
job_A	6rj9-assembly1.cif.gz_C	5	118	30	115	720	823	8.004	17	0.016	1.0	0.1411	
job_A	4psp-assembly2.cif.gz_B	7.8	51	40	90	442	489	8.974	16	0.014	0.4322	0.0875	
