job_A	P0A790	100	118	1	118	1	118	4.015e-20	820	1	1.0	0.9365	
job_A	Q32K78	100	118	1	118	1	118	4.502e-20	818	1	1.0	0.9365	
job_A	P65662	95.7	118	1	118	1	118	8.941e-20	812	1	1.0	0.9365	
job_A	A0A0H3GRW9	89.6	116	3	118	2	117	1.172e-18	763	1	0.9831	0.928	
job_A	Q9HV68	51.2	121	1	118	1	121	1.646e-14	580	1	1.0254	0.9603	
job_A	P9WIL3	48.3	120	1	117	1	120	6.132e-14	562	1	1.0169	0.8633	
job_A	Q9CD57	49.1	114	1	114	1	114	4.805e-13	540	1	0.9661	0.8028	
job_A	Q5F8Y9	47.9	121	1	118	1	121	3.409e-13	528	1	1.0254	0.9528	
job_A	K0ENC8	46.6	120	1	117	1	120	2.712e-13	527	1	1.0169	0.8571	
job_A	Q2FV23	47.1	121	1	118	1	121	9.543e-13	505	1	1.0254	0.9528	
job_A	P56065	38.5	114	1	114	1	113	1.763e-11	475	1	0.9661	0.9744	
job_A	Q9PIK3	42.9	121	1	118	1	120	7.477e-12	469	1	1.0254	0.9603	
job_A	P54811	17	88	11	95	30	113	0.0022	136	1	0.7458	0.1088	
job_A	G4M0P7	18.1	88	11	95	21	104	0.002928	133	1	0.7458	0.1096	
job_A	A0A8R1TKB7	14.7	88	11	95	30	113	0.002766	133	1	0.7458	0.1072	
job_A	AF-Q7KN62-3-F1-model_v6	15.9	88	11	95	46	129	0.00233	133	1	0.7458	0.1065	
job_A	P55072	13.6	88	11	95	24	107	0.002928	132	1	0.7458	0.1092	
job_A	K7VQA7	17	88	11	95	30	113	0.002612	130	1	0.7458	0.1095	
job_A	Q29RA2	12.5	88	11	95	26	109	0.003283	130	1	0.7458	0.1093	
job_A	A0A1D6KUI9	15.9	88	11	95	32	115	0.003476	130	1	0.7458	0.1086	
job_A	K7LQC6	19.3	88	11	95	29	112	0.002766	128	1	0.7458	0.1092	
job_A	P46462	13.6	88	11	95	24	107	0.004127	128	1	0.7458	0.1092	
job_A	A0A0J9XXY9	14.7	88	11	95	30	113	0.004127	128	1	0.7458	0.1084	
job_A	A0A3P7GHM4	14.7	88	11	95	43	126	0.00437	128	1	0.7458	0.1067	
job_A	P54812	12.8	109	11	104	30	134	0.001962	127	1	0.9237	0.1346	
job_A	Q10RP0	14.7	88	11	95	31	114	0.003681	126	1	0.7458	0.1088	
job_A	I1NAA5	20.4	88	11	95	29	112	0.003681	125	1	0.7458	0.1089	
job_A	A0A1C1C871	15.2	92	7	95	41	125	0.003898	125	1	0.7797	0.1121	
job_A	I1LTL9	19.3	88	11	95	29	112	0.005816	124	1	0.7458	0.109	
job_A	A0A175VYV0	17.3	92	7	95	43	127	0.00437	123	1	0.7797	0.113	
job_A	I1LZ82	17	88	11	95	29	112	0.005188	122	1	0.7458	0.1085	
job_A	Q7ZU99	11.3	88	11	95	24	107	0.007741	121	1	0.7458	0.1092	
job_A	P54609	18.1	88	11	95	28	111	0.007741	121	1	0.7458	0.1088	
job_A	A0A1D6GQ42	14.7	88	11	95	32	115	0.005493	121	1	0.7458	0.1085	
job_A	Q9SCN8	19.3	88	11	95	29	112	0.005188	121	1	0.7458	0.108	
job_A	Q7KN62	15.9	88	11	95	21	104	0.007741	120	1	0.7458	0.1099	
job_A	I1JPP3	20.4	88	11	95	29	112	0.006159	120	1	0.7458	0.1089	
job_A	U7Q155	15.2	92	7	95	45	129	0.005493	120	1	0.7797	0.1108	
job_A	A0A0D2GTZ1	15.2	92	7	95	61	145	0.005816	120	1	0.7797	0.1095	
job_A	P54774	19.3	88	11	95	29	112	0.00919	119	1	0.7458	0.109	
job_A	Q9LZF6	18.1	88	11	95	28	111	0.009731	119	1	0.7458	0.1086	
job_A	A0AAF5CYW9	13.6	110	11	104	64	169	0.003476	119	1	0.9322	0.0825	
job_A	Q38B27	13.4	82	11	89	14	94	0.02884	118	1	0.6949	0.1051	
job_A	Q4CVL6	10.4	86	11	95	70	151	0.003898	118	1	0.7288	0.1098	
job_A	Q01853	15.9	88	11	95	24	107	0.01223	115	1	0.7458	0.1092	
job_A	I1KCD7	14.7	88	11	95	37	120	0.0103	115	1	0.7458	0.1081	
job_A	Q58081	17.6	85	11	89	2	82	0.02167	114	1	0.7203	0.169	
job_A	A0A0K0EHY8	13.6	110	11	104	30	135	0.005816	114	1	0.9322	0.1361	
job_A	C1H425	13	92	7	95	39	123	0.0103	114	1	0.7797	0.1122	
job_A	A0AAF5DF39	13.1	91	9	89	372	456	0.00437	114	1	0.7712	0.0864	
job_A	A0A913HL69	12.2	90	9	89	64	148	0.004127	113	1	0.7627	0.1208	
job_A	Q4DWB5	13.9	86	7	89	12	93	0.02572	113	1	0.7288	0.1105	
job_A	C0NF61	14.1	92	7	95	39	123	0.01223	112	1	0.7797	0.1225	
job_A	A0A0P0XFK3	12.2	90	11	94	87	172	0.01452	112	1	0.7627	0.0996	
job_A	A0A1D6JNX1	14.7	88	11	95	30	113	0.01452	111	1	0.7458	0.109	
job_A	C6KT34	13.6	88	11	95	27	110	0.01371	111	1	0.7458	0.1063	
job_A	A0A077ZLV1	11.3	88	11	95	29	112	0.01724	109	1	0.7458	0.109	
job_A	K7LTM9	18.1	88	11	95	29	112	0.01825	108	1	0.7458	0.1215	
job_A	I1L8Z3	17	88	11	95	31	114	0.01825	108	1	0.7458	0.1082	
job_A	Q9P3A7	11.9	92	7	95	43	127	0.01223	108	1	0.7797	0.1129	
job_A	A0A8M9Q017	11.9	92	7	89	28	117	0.008197	107	1	0.7797	0.1481	
job_A	Q59WG3	13	92	7	95	34	118	0.01452	107	1	0.7797	0.1114	
job_A	Q58556	18.1	99	1	91	1	87	0.01223	107	1	0.839	0.1096	
job_A	AF-Q8NB90-3-F1-model_v6	16.8	95	7	89	43	132	0.01452	106	1	0.8051	0.1365	
job_A	A4ICJ9	13	92	7	95	14	98	0.01933	105	1	0.7797	0.1333	
job_A	P90532	12.5	88	11	95	23	106	0.02294	105	1	0.7458	0.111	
job_A	I1JXA0	14.7	88	11	95	37	120	0.0243	105	1	0.7458	0.1081	
job_A	P25694	13	92	7	95	33	117	0.01538	105	1	0.7797	0.1102	
job_A	Q21222	14.2	91	12	89	50	135	0.05729	103	1	0.7712	0.1257	
job_A	K0F946	13.5	111	8	102	2	108	0.04304	103	1	0.9407	0.1449	
job_A	AF-Q8NB90-2-F1-model_v6	16.8	95	7	89	43	132	0.02294	102	1	0.8051	0.1203	
job_A	K7UEH4	13.1	91	11	95	25	111	0.04825	95	0.998	0.7712	0.1152	
job_A	A0A8I6A2A6	11.8	93	7	89	42	131	0.01724	95	0.998	0.7881	0.1041	
job_A	Q8NB90	12.7	94	1	87	42	131	0.02047	95	0.998	0.7966	0.1053	
job_A	Q3UMC0	11.1	90	7	87	42	130	0.04065	94	0.998	0.7627	0.1008	
job_A	A0A1D6KSC9	14	107	8	91	73	177	0.0103	91	0.997	0.9068	0.6045	
job_A	C1GSK3	10.4	96	5	89	3	93	0.08073	91	0.997	0.8136	0.1273	
job_A	P32794	10.2	88	11	89	32	118	0.1698	91	0.997	0.7458	0.1128	
job_A	P96281	15.7	95	2	89	9	92	0.09584	88	0.995	0.8051	0.1305	
job_A	Q55BK0	12.7	102	1	89	25	118	0.06066	87	0.994	0.8644	0.3091	
job_A	Q5F621	10.4	67	25	89	687	751	0.09052	84	0.991	0.5678	0.089	
job_A	Q585X7	13	92	1	91	76	158	0.1075	84	0.991	0.7797	0.1157	
job_A	K7TS12	7.6	130	7	91	61	189	0.3185	84	0.991	1.1017	0.132	
job_A	P46468	9.5	147	4	114	341	479	0.03054	83	0.99	1.2458	0.1196	
job_A	K7M3G0	14.1	113	1	100	4	108	0.01223	82	0.988	0.9576	0.3857	
job_A	Q8I3L7	10.3	106	1	91	63	163	0.004899	82	0.988	0.8983	0.1514	
job_A	Q5A331	11.9	92	12	94	31	122	0.3185	82	0.988	0.7797	0.1201	
job_A	Q5BL07	13.4	89	7	89	12	96	0.2841	82	0.988	0.7542	0.0693	
job_A	O60058	12.7	94	9	94	6	94	0.1205	81	0.986	0.7966	0.1162	
job_A	Q5AMF9	13.8	108	1	90	147	249	0.01825	80	0.984	0.9153	0.4303	
job_A	Q9VK63	11.1	99	4	91	57	154	0.1138	80	0.984	0.839	0.1239	
job_A	P9WIV9	12.1	107	5	89	701	804	0.09584	80	0.984	0.9068	0.1328	
job_A	D3ZZB2	10.7	93	1	87	13	94	0.1904	80	0.984	0.7881	0.0725	
job_A	Q9I0C8	18.9	58	17	73	659	713	0.1276	79	0.981	0.4915	0.0754	
job_A	Q58568	9.9	121	3	91	1	113	0.09052	78	0.978	1.0254	0.9098	
job_A	K0F4A3	13.4	97	3	82	1	87	0.03424	78	0.978	0.822	0.6178	
job_A	A0A0P0VFH4	11.8	101	1	89	22	113	0.1138	78	0.978	0.8559	0.3117	
job_A	Q9VUC7	12.2	98	1	91	2	86	0.07201	77	0.975	0.8305	0.0974	
job_A	C4J8Y3	11.8	101	1	89	13	104	0.1205	76	0.971	0.8559	0.3258	
job_A	A0A0D2GEP7	15.3	98	1	89	20	114	0.06066	76	0.971	0.8305	0.2579	
job_A	C0P059	11.2	98	1	89	30	124	0.06423	76	0.971	0.8305	0.2444	
job_A	U7PJZ1	10.2	98	1	89	60	154	0.06801	76	0.971	0.8305	0.2284	
job_A	A0A158Q482	13	100	7	97	23	113	0.1276	76	0.971	0.8475	0.1337	
job_A	C0NYV3	9.9	101	7	95	4	96	0.1698	75	0.967	0.8559	0.1341	
job_A	A0A804LYC0	11.3	106	8	91	66	169	0.09052	74	0.961	0.8983	0.6272	
job_A	O25163	14.8	54	23	73	678	727	0.3185	74	0.961	0.4576	0.0678	
job_A	A0A3Q0KUV5	9	99	1	89	13	108	0.05109	73	0.956	0.839	0.3257	
job_A	I1LK05	12.2	98	1	89	31	124	0.1604	73	0.956	0.8305	0.2899	
job_A	P46923	13.7	145	8	105	670	807	0.03625	73	0.956	1.2288	0.1792	
job_A	Q8ILR6	15.3	98	1	89	22	113	0.1514	72	0.949	0.8305	0.3475	
job_A	Q92890	10.7	102	2	89	18	114	0.05729	72	0.949	0.8644	0.3322	
job_A	Q9ES53	10.7	102	2	89	18	114	0.06066	72	0.949	0.8644	0.3322	
job_A	P70362	10.7	102	2	89	18	114	0.06066	72	0.949	0.8644	0.3322	
job_A	A0A0P0WDV8	12.8	101	1	89	13	104	0.1514	72	0.949	0.8559	0.3156	
job_A	A0A0H3GUK9	14.4	83	8	72	634	713	0.143	72	0.949	0.7034	0.107	
job_A	P20099	14.2	84	8	73	634	714	0.1514	72	0.949	0.7119	0.1081	
job_A	C0NF62	8.9	56	12	67	41	95	0.5974	71	0.941	0.4746	0.5657	
job_A	Q0P854	14.7	88	8	94	156	230	0.1351	71	0.941	0.7458	0.3826	
job_A	A0A804N031	12.5	96	1	89	14	106	0.1698	71	0.941	0.8136	0.3404	
job_A	A0A3P7EX61	13.3	112	1	94	17	119	0.1205	71	0.941	0.9492	0.3489	
job_A	A4ICA6	10.5	104	1	94	8	102	0.1075	71	0.941	0.8814	0.32	
job_A	A0A0P0Y148	7	127	2	89	66	189	0.143	71	0.941	1.0763	0.2714	
job_A	A0A3P7DKK5	7.3	109	12	97	54	154	0.3008	71	0.941	0.9237	0.1453	
job_A	AF-Q5BL07-2-F1-model_v6	11.4	87	7	86	12	94	0.3781	71	0.941	0.7373	0.0699	
job_A	O43933	10.5	95	1	88	13	96	0.2016	71	0.941	0.8051	0.074	
job_A	AF-Q92890-3-F1-model_v6	10.7	102	2	89	18	114	0.07201	70	0.933	0.8644	0.3835	
job_A	O42915	10.2	98	1	89	32	126	0.1904	70	0.933	0.8305	0.2865	
job_A	Q328L3	13	84	8	73	596	676	0.2134	70	0.933	0.7119	0.1137	
job_A	Q7XD66	13.3	112	1	91	60	167	0.05729	69	0.923	0.9492	0.6707	
job_A	Q6DRD5	9.8	102	2	89	18	114	0.08073	69	0.923	0.8644	0.3312	
job_A	I1KQB3	12.2	106	1	94	13	108	0.1904	69	0.923	0.8983	0.3354	
job_A	A8MQW3	13.2	106	1	94	34	129	0.1205	69	0.923	0.8983	0.3118	
job_A	Q9Z4S6	11.1	54	23	73	902	953	0.3185	69	0.923	0.4576	0.0529	
job_A	A0A1D6KSD3	13.5	111	1	91	62	168	0.06423	68	0.912	0.9407	0.6607	
job_A	Q9VTF9	12.7	102	1	89	17	111	0.09584	68	0.912	0.8644	0.3228	
job_A	Q19584	11.8	101	1	89	21	118	0.226	68	0.912	0.8559	0.2953	
job_A	K0EYY0	6	115	7	100	724	833	0.06066	68	0.912	0.9746	0.1376	
job_A	Q9SVK0	12.1	115	1	94	13	108	0.1205	67	0.9	0.9746	0.3651	
job_A	A0A0K0IZH8	13.5	111	2	94	18	119	0.1904	67	0.9	0.9407	0.3469	
job_A	A0A804MBL0	12.8	101	1	89	13	104	0.2683	67	0.9	0.8559	0.3117	
job_A	AF-Q92890-1-F1-model_v6	8.1	111	2	102	18	123	0.1015	67	0.9	0.9407	0.3236	
job_A	A0A175WC53	10	150	1	114	24	170	0.06066	67	0.9	1.2712	0.3916	
job_A	A0A0H3GH07	12	125	7	99	418	538	0.03234	67	0.9	1.0593	0.2236	
job_A	A0A0J9YAJ0	3.9	101	4	89	56	148	0.3008	67	0.9	0.8559	0.1348	
job_A	K0EK18	10.2	117	4	89	647	760	0.1276	67	0.9	0.9915	0.1529	
job_A	A0A0N4ULF6	13.3	112	1	94	18	120	0.2683	66	0.887	0.9492	0.3902	
job_A	K0EYK0	9.8	142	6	101	590	726	0.09584	66	0.887	1.2034	0.1935	
job_A	L0T2Z1	11.5	52	23	73	644	693	0.751	66	0.887	0.4407	0.0682	
job_A	G3XCX1	11	109	2	84	1090	1190	0.1138	66	0.887	0.9237	0.0864	
job_A	I1JSI6	12.2	106	1	94	14	109	0.3008	65	0.872	0.8983	0.3593	
job_A	I1K5K8	12.2	106	1	94	13	108	0.3008	65	0.872	0.8983	0.3354	
job_A	I1MDD7	14.8	94	2	89	11	103	0.2683	65	0.872	0.7966	0.2956	
job_A	A0A8R1TLG9	10.5	104	6	97	56	150	0.09584	65	0.872	0.8814	0.1394	
job_A	Q0P855	4.8	103	8	93	720	815	0.2841	65	0.872	0.8729	0.1256	
job_A	Q9QUL6	9.8	102	2	96	3	87	0.2016	64	0.855	0.8644	0.1371	
job_A	Q8ZR20	12.3	81	6	70	631	706	0.2016	64	0.855	0.6864	0.1067	
job_A	Q9LET7	11.7	119	11	95	65	182	0.2683	64	0.855	1.0085	0.1164	
job_A	Q2FVM1	10.7	84	7	73	1077	1157	0.4003	64	0.855	0.7119	0.0683	
job_A	A0A1C1CST2	16.1	105	7	91	165	264	0.3185	63	0.837	0.8898	0.3977	
job_A	I1M7E7	5.2	115	1	89	78	183	0.2683	63	0.837	0.9746	0.2007	
job_A	D2CK11	12	91	2	87	7	86	0.2016	63	0.837	0.7712	0.0736	
job_A	A0A0D2HN04	16	106	7	91	169	269	0.3372	62	0.817	0.8983	0.3941	
job_A	P53044	7	99	1	89	21	116	0.2393	62	0.817	0.839	0.2742	
job_A	A0A0D2H9J2	14.4	97	8	94	2	92	0.2841	62	0.817	0.822	0.1376	
job_A	P46460	9.7	103	2	96	3	87	0.2016	62	0.817	0.8729	0.1384	
job_A	Q8ZLA2	11.4	140	8	94	636	764	0.1604	62	0.817	1.1864	0.1802	
job_A	K7U2U2	12.3	130	3	91	195	321	1.121	62	0.817	1.1017	0.1188	
job_A	Q9HVT6	16.8	107	1	91	30	124	0.1514	61	0.795	0.9068	0.856	
job_A	Q9I0J6	14.9	67	22	86	833	897	0.944	61	0.795	0.5678	0.074	
job_A	P33760	11.7	111	2	97	202	305	0.2534	61	0.795	0.9407	0.1078	
job_A	F1QMB0	8.4	153	1	101	249	396	0.1904	61	0.795	1.2966	0.1429	
job_A	P9WJQ3	7.8	152	1	89	1081	1224	0.2683	61	0.795	1.2881	0.1234	
job_A	Q5F638	19.6	117	1	100	45	149	0.09052	60	0.772	0.9915	0.5132	
job_A	A0A0K0ES12	11.1	108	1	94	16	119	0.2393	60	0.772	0.9153	0.3473	
job_A	AF-Q9BVQ7-3-F1-model_v6	15.8	101	4	94	13	103	0.3008	60	0.772	0.8559	0.2577	
job_A	A0A8M9PEX3	11.6	103	1	97	2	88	0.3185	60	0.772	0.8729	0.1379	
job_A	Q32H77	13.1	145	7	105	644	784	0.1604	60	0.772	1.2288	0.1845	
job_A	A0A0H3GUA4	10.9	110	1	84	1083	1184	0.2393	60	0.772	0.9322	0.0882	
job_A	Q9X6V6	17.3	121	3	104	98	205	0.08548	59	0.747	1.0254	0.3538	
job_A	P46459	9.8	102	2	96	3	87	0.3185	59	0.747	0.8644	0.1371	
job_A	F1QGG3	10	100	2	94	3	86	0.4239	59	0.747	0.8475	0.1339	
job_A	I1NB32	16.3	98	1	81	34	129	0.07201	59	0.747	0.8305	0.1066	
job_A	A0A175VQB0	15.4	110	1	90	165	266	0.06423	58	0.72	0.9322	0.4104	
job_A	Q55G31	9.4	116	1	89	27	137	0.1698	58	0.72	0.9831	0.4056	
job_A	Q57092	13.4	134	1	116	68	172	0.1276	58	0.72	1.1356	0.4669	
job_A	A0A8R1XS41	9.9	111	2	94	18	119	0.4488	58	0.72	0.9407	0.3447	
job_A	P37600	10.3	97	23	91	664	758	0.4488	58	0.72	0.822	0.128	
job_A	P45004	9.4	53	24	75	714	764	1.672	58	0.72	0.4492	0.0658	
job_A	P44798	13.4	52	23	73	709	758	1.579	58	0.72	0.4407	0.063	
job_A	P0A1Y4	5.9	67	22	84	836	900	1.187	58	0.72	0.5678	0.0738	
job_A	A0A175W2F3	3.8	78	11	70	650	725	0.9995	58	0.72	0.661	0.0807	
job_A	A0A0R0KQA1	6	149	4	108	60	203	0.1904	58	0.72	1.2627	0.1424	
job_A	Q8ZP37	10	90	1	73	1083	1164	0.4003	58	0.72	0.7627	0.0722	
job_A	Q5A0H8	10.1	99	1	89	24	119	0.4239	57	0.692	0.839	0.2727	
job_A	AF-P24928-2-F1-model_v6	5	160	7	99	360	514	1.058	57	0.692	1.3559	0.2827	
job_A	A0A077YUX6	11	100	1	96	2	92	0.4239	57	0.692	0.8475	0.1381	
job_A	Q75JI3	12.1	107	3	95	9	105	0.5642	57	0.692	0.9068	0.145	
job_A	A0A0D2GK94	8.5	163	1	89	10	165	0.2534	57	0.692	1.3814	0.2142	
job_A	A0A175WES9	14.1	99	1	91	91	184	0.4753	57	0.692	0.839	0.1158	
job_A	O13764	13.7	102	7	91	178	272	0.6698	57	0.692	0.8644	0.1076	
job_A	Q99LC9	8.3	120	1	91	190	298	0.944	57	0.692	1.0169	0.1223	
job_A	Q38AI5	11.1	99	1	88	9	103	0.5032	56	0.663	0.839	0.3235	
job_A	Q8W1E7	10.2	107	1	89	78	172	0.2134	56	0.663	0.9068	0.1907	
job_A	Q8ZN48	11.3	53	22	73	707	757	1.985	56	0.663	0.4492	0.0662	
job_A	Q0PBP1	8.3	84	5	70	695	773	0.5032	56	0.663	0.7119	0.1002	
job_A	Q9HY76	9.6	83	4	73	575	652	0.7092	55	0.632	0.7034	0.1182	
job_A	A0A1C1CSE6	10.4	162	1	89	10	164	0.2841	55	0.632	1.3729	0.2129	
job_A	Q8ZR90	9.3	129	2	97	523	645	0.2393	55	0.632	1.0932	0.1604	
job_A	A0A077Z1H1	9.2	119	1	94	7	112	0.4003	54	0.601	1.0085	0.4235	
job_A	K0EX86	12.7	110	1	95	73	173	0.1698	54	0.601	0.9322	0.3571	
job_A	A0A1C1CSB2	13.5	96	8	94	2	90	1.121	54	0.601	0.8136	0.1389	
job_A	P19319	10.9	110	1	84	1082	1183	0.5329	54	0.601	0.9322	0.0883	
job_A	Q9FWU1	12.1	123	3	91	97	216	0.5329	53	0.569	1.0424	0.5694	
job_A	Q55G32	9.8	112	3	88	32	142	0.6698	53	0.569	0.9492	0.3836	
job_A	A0A0R0EXN2	3.9	128	4	91	56	178	0.7952	53	0.569	1.0847	0.166	
job_A	K0EN14	11.8	101	18	117	736	806	0.5642	53	0.569	0.8559	0.1202	
job_A	P33602	7.8	64	25	84	839	900	1.875	53	0.569	0.5424	0.0705	
job_A	Q13608	5.2	133	1	102	190	306	0.5642	53	0.569	1.1271	0.1357	
job_A	Q2FVV9	10.8	92	11	82	821	910	0.5329	53	0.569	0.7797	0.0935	
job_A	A0A0H3GT83	9.1	131	4	104	641	762	0.1904	52	0.537	1.1102	0.171	
job_A	A0A0H3GQD5	11.8	110	1	84	1082	1183	0.5974	52	0.537	0.9322	0.0883	
job_A	Q941F5	9.3	128	4	91	27	144	0.2393	51	0.505	1.0847	0.8767	
job_A	Q32IU7	12.5	135	1	116	77	179	0.1276	51	0.505	1.1441	0.3729	
job_A	Q0P7W7	15.1	99	12	100	120	218	0.5032	51	0.505	0.839	0.2661	
job_A	Q32DQ6	8.3	72	17	84	837	902	1.579	51	0.505	0.6102	0.0791	
job_A	K0F0B3	8	99	7	82	570	660	0.3185	51	0.505	0.839	0.0731	
job_A	A0A077ZH36	12.9	124	1	107	64	174	0.3571	50	0.473	1.0508	0.3553	
job_A	A0A0H3GR17	9.1	131	7	99	595	715	0.2134	50	0.473	1.1102	0.178	
job_A	Q9I2W3	5.6	124	7	91	590	708	0.751	50	0.473	1.0508	0.1366	
job_A	A0A1C1C7W7	12.2	131	1	89	28	153	0.8419	50	0.473	1.1102	0.0674	
job_A	Q2R1V1	11.2	133	1	95	25	151	0.1904	49	0.442	1.1271	0.875	
job_A	AF-O43933-2-F1-model_v6	11.3	106	7	91	12	113	1.492	49	0.442	0.8983	0.1103	
job_A	Q59ZE6	9.7	113	1	88	19	124	0.4753	49	0.442	0.9576	0.0977	
job_A	Q2G0N5	8.6	139	12	104	341	475	1.492	49	0.442	1.178	0.1152	
job_A	Q54PL5	10.6	113	1	91	18	122	0.5032	48	0.411	0.9576	0.438	
job_A	O06817	6.1	81	8	70	623	698	1.875	48	0.411	0.6864	0.1057	
job_A	P18775	10.2	78	11	73	695	770	2.495	48	0.411	0.661	0.0958	
job_A	Q32I06	5.8	86	5	70	711	791	0.9995	48	0.411	0.7288	0.1039	
job_A	P54777	6.3	126	1	95	190	299	0.944	48	0.411	1.0678	0.1288	
job_A	K0ERF9	16.3	49	25	70	677	721	3.724	48	0.411	0.4153	0.0439	
job_A	Q54PL6	11.5	113	1	91	22	126	0.6698	47	0.382	0.9576	0.4363	
job_A	G5EFR8	10.6	103	12	102	34	134	1.256	47	0.382	0.8729	0.1431	
job_A	C1GSI0	8.7	172	1	89	10	174	0.3185	47	0.382	1.4576	0.2155	
job_A	A0A077ZHP6	11.6	155	4	105	669	807	0.2683	47	0.382	1.3136	0.1916	
job_A	O74941	7	99	1	87	175	263	1.492	47	0.382	0.839	0.1057	
job_A	P9WGY7	7.7	142	9	104	425	561	1.409	47	0.382	1.2034	0.1079	
job_A	Q54C80	8.7	114	1	90	22	132	1.256	46	0.353	0.9661	0.2351	
job_A	P9WJP9	9.6	124	4	94	659	779	0.3008	46	0.353	1.0508	0.1592	
job_A	A0A0H3GYA2	10.5	133	5	93	675	803	0.3571	46	0.353	1.1271	0.1656	
job_A	C0NYS8	7.2	166	1	89	12	169	0.9995	46	0.353	1.4068	0.2049	
job_A	A0A0H3GM96	12.9	93	11	82	693	783	2.226	46	0.353	0.7881	0.1145	
job_A	Q9I4G3	4.7	127	7	94	711	829	0.6326	46	0.353	1.0763	0.1532	
job_A	A0A0K0E0F8	11.7	111	1	94	16	117	1.121	45	0.326	0.9407	0.3616	
job_A	A0A0H3GPW3	11.2	133	1	116	77	179	0.5032	45	0.326	1.1271	0.3482	
job_A	K0EQH5	10.5	85	8	72	629	708	1.492	45	0.326	0.7203	0.1102	
job_A	Q8ZQD3	10.2	78	11	73	695	770	3.321	45	0.326	0.661	0.0958	
job_A	Q9PHM1	14.2	105	1	89	76	168	0.944	44	0.301	0.8898	0.3818	
job_A	Q9I4B6	14.4	97	14	94	288	381	0.6698	44	0.301	0.822	0.2519	
job_A	A0A0H3GT22	8.1	86	21	94	786	858	1.771	44	0.301	0.7288	0.1001	
job_A	A0A0H3GRF5	5.5	126	5	91	567	687	1.256	44	0.301	1.0678	0.1455	
job_A	A4IAB8	17.4	103	5	95	1	96	1.875	44	0.301	0.8729	0.108	
job_A	A0A0D2HG12	10	130	1	90	22	143	1.579	44	0.301	1.1017	0.088	
job_A	C1H3Q4	14.7	68	38	99	454	516	2.357	44	0.301	0.5763	0.039	
job_A	P10100	11.5	130	1	116	77	179	0.4239	43	0.277	1.1017	0.3591	
job_A	Q8ZPJ6	9.7	82	6	70	690	766	2.102	43	0.277	0.6949	0.1009	
job_A	I1NIQ9	5.4	128	4	91	30	146	1.187	42	0.254	1.0847	0.8533	
job_A	O26091	16.8	107	3	90	114	207	0.4753	42	0.254	0.9068	0.3397	
job_A	Q54C76	8.8	113	4	90	28	132	0.7092	42	0.254	0.9576	0.2684	
job_A	Q8ZNH6	5.9	84	7	70	713	791	2.642	42	0.254	0.7119	0.1014	
job_A	P33937	10.4	96	5	75	711	798	1.187	42	0.254	0.8136	0.1159	
job_A	Q8ZR01	11.5	130	1	116	79	181	0.5642	41	0.233	1.1017	0.3412	
job_A	U7PLS7	12.8	109	2	100	80	180	1.33	41	0.233	0.9237	0.1291	
job_A	Q5F5R6	10.9	137	9	100	352	484	3.517	41	0.233	1.161	0.0985	
job_A	I1NCA0	7.9	126	4	91	76	192	1.492	40	0.214	1.0678	0.5972	
job_A	P77374	9.6	83	6	73	685	762	3.943	40	0.214	0.7034	0.1027	
job_A	Q21782	11	118	2	107	232	334	0.7952	39	0.196	1.0	0.2059	
job_A	AF-Q13608-2-F1-model_v6	5.9	135	1	104	190	308	3.724	38	0.179	1.1441	0.1829	
job_A	F1Q8W3	9.5	73	3	72	2	64	3.724	38	0.179	0.6186	0.0976	
job_A	Q32AG0	9.3	139	12	104	352	486	4.175	38	0.179	1.178	0.0988	
job_A	A0A0H3GMZ1	8.5	82	6	72	688	764	5.557	37	0.164	0.6949	0.1011	
job_A	Q8RY16	11.7	68	1	61	44	111	3.724	37	0.164	0.5763	0.0723	
job_A	Q54CS8	11	100	7	86	353	439	1.256	37	0.164	0.8475	0.0833	
job_A	Q9HWC9	9	143	9	104	350	486	4.681	37	0.164	1.2119	0.1022	
job_A	A0A804NKN1	10.6	131	4	91	11	128	0.7952	36	0.15	1.1102	1.0077	
job_A	B6SH12	11.3	132	3	91	32	150	0.7952	36	0.15	1.1186	0.8684	
job_A	A0A0K0EQ12	11.6	112	1	95	2	97	1.771	36	0.15	0.9492	0.1968	
job_A	I1KMB2	10.3	135	1	89	194	326	7.832	36	0.15	1.1441	0.1195	
job_A	P0A8T7	9.3	139	12	104	352	486	5.557	36	0.15	1.178	0.0988	
job_A	Q32FC9	11.6	86	29	104	209	290	0.4239	35	0.138	0.7288	0.2876	
job_A	A0A175W4P6	9	122	1	89	268	386	7.396	35	0.138	1.0339	0.0978	
job_A	A0A804NLN4	7.3	136	4	91	14	130	1.875	34	0.126	1.1525	1.0149	
job_A	P76185	11.6	86	29	104	195	276	0.4488	34	0.126	0.7288	0.3018	
job_A	C1HAN1	11.1	144	7	117	161	297	0.6698	34	0.126	1.2203	0.4768	
job_A	Q0JA37	11.1	72	2	65	41	112	4.956	34	0.126	0.6102	0.0766	
job_A	Q4DA27	8.8	68	7	70	133	195	3.943	34	0.126	0.5763	0.0712	
job_A	A0A0N4URG3	11.1	72	23	87	308	377	9.844	33	0.116	0.6102	0.0688	
job_A	A0A0D2FDJ9	7.4	67	38	99	445	509	6.23	33	0.116	0.5678	0.038	
job_A	A0A804MB22	10.9	64	8	66	38	101	9.844	32	0.106	0.5424	0.0706	
job_A	A0A804UN50	11.4	70	6	66	32	101	9.297	32	0.106	0.5932	0.0754	
job_A	P80357	10.4	96	1	89	272	337	7.832	31	0.098	0.8136	0.284	
job_A	Q5F581	14.1	92	23	104	356	438	2.357	31	0.098	0.7797	0.2086	
job_A	Q4DRS8	12	100	2	98	224	308	2.495	31	0.098	0.8475	0.1429	
job_A	O53900	8.7	91	22	100	143	228	4.681	31	0.098	0.7712	0.1064	
job_A	A0A077Z0B4	14.7	122	2	108	669	769	2.102	31	0.098	1.0339	0.1315	
job_A	Q9FNP1	11.2	98	5	95	13	102	8.292	31	0.098	0.8305	0.0867	
job_A	A0A0H3GUH7	9.3	86	29	104	207	288	1.121	30	0.09	0.7288	0.2886	
job_A	C1HBH8	18	50	22	66	12	61	6.597	30	0.09	0.4237	0.1359	
job_A	A0AAF5HYX6	8.9	101	3	91	2	93	1.672	30	0.09	0.8559	0.1772	
job_A	A0A8M1RIV5	10.8	111	1	99	548	630	2.102	30	0.09	0.9407	0.1442	
job_A	Q8ZPN3	9.3	86	29	104	207	288	1.187	29	0.082	0.7288	0.2886	
job_A	C0NUQ0	9.8	132	2	91	28	151	5.884	28	0.076	1.1186	0.0875	
job_A	Q8LN49	12.3	81	14	89	68	145	3.943	27	0.069	0.6864	0.2935	
job_A	Q9XHZ8	12.5	56	39	91	66	117	4.681	27	0.069	0.4746	0.1718	
job_A	A2AKX3	10.9	82	28	87	1775	1853	6.985	27	0.069	0.6949	0.031	
job_A	Q9FKD5	6.3	63	43	97	216	276	2.102	26	0.063	0.5339	0.2283	
job_A	Q38BT6	13.8	101	2	99	222	306	6.23	26	0.063	0.8559	0.1447	
job_A	Q4DEH7	11	100	2	98	228	312	5.557	26	0.063	0.8475	0.142	
job_A	A0A175WG96	9.4	170	3	112	386	549	6.23	26	0.063	1.4407	0.1213	
job_A	Q8IB46	12.7	102	2	100	42	124	8.292	25	0.057	0.8644	0.534	
job_A	Q9FKD7	4.6	65	39	95	223	285	2.226	25	0.057	0.5508	0.2273	
job_A	I1K0D1	12.9	62	43	92	261	315	2.357	25	0.057	0.5254	0.1818	
job_A	O50419	18.6	86	30	101	271	355	5.248	25	0.057	0.7288	0.1632	
job_A	Q9I1W4	8.9	67	33	91	614	662	9.844	25	0.057	0.5678	0.1009	
job_A	Q8ZKD7	9.4	117	11	83	664	780	5.248	24	0.051	0.9915	0.1494	
job_A	Q9HYU0	8.9	78	29	96	194	269	2.962	23	0.045	0.661	0.2737	
job_A	P46482	4.6	86	29	104	198	278	2.798	23	0.045	0.7288	0.2774	
job_A	A0A0H3H3P2	6.9	72	29	90	198	267	3.517	23	0.045	0.6102	0.2323	
job_A	I1LW88	18	61	43	96	70	126	3.943	23	0.045	0.5169	0.1883	
job_A	A0A0A2V2C3	10	140	2	91	38	170	9.844	23	0.045	1.1864	0.0919	
job_A	K0F5L5	14.4	111	1	102	2	89	7.396	22	0.04	0.9407	0.7762	
job_A	Q17798	12.2	90	1	89	55	126	6.23	22	0.04	0.7627	0.4245	
job_A	I1KAC4	9.2	54	43	91	69	116	7.832	22	0.04	0.4576	0.1651	
job_A	Q5F8R4	13.8	101	2	88	221	306	6.23	22	0.04	0.8559	0.2525	
job_A	E9AG27	10	110	2	97	150	234	6.597	22	0.04	0.9322	0.1752	
job_A	A0A3P7E078	12.9	62	30	91	104	152	6.597	22	0.04	0.5254	0.09	
job_A	I1LNW1	6	83	28	102	773	845	9.844	22	0.04	0.7034	0.0982	
job_A	C0NTS9	10.1	59	38	91	104	152	3.321	21	0.034	0.5	0.2731	
job_A	Q9HVJ5	19.1	73	33	104	284	350	7.396	21	0.034	0.6186	0.1718	
job_A	U7PKH1	14.1	92	3	87	43	115	8.78	21	0.034	0.7797	0.1779	
job_A	Q9I4A1	13.5	81	29	104	286	363	6.597	20	0.029	0.6864	0.2115	
job_A	Q8H1D9	10.7	65	41	99	68	118	7.396	20	0.029	0.5508	0.1074	
job_A	AF-A2A5Z6-2-F1-model_v6	14.2	77	38	93	18	84	8.292	20	0.029	0.6525	0.1048	
job_A	K7LKM1	9.4	53	40	91	805	854	9.844	20	0.029	0.4492	0.0581	
job_A	Q0E2N7	15.2	59	40	91	185	237	7.396	19	0.024	0.5	0.2489	
job_A	A0AAF5DEP9	13.7	87	37	104	69	146	8.78	19	0.024	0.7373	0.3118	
job_A	C0P0C5	12.5	96	1	87	49	120	9.844	19	0.024	0.8136	0.1839	
job_A	Q583J6	10	60	38	89	492	544	7.832	19	0.024	0.5085	0.107	
job_A	I1MA51	19	63	43	96	70	126	8.78	18	0.02	0.5339	0.1944	
job_A	Q6IWL4	9.8	81	43	103	455	535	7.396	18	0.02	0.6864	0.1494	
job_A	C1H3W5	9.6	62	38	90	104	152	9.297	16	0.014	0.5254	0.3626	
