job_A	Q0TLK2	99.1	118	1	118	1	118	1.612e-20	839	1	1.0	0.9365	
job_A	B7NI91	100	118	1	118	1	118	1.914e-20	833	1	1.0	0.9365	
job_A	B4SUA6	95.7	118	1	118	1	118	2.856e-20	830	1	1.0	0.9365	
job_A	B1IQK9	100	118	1	118	1	118	2.027e-20	830	1	1.0	0.9365	
job_A	B1XCA6	100	118	1	118	1	118	2.548e-20	828	1	1.0	0.9365	
job_A	B5YZG7	100	118	1	118	1	118	2.406e-20	828	1	1.0	0.9365	
job_A	B1LGT2	100	118	1	118	1	118	2.406e-20	827	1	1.0	0.9365	
job_A	Q3Z5M9	100	118	1	118	1	118	2.698e-20	826	1	1.0	0.9365	
job_A	P65663	95.7	118	1	118	1	118	3.391e-20	826	1	1.0	0.9365	
job_A	A7ZHM0	100	118	1	118	1	118	2.698e-20	826	1	1.0	0.9365	
job_A	A7ZW80	100	118	1	118	1	118	3.203e-20	825	1	1.0	0.9365	
job_A	P0A792	100	118	1	118	1	118	3.391e-20	824	1	1.0	0.9365	
job_A	B7LGJ3	100	118	1	118	1	118	2.856e-20	824	1	1.0	0.9365	
job_A	B7UIH9	100	118	1	118	1	118	3.203e-20	824	1	1.0	0.9365	
job_A	A1A7H7	100	118	1	118	1	118	3.203e-20	823	1	1.0	0.9365	
job_A	Q326A6	100	118	1	118	1	118	3.203e-20	823	1	1.0	0.9365	
job_A	C0Q5P2	95.7	118	1	118	1	118	4.263e-20	823	1	1.0	0.9365	
job_A	Q0T870	100	118	1	118	1	118	3.391e-20	822	1	1.0	0.9365	
job_A	B5FIX6	94.9	118	1	118	1	118	4.513e-20	822	1	1.0	0.9365	
job_A	A9MZS9	95.7	118	1	118	1	118	4.263e-20	822	1	1.0	0.9365	
job_A	B4TXN2	95.7	118	1	118	1	118	4.263e-20	822	1	1.0	0.9365	
job_A	B5F831	95.7	118	1	118	1	118	4.779e-20	821	1	1.0	0.9365	
job_A	P0C7I4	100	118	1	118	1	118	3.802e-20	820	1	1.0	0.9365	
job_A	P0A790	100	118	1	118	1	118	3.802e-20	820	1	1.0	0.9365	
job_A	P0A791	100	118	1	118	1	118	4.263e-20	820	1	1.0	0.9365	
job_A	B6HZA6	100	118	1	118	1	118	4.026e-20	820	1	1.0	0.9365	
job_A	B7M172	100	118	1	118	1	118	3.802e-20	820	1	1.0	0.9365	
job_A	B7MNZ3	100	118	1	118	1	118	4.513e-20	819	1	1.0	0.9365	
job_A	Q5PDB9	95.7	118	1	118	1	118	5.358e-20	819	1	1.0	0.9365	
job_A	A8ALF1	95.7	118	1	118	1	118	5.673e-20	818	1	1.0	0.9365	
job_A	B5RHB9	95.7	118	1	118	1	118	5.673e-20	818	1	1.0	0.9365	
job_A	Q32K78	100	118	1	118	1	118	4.263e-20	818	1	1.0	0.9365	
job_A	B7LW38	100	118	1	118	1	118	4.779e-20	818	1	1.0	0.9365	
job_A	B5BL63	95.7	118	1	118	1	118	5.358e-20	818	1	1.0	0.9365	
job_A	Q1RG60	100	118	1	118	1	118	4.779e-20	816	1	1.0	0.9365	
job_A	B5R3E4	95.7	118	1	118	1	118	6.007e-20	816	1	1.0	0.9365	
job_A	P0A793	100	118	1	118	1	118	4.779e-20	816	1	1.0	0.9365	
job_A	B4TK03	95.7	118	1	118	1	118	6.361e-20	816	1	1.0	0.9365	
job_A	B2U2X8	100	118	1	118	1	118	4.779e-20	816	1	1.0	0.9365	
job_A	B7N801	100	118	1	118	1	118	5.358e-20	815	1	1.0	0.9365	
job_A	Q57T75	95.7	118	1	118	1	118	6.735e-20	815	1	1.0	0.9365	
job_A	C4ZRM4	100	118	1	118	1	118	5.673e-20	814	1	1.0	0.9365	
job_A	P65662	95.7	118	1	118	1	118	8.466e-20	812	1	1.0	0.9365	
job_A	B7MBB4	100	118	1	118	1	118	6.361e-20	812	1	1.0	0.9365	
job_A	A9MPM3	95.7	118	1	118	1	118	1.193e-19	806	1	1.0	0.9365	
job_A	A4W6N6	91.5	118	1	118	1	118	3.744e-19	786	1	1.0	0.9365	
job_A	A7MGP8	87.2	118	1	118	1	118	6.634e-19	777	1	1.0	0.9365	
job_A	B2VD17	77.9	118	1	118	1	118	5.503e-18	738	1	1.0	0.9365	
job_A	B4EUD1	79.6	118	1	118	1	118	7.756e-18	736	1	1.0	0.9365	
job_A	C6DC49	78.8	118	1	118	1	118	6.533e-18	734	1	1.0	0.9365	
job_A	Q7N871	76.2	118	1	118	1	118	1.298e-17	728	1	1.0	0.9365	
job_A	Q1C3V6	77.9	118	1	118	1	118	1.727e-17	723	1	1.0	0.9365	
job_A	Q6D1X4	75.2	121	1	118	1	121	8.696e-18	718	1	1.0254	0.9603	
job_A	A4TPV3	77.9	118	1	118	1	118	2.577e-17	717	1	1.0	0.9365	
job_A	A7FM24	78.8	118	1	118	1	118	2.729e-17	716	1	1.0	0.9365	
job_A	B2K532	78.8	118	1	118	1	118	2.729e-17	712	1	1.0	0.9365	
job_A	A8GIZ8	79.6	118	1	118	1	118	2.89e-17	712	1	1.0	0.9365	
job_A	B1JK37	78.8	118	1	118	1	118	2.729e-17	711	1	1.0	0.9365	
job_A	A1JJN6	78.8	118	1	118	1	118	3.632e-17	707	1	1.0	0.9365	
job_A	Q66EG5	78.8	118	1	118	1	118	3.846e-17	706	1	1.0	0.9365	
job_A	Q8ZBK6	77.9	118	1	118	1	118	4.072e-17	705	1	1.0	0.9365	
job_A	Q1CLW2	77.9	118	1	118	1	118	4.312e-17	704	1	1.0	0.9365	
job_A	C5B9K4	76.2	118	1	118	1	118	4.566e-17	698	1	1.0	0.9365	
job_A	Q2NVR4	77.1	118	1	118	1	118	1.017e-16	687	1	1.0	0.9365	
job_A	A9R1G4	77.9	118	1	118	1	118	1.017e-16	685	1	1.0	0.9365	
job_A	B8GNA7	57.6	118	1	118	1	118	2.968e-15	627	1	1.0	0.9365	
job_A	A5WHA7	63.5	118	1	118	1	118	3.524e-15	621	1	1.0	0.9365	
job_A	B7I7B4	56.7	118	1	118	1	118	3.951e-15	617	1	1.0	0.9365	
job_A	A1VKS5	58.2	115	1	115	1	115	5.895e-15	614	1	0.9746	0.9055	
job_A	C4L931	56.1	121	1	118	1	121	1.878e-15	613	1	1.0254	0.9603	
job_A	B0VTX3	56.7	118	1	118	1	118	5.258e-15	611	1	1.0	0.9365	
job_A	Q4FVB6	61.8	118	1	118	1	118	5.258e-15	608	1	1.0	0.9365	
job_A	B7GYR1	56.7	118	1	118	1	118	7.41e-15	607	1	1.0	0.9365	
job_A	Q87EV8	53.9	115	1	115	1	115	9.863e-15	605	1	0.9746	0.9127	
job_A	B8GYS2	55	118	1	118	1	118	1.044e-14	604	1	1.0	1.0	
job_A	B0T725	55.9	118	1	118	1	118	1.313e-14	603	1	1.0	1.0	
job_A	Q1QED7	61.8	118	1	118	1	118	7.846e-15	603	1	1.0	0.9365	
job_A	A1AUV5	49.1	118	1	118	1	118	1.24e-14	598	1	1.0	0.9008	
job_A	Q02FU1	52	121	1	118	1	121	5.258e-15	597	1	1.0254	0.9603	
job_A	Q7NXI9	58.2	115	1	115	1	115	1.044e-14	596	1	0.9746	0.9127	
job_A	Q31FF9	52.8	121	1	118	1	121	6.61e-15	594	1	1.0254	0.938	
job_A	Q6F8I6	56.7	118	1	118	1	118	1.747e-14	593	1	1.0	0.9365	
job_A	B0V8G1	56.7	118	1	118	1	118	1.747e-14	593	1	1.0	0.9365	
job_A	Q9RWF1	52.5	118	1	118	1	118	2.196e-14	591	1	1.0	0.9833	
job_A	Q21LV5	52	121	1	118	1	121	1.171e-14	591	1	1.0254	0.9603	
job_A	Q1IYG7	53	115	1	115	1	115	2.761e-14	590	1	0.9746	0.9583	
job_A	Q1H3S3	57.3	115	1	115	1	115	1.472e-14	590	1	0.9746	0.9127	
job_A	A3M2W9	56.7	118	1	118	1	118	2.074e-14	590	1	1.0	0.9365	
job_A	Q7WHJ6	56.5	115	1	115	1	115	1.558e-14	589	1	0.9746	0.9426	
job_A	Q605G8	56.7	118	1	118	1	118	1.39e-14	589	1	1.0	0.9365	
job_A	Q9A602	55	118	1	118	1	118	2.923e-14	588	1	1.0	1.0	
job_A	Q7VXF8	55.6	115	1	115	1	115	1.959e-14	588	1	0.9746	0.9426	
job_A	B4SRY6	49.5	121	1	118	1	121	6.998e-15	588	1	1.0254	0.9603	
job_A	Q1QSZ7	52	121	1	118	1	121	1.106e-14	588	1	1.0254	0.9603	
job_A	B0RTT9	49.5	121	1	118	1	121	6.61e-15	588	1	1.0254	0.9603	
job_A	A5G3A2	51.6	118	1	118	1	118	2.074e-14	587	1	1.0	0.8939	
job_A	C6E3N6	50.8	118	1	118	1	118	2.923e-14	587	1	1.0	0.8806	
job_A	C1D7F0	55.6	115	1	115	1	115	3.095e-14	586	1	0.9746	0.9055	
job_A	B4RH30	52.5	118	1	118	1	118	3.278e-14	585	1	1.0	1.0	
job_A	A1SSG7	53.7	121	1	118	1	121	9.863e-15	585	1	1.0254	0.9603	
job_A	Q3BUL4	48.7	121	1	118	1	121	8.797e-15	585	1	1.0254	0.9603	
job_A	A6VCI7	52	121	1	118	1	121	1.106e-14	585	1	1.0254	0.9603	
job_A	B5E844	51.6	118	1	118	1	118	2.607e-14	585	1	1.0	0.8806	
job_A	A0PV49	50.8	114	1	114	1	114	3.675e-14	585	1	0.9661	0.7972	
job_A	Q0VSR5	52	121	1	118	1	121	1.106e-14	583	1	1.0254	0.9603	
job_A	A4VPM8	52	121	1	118	1	121	1.044e-14	583	1	1.0254	0.9603	
job_A	Q2KY48	57.3	115	1	115	1	115	2.462e-14	582	1	0.9746	0.9426	
job_A	Q2P379	49.5	121	1	118	1	121	9.863e-15	582	1	1.0254	0.9603	
job_A	Q8P9S8	48.7	121	1	118	1	121	1.044e-14	582	1	1.0254	0.9603	
job_A	B2T171	56.8	116	1	115	1	116	1.959e-14	582	1	0.9831	0.9062	
job_A	Q7W972	56.5	115	1	115	1	115	3.675e-14	581	1	0.9746	0.9426	
job_A	B2HUM1	56.7	118	1	118	1	118	3.278e-14	580	1	1.0	0.9365	
job_A	Q9HV68	51.2	121	1	118	1	121	1.558e-14	580	1	1.0254	0.9603	
job_A	Q12F35	56.1	121	1	118	1	121	7.846e-15	580	1	1.0254	0.9603	
job_A	Q47B64	60.3	116	1	116	1	116	3.095e-14	580	1	0.9831	0.9134	
job_A	Q5H0A6	49.5	121	1	118	1	121	1.171e-14	579	1	1.0254	0.9603	
job_A	Q9PGR7	49.5	121	1	118	1	121	1.39e-14	579	1	1.0254	0.9603	
job_A	B2FL70	49.5	121	1	118	1	121	1.39e-14	578	1	1.0254	0.9603	
job_A	A3Q6Y4	49.1	114	1	114	1	114	5.806e-14	577	1	0.9661	0.8444	
job_A	Q4UTV7	48.7	121	1	118	1	121	1.558e-14	576	1	1.0254	0.9603	
job_A	C5C713	52.6	114	1	114	1	114	6.51e-14	575	1	0.9661	0.7862	
job_A	Q5SKN7	50	114	1	114	1	114	7.299e-14	573	1	0.9661	0.95	
job_A	Q3SH81	54.5	121	1	118	1	121	9.863e-15	573	1	1.0254	0.9603	
job_A	B8JAL2	53.5	114	1	114	1	114	4.362e-14	573	1	0.9661	0.8702	
job_A	Q72L22	50	114	1	114	1	114	8.183e-14	571	1	0.9661	0.95	
job_A	B0U1Q4	50.4	121	1	118	1	121	2.326e-14	571	1	1.0254	0.9603	
job_A	Q0C2E7	58.6	116	1	116	1	116	7.728e-14	570	1	0.9831	0.9831	
job_A	Q848I5	52	121	1	118	1	121	2.462e-14	570	1	1.0254	0.9603	
job_A	A3MLN3	57.7	116	1	115	1	116	4.362e-14	570	1	0.9831	0.9062	
job_A	Q63W98	57.7	116	1	115	1	116	4.362e-14	570	1	0.9831	0.9062	
job_A	A4T5N4	49.1	114	1	114	1	114	9.174e-14	570	1	0.9661	0.8507	
job_A	C5BN52	50.4	121	1	118	1	121	4.362e-14	569	1	1.0254	0.9603	
job_A	Q8PLK9	48.7	121	1	118	1	121	2.326e-14	569	1	1.0254	0.9603	
job_A	Q143J3	56.8	116	1	115	1	116	3.675e-14	569	1	0.9831	0.9062	
job_A	Q2LSQ4	48.6	115	1	115	1	115	6.893e-14	568	1	0.9746	0.9914	
job_A	A6VUR3	50.4	121	1	118	1	121	4.362e-14	568	1	1.0254	0.9603	
job_A	A1TG34	50	114	1	114	1	114	9.174e-14	568	1	0.9661	0.8444	
job_A	A1RAZ4	54.3	114	1	114	1	114	1.089e-13	568	1	0.9661	0.7972	
job_A	C1D1G6	53	115	1	115	1	115	1.153e-13	567	1	0.9746	0.9583	
job_A	A3NSK7	57.7	116	1	115	1	116	4.891e-14	567	1	0.9831	0.9062	
job_A	P65661	48.3	120	1	117	1	120	4.362e-14	567	1	1.0169	0.8633	
job_A	B7V1E3	52	121	1	118	1	121	3.47e-14	566	1	1.0254	0.9603	
job_A	A9EUF9	54.2	118	1	118	1	118	9.174e-14	566	1	1.0	0.9147	
job_A	A4G215	54.3	114	1	114	1	114	4.619e-14	565	1	0.9661	0.958	
job_A	Q3A3I8	47.8	117	1	117	1	117	9.714e-14	565	1	0.9915	0.8931	
job_A	Q6ALV4	46.9	115	1	115	1	115	8.664e-14	564	1	0.9746	0.9664	
job_A	Q2T096	56.8	116	1	115	1	116	6.148e-14	564	1	0.9831	0.9062	
job_A	Q1CXC6	46.9	115	1	115	1	115	8.183e-14	564	1	0.9746	0.8846	
job_A	B1Y852	51.2	121	1	118	1	121	3.278e-14	564	1	1.0254	0.9237	
job_A	B0K363	46.1	117	1	117	1	117	1.153e-13	563	1	0.9915	1.0	
job_A	B0KC92	46.1	117	1	117	1	117	1.153e-13	563	1	0.9915	1.0	
job_A	Q8XVU6	52.1	115	1	115	1	115	6.893e-14	563	1	0.9746	0.9583	
job_A	A5U8S6	48.3	120	1	117	1	120	5.179e-14	563	1	1.0169	0.8633	
job_A	A2SAE9	57.7	116	1	115	1	116	6.893e-14	562	1	0.9831	0.9062	
job_A	B1JWS9	56	116	1	115	1	116	6.893e-14	562	1	0.9831	0.9062	
job_A	A7H796	52.6	114	1	114	1	114	7.728e-14	562	1	0.9661	0.8702	
job_A	P9WIL3	48.3	120	1	117	1	120	5.806e-14	562	1	1.0169	0.8633	
job_A	B2GGA2	50.8	114	1	114	1	114	1.721e-13	562	1	0.9661	0.76	
job_A	A3N6X1	56.8	116	1	115	1	116	8.183e-14	561	1	0.9831	0.9062	
job_A	Q47NS4	49.1	114	1	114	1	114	1.293e-13	561	1	0.9661	0.8321	
job_A	P9WIL2	48.3	120	1	117	1	120	6.148e-14	561	1	1.0169	0.8633	
job_A	A1SDW8	47.3	114	1	114	1	114	1.45e-13	561	1	0.9661	0.8201	
job_A	A2SLT3	52.1	115	1	115	1	115	1.153e-13	560	1	0.9746	0.9583	
job_A	Q62LE8	57.7	116	1	115	1	116	8.183e-14	560	1	0.9831	0.9062	
job_A	B4UHC8	53.5	114	1	114	1	114	1.221e-13	560	1	0.9661	0.8702	
job_A	C1AI59	48.3	120	1	117	1	120	6.148e-14	560	1	1.0169	0.8633	
job_A	C0ZPL4	46.9	115	1	115	1	115	1.029e-13	560	1	0.9746	0.777	
job_A	A1V5W9	57.7	116	1	115	1	116	8.183e-14	559	1	0.9831	0.9062	
job_A	B2JEQ8	56	116	1	115	1	116	8.664e-14	559	1	0.9831	0.9062	
job_A	Q2IGV9	52.6	114	1	114	1	114	1.029e-13	559	1	0.9661	0.8702	
job_A	Q3JUY9	57.7	116	1	115	1	116	9.714e-14	558	1	0.9831	0.9062	
job_A	A1KPT6	48.3	120	1	117	1	120	7.299e-14	558	1	1.0169	0.8633	
job_A	Q743Y4	47.5	120	1	117	1	120	7.299e-14	557	1	1.0169	0.8392	
job_A	Q0AMS2	50.8	114	1	114	1	114	3.049e-13	556	1	0.9661	0.9421	
job_A	Q1B2L9	49.1	114	1	114	1	114	2.163e-13	556	1	0.9661	0.8444	
job_A	B8H729	49.1	114	1	114	1	114	2.043e-13	556	1	0.9661	0.8085	
job_A	C1BA76	45.8	120	1	117	1	120	4.891e-14	556	1	1.0169	0.8108	
job_A	Q0S8D4	46.6	120	1	117	1	120	4.891e-14	556	1	1.0169	0.8108	
job_A	Q9ZHI5	55.6	115	1	115	1	115	8.183e-14	555	1	0.9746	0.9583	
job_A	B2UC88	51.6	120	1	117	1	120	4.619e-14	555	1	1.0169	1.0	
job_A	C1DFK0	51.2	121	1	118	1	121	3.675e-14	555	1	1.0254	0.9603	
job_A	A1WBI2	51.2	121	1	118	1	121	4.12e-14	555	1	1.0254	0.9603	
job_A	A1KUB3	50.4	115	1	115	1	115	2.163e-13	555	1	0.9746	0.9055	
job_A	P58286	51.7	114	1	114	1	114	2.291e-13	555	1	0.9661	0.8201	
job_A	A4F6T1	51.7	114	1	114	1	114	2.043e-13	555	1	0.9661	0.6994	
job_A	B4RMD5	50.4	115	1	115	1	115	2.291e-13	554	1	0.9746	0.9055	
job_A	Q5WSM2	49.5	115	1	115	2	116	1.822e-13	553	1	0.9746	0.8647	
job_A	B8I2Z2	50	116	1	116	1	116	2.568e-13	552	1	0.9831	0.9062	
job_A	Q3JCP7	48.7	121	1	118	1	121	5.806e-14	551	1	1.0254	0.9603	
job_A	A9BV13	52	121	1	118	1	121	4.619e-14	551	1	1.0254	0.9603	
job_A	Q9JU49	51.3	115	1	115	1	115	2.719e-13	551	1	0.9746	0.9055	
job_A	A0K9L6	56	116	1	115	1	116	1.369e-13	551	1	0.9831	0.9062	
job_A	Q9AMS6	43.5	117	1	117	1	117	2.719e-13	549	1	0.9915	1.0	
job_A	A0LF66	46	115	1	115	1	115	2.291e-13	549	1	0.9746	0.9274	
job_A	Q5ZRF3	48.6	115	1	115	2	116	2.425e-13	549	1	0.9746	0.8647	
job_A	A1WUU3	49.5	121	1	118	1	121	6.893e-14	548	1	1.0254	0.9603	
job_A	A5CNC0	51.3	115	1	115	1	115	3.832e-13	547	1	0.9746	0.8333	
job_A	A9WT19	46.2	119	1	116	1	119	1.029e-13	546	1	1.0085	0.8623	
job_A	B9MEY1	51.2	121	1	118	1	121	8.183e-14	544	1	1.0254	0.9603	
job_A	B3R6Q3	55	120	1	117	1	120	7.299e-14	543	1	1.0169	1.0	
job_A	B3PCR4	50	118	1	118	1	118	2.425e-13	543	1	1.0	0.9365	
job_A	Q9JZ56	49.5	121	1	118	1	121	1.089e-13	543	1	1.0254	0.9528	
job_A	B1YUU0	55.1	116	1	115	1	116	2.425e-13	543	1	0.9831	0.9062	
job_A	Q39DU8	52	123	1	118	1	122	4.619e-14	542	1	1.0424	0.9609	
job_A	A0QA94	50	114	1	114	1	114	4.058e-13	542	1	0.9661	0.7972	
job_A	B1VHK2	50.8	114	1	114	1	114	3.049e-13	541	1	0.9661	0.8201	
job_A	A6LWN4	45.4	121	1	118	1	121	2.719e-13	540	1	1.0254	0.9758	
job_A	Q12D75	52	121	1	118	1	121	1.029e-13	540	1	1.0254	0.9603	
job_A	Q0BCS7	51.6	122	1	118	1	122	7.299e-14	540	1	1.0339	0.9531	
job_A	A1UMH9	49.1	114	1	114	1	114	4.549e-13	540	1	0.9661	0.8444	
job_A	Q9CD57	49.1	114	1	114	1	114	4.549e-13	540	1	0.9661	0.8028	
job_A	A0PXQ5	43.3	120	1	117	1	120	2.291e-13	539	1	1.0169	0.9756	
job_A	A8M8F2	48.2	114	1	114	1	114	5.101e-13	539	1	0.9661	0.8085	
job_A	Q2JE00	47.4	116	1	116	2	117	5.401e-13	539	1	0.9831	0.7532	
job_A	A4SWK6	53	115	1	115	1	115	3.228e-13	538	1	0.9746	0.9583	
job_A	A5CW02	46.9	115	1	115	1	115	3.418e-13	538	1	0.9746	0.9055	
job_A	Q3A9L2	45.4	121	1	118	1	121	2.163e-13	538	1	1.0254	0.9528	
job_A	A9AHJ2	52.4	122	1	118	1	122	9.714e-14	537	1	1.0339	0.9531	
job_A	Q88Z02	48.2	114	1	114	1	114	6.412e-13	537	1	0.9661	0.8769	
job_A	Q65I58	47.9	121	1	118	1	121	1.721e-13	536	1	1.0254	0.9528	
job_A	Q2RM59	45.6	114	1	114	1	114	9.568e-13	536	1	0.9661	0.8906	
job_A	A0LRC6	48.2	114	1	114	1	114	6.055e-13	536	1	0.9661	0.8382	
job_A	B8ZU50	46.6	120	1	117	1	120	2.719e-13	536	1	1.0169	0.8451	
job_A	Q0RB93	48.2	114	1	114	1	114	6.412e-13	536	1	0.9661	0.6706	
job_A	Q5X0V0	48.6	115	1	115	2	116	6.412e-13	534	1	0.9746	0.8647	
job_A	A8LCM7	48.2	114	1	114	1	114	8.059e-13	534	1	0.9661	0.7651	
job_A	A1AXA6	46	115	1	115	1	115	5.401e-13	533	1	0.9746	0.9664	
job_A	A4JGX2	52.4	122	1	118	1	122	1.153e-13	533	1	1.0339	0.9531	
job_A	Q3AQL9	45.2	115	1	115	1	115	9.036e-13	533	1	0.9746	0.8915	
job_A	B9ML76	41.3	116	1	116	1	116	8.534e-13	532	1	0.9831	0.9062	
job_A	A0K1U2	50.8	114	1	114	1	114	9.036e-13	532	1	0.9661	0.8028	
job_A	A4XCQ3	47.3	114	1	114	1	114	6.789e-13	532	1	0.9661	0.8028	
job_A	B4SCF6	43.4	115	1	115	1	115	1.013e-12	531	1	0.9746	0.8984	
job_A	Q826E8	48.7	119	1	116	1	119	4.817e-13	531	1	1.0085	0.8561	
job_A	B4E8E6	52.4	122	1	118	1	122	1.369e-13	530	1	1.0339	0.9531	
job_A	Q1BUH0	52.4	122	1	118	1	122	1.45e-13	530	1	1.0339	0.9531	
job_A	Q21U10	51.2	121	1	118	1	121	1.221e-13	530	1	1.0254	0.8963	
job_A	A7Z5Z2	47.9	121	1	118	1	121	3.418e-13	529	1	1.0254	0.9528	
job_A	P52999	47.1	121	1	118	1	121	3.228e-13	529	1	1.0254	0.9528	
job_A	Q8FU86	43.8	121	1	118	1	121	3.619e-13	529	1	1.0254	0.8897	
job_A	Q0B0P4	47.8	115	1	115	1	115	1.203e-12	528	1	0.9746	0.9746	
job_A	B2V1M0	45.4	121	1	118	1	121	3.619e-13	528	1	1.0254	0.9758	
job_A	Q0AB67	47.1	121	1	118	1	121	1.929e-13	528	1	1.0254	0.9603	
job_A	Q5F8Y9	47.9	121	1	118	1	121	3.228e-13	528	1	1.0254	0.9528	
job_A	A1BDG1	45.2	115	1	115	1	115	1.273e-12	528	1	0.9746	0.8779	
job_A	Q833S7	44.2	122	1	118	1	121	2.719e-13	526	1	1.0339	0.9313	
job_A	Q4JXL3	48.2	114	1	114	1	114	8.534e-13	526	1	0.9661	0.8261	
job_A	B1VSQ0	44.7	114	1	114	1	114	1.428e-12	526	1	0.9661	0.8085	
job_A	Q5Z2U2	46.6	120	1	117	1	120	3.049e-13	524	1	1.0169	0.8633	
job_A	Q2J4S0	49.1	114	1	114	1	114	1.512e-12	524	1	0.9661	0.7125	
job_A	A5D5T6	47.3	114	1	114	1	114	1.695e-12	523	1	0.9661	0.8636	
job_A	A1RDH3	48.3	120	1	117	1	120	5.101e-13	522	1	1.0169	0.8511	
job_A	A3DDV5	42.1	121	1	118	1	121	6.055e-13	521	1	1.0254	0.9603	
job_A	C4ZG24	45.4	121	1	118	1	121	6.055e-13	521	1	1.0254	0.9237	
job_A	A7HZW6	42.6	115	1	115	1	113	8.059e-13	520	1	0.9746	1.0088	
job_A	Q7MVF1	42.8	112	1	112	1	112	1.273e-12	519	1	0.9492	0.9492	
job_A	B2RK28	42.8	112	1	112	1	112	1.273e-12	519	1	0.9492	0.9492	
job_A	B9L6T1	42.1	114	1	114	1	114	1.601e-12	519	1	0.9661	0.9194	
job_A	A5N8N4	38.8	121	1	118	1	121	6.412e-13	519	1	1.0254	0.9528	
job_A	Q4LA33	47.1	121	1	118	1	121	4.817e-13	519	1	1.0254	0.9528	
job_A	Q8KFS0	46	115	1	115	1	115	2.389e-12	519	1	0.9746	0.8984	
job_A	A4QAD0	42.5	120	1	117	1	120	6.789e-13	518	1	1.0169	0.8824	
job_A	Q9X4N0	42.5	120	1	117	1	120	9.036e-13	517	1	1.0169	0.8824	
job_A	P58285	46.2	121	1	118	1	121	9.036e-13	514	1	1.0254	0.9528	
job_A	B3EFC1	42.6	115	1	115	1	115	2.389e-12	514	1	0.9746	0.8984	
job_A	B4S4T8	41.7	115	1	115	1	115	2.529e-12	514	1	0.9746	0.8915	
job_A	Q7NCY1	41.2	114	1	114	1	114	2.389e-12	513	1	0.9661	0.9661	
job_A	C4L6Q2	49.5	121	1	118	1	121	6.789e-13	513	1	1.0254	0.9528	
job_A	Q5KXX4	42.1	121	1	118	1	121	6.412e-13	513	1	1.0254	0.9528	
job_A	Q92AA8	42.9	121	1	118	1	121	1.073e-12	513	1	1.0254	0.9528	
job_A	Q8Y603	43.8	121	1	118	1	121	1.203e-12	513	1	1.0254	0.9528	
job_A	A4XMZ2	42.1	121	1	118	1	121	8.534e-13	511	1	1.0254	0.9453	
job_A	A0QNF3	45.6	114	1	114	1	114	2.256e-12	511	1	0.9661	0.8382	
job_A	P65664	47.1	121	1	118	1	121	7.188e-13	510	1	1.0254	0.9528	
job_A	Q3B208	43.4	115	1	115	1	115	3.179e-12	510	1	0.9746	0.8984	
job_A	B1I1N9	45.6	114	1	114	1	114	2.389e-12	510	1	0.9661	0.8571	
job_A	C1KWK0	42.9	121	1	118	1	121	1.601e-12	509	1	1.0254	0.9528	
job_A	B3ELP8	41.7	115	1	115	1	115	3.565e-12	509	1	0.9746	0.9055	
job_A	A8FEH5	43.8	121	1	118	1	121	9.568e-13	509	1	1.0254	0.9528	
job_A	Q251P1	42.1	121	1	118	1	121	1.428e-12	508	1	1.0254	0.9528	
job_A	A6QK84	47.1	121	1	118	1	121	8.534e-13	508	1	1.0254	0.9528	
job_A	B9E234	38.8	121	1	118	1	121	1.428e-12	508	1	1.0254	0.9528	
job_A	B1YHQ7	46.2	121	1	118	1	121	7.188e-13	507	1	1.0254	0.9528	
job_A	Q2FDR2	47.1	121	1	118	1	121	8.534e-13	507	1	1.0254	0.9528	
job_A	B8DC26	42.9	121	1	118	1	121	1.601e-12	506	1	1.0254	0.9528	
job_A	Q2YWG1	47.1	121	1	118	1	121	9.568e-13	506	1	1.0254	0.9528	
job_A	A7GN78	43.8	121	1	118	1	121	1.013e-12	506	1	1.0254	0.9528	
job_A	B0TBP6	46.4	114	1	114	1	114	5.632e-12	506	1	0.9661	0.8636	
job_A	B0SBX0	43.2	118	1	117	1	118	2.012e-12	505	1	1.0	1.0	
job_A	Q2FV23	47.1	121	1	118	1	121	9.036e-13	505	1	1.0254	0.9528	
job_A	A6U4X7	47.1	121	1	118	1	121	9.036e-13	505	1	1.0254	0.9528	
job_A	B8FZE1	42.1	121	1	118	1	121	1.795e-12	505	1	1.0254	0.9528	
job_A	Q11NE7	43.4	115	1	115	1	115	2.836e-12	504	1	0.9746	1.0	
job_A	B1IEL4	40.4	121	1	118	1	121	1.428e-12	504	1	1.0254	0.9528	
job_A	A0AK05	42.1	121	1	118	1	121	1.695e-12	504	1	1.0254	0.9528	
job_A	C5CEQ3	41.8	117	1	117	1	115	2.836e-12	503	1	0.9915	1.0174	
job_A	A6L4C4	46.4	112	1	112	1	112	3.003e-12	503	1	0.9492	0.9655	
job_A	B0STF1	43.2	118	1	117	1	118	1.695e-12	503	1	1.0	1.0	
job_A	A4SGF2	41.7	115	1	115	1	115	3.774e-12	503	1	0.9746	0.8984	
job_A	A7H0Y2	40.1	117	1	117	1	115	3.003e-12	502	1	0.9915	1.0174	
job_A	O66773	41.6	120	1	117	1	120	1.273e-12	502	1	1.0169	0.9677	
job_A	B9IVR3	43.8	121	1	118	1	121	1.428e-12	502	1	1.0254	0.9528	
job_A	A7FR58	40.4	121	1	118	1	121	1.795e-12	502	1	1.0254	0.9528	
job_A	P65665	47.1	121	1	118	1	121	1.073e-12	502	1	1.0254	0.9528	
job_A	Q71YB5	42.9	121	1	118	1	121	2.256e-12	501	1	1.0254	0.9528	
job_A	Q6GDK6	47.1	121	1	118	1	121	1.203e-12	501	1	1.0254	0.9528	
job_A	Q6HL14	43.8	121	1	118	1	121	1.428e-12	501	1	1.0254	0.9528	
job_A	Q5HL37	42.9	121	1	118	1	121	1.136e-12	501	1	1.0254	0.9453	
job_A	Q7NDK7	41.6	120	1	117	1	120	2.256e-12	500	1	1.0169	0.96	
job_A	Q8NUN3	47.5	120	1	117	1	120	1.601e-12	500	1	1.0169	0.9449	
job_A	A7GAI4	40.4	121	1	118	1	121	1.9e-12	500	1	1.0254	0.9528	
job_A	Q8CVE9	42.2	116	1	115	1	116	1.9e-12	499	1	0.9831	1.0	
job_A	C3L033	40.4	121	1	118	1	121	2.012e-12	499	1	1.0254	0.9528	
job_A	B3QQH1	45.2	115	1	115	1	115	6.315e-12	499	1	0.9746	0.8984	
job_A	Q6G679	47.1	121	1	118	1	121	1.428e-12	498	1	1.0254	0.9528	
job_A	Q81ST1	43.8	121	1	118	1	121	1.695e-12	498	1	1.0254	0.9528	
job_A	Q8CMZ4	43.3	120	1	117	1	120	1.512e-12	498	1	1.0169	0.9375	
job_A	Q81FN5	44.6	121	1	118	1	121	1.601e-12	497	1	1.0254	0.9528	
job_A	B7HHU5	44.6	121	1	118	1	121	1.695e-12	497	1	1.0254	0.9528	
job_A	B7GHT2	42.9	121	1	118	1	121	1.9e-12	497	1	1.0254	0.9528	
job_A	A8ERX9	36.5	115	1	115	1	115	6.315e-12	496	1	0.9746	0.9055	
job_A	B7IPB9	43.8	121	1	118	1	121	1.9e-12	496	1	1.0254	0.9528	
job_A	Q5WGA5	45.9	122	1	118	1	121	2.012e-12	495	1	1.0339	0.9606	
job_A	B7JHQ8	43.8	121	1	118	1	121	2.012e-12	495	1	1.0254	0.9528	
job_A	Q63DJ1	43.8	121	1	118	1	121	2.012e-12	495	1	1.0254	0.9528	
job_A	B1KUY5	39.6	121	1	118	1	121	2.529e-12	495	1	1.0254	0.9528	
job_A	A0RM41	39.1	115	1	115	1	114	6.686e-12	494	1	0.9746	1.0	
job_A	A6L8I7	46.4	112	1	112	1	112	5.632e-12	494	1	0.9492	0.9655	
job_A	A9VMF1	43.8	121	1	118	1	121	2.131e-12	494	1	1.0254	0.9528	
job_A	A4IQ59	42.9	121	1	118	1	121	2.012e-12	494	1	1.0254	0.9528	
job_A	A0RBZ4	43.8	121	1	118	1	121	2.012e-12	494	1	1.0254	0.9528	
job_A	Q64XM2	44	109	1	109	1	109	5.964e-12	493	1	0.9237	0.9316	
job_A	Q8EQD8	42.1	121	1	118	1	121	2.012e-12	493	1	1.0254	0.9528	
job_A	Q5HCV5	47.5	120	1	117	1	120	2.529e-12	493	1	1.0169	0.9449	
job_A	B7HL55	43.8	121	1	118	1	121	2.389e-12	492	1	1.0254	0.9528	
job_A	A5IW22	47.1	121	1	118	1	121	2.256e-12	491	1	1.0254	0.9528	
job_A	C1EN38	43.8	121	1	118	1	121	2.678e-12	491	1	1.0254	0.9528	
job_A	C5D3B1	42.1	121	1	118	1	121	2.678e-12	491	1	1.0254	0.9528	
job_A	B9DKF6	44.6	121	1	118	1	121	2.012e-12	491	1	1.0254	0.9528	
job_A	B3QTQ3	45.2	115	1	115	1	115	7.497e-12	491	1	0.9746	0.8456	
job_A	C3P5R1	43.8	121	1	118	1	121	2.678e-12	490	1	1.0254	0.9528	
job_A	Q052G3	39.6	116	1	115	1	116	3.367e-12	489	1	0.9831	1.0	
job_A	Q89ZR7	44.9	109	1	109	1	109	7.497e-12	489	1	0.9237	0.9316	
job_A	Q9KC85	42.9	121	1	118	1	121	3.367e-12	489	1	1.0254	0.9528	
job_A	Q30TR6	39.1	115	1	115	1	115	7.938e-12	488	1	0.9746	0.9504	
job_A	C3L8P8	43.8	121	1	118	1	121	3.179e-12	488	1	1.0254	0.9528	
job_A	Q73AV2	42.9	121	1	118	1	121	3.179e-12	488	1	1.0254	0.9528	
job_A	Q982G0	39.8	113	3	115	2	114	1.057e-11	488	1	0.9576	0.7533	
job_A	Q04TD7	39.6	116	1	115	1	116	5.024e-12	487	1	0.9831	1.0	
job_A	A7ZFX6	36.7	117	1	117	1	115	7.497e-12	486	1	0.9915	1.0174	
job_A	Q72QN9	42.2	116	1	115	1	116	5.319e-12	486	1	0.9831	1.0	
job_A	Q5LGS0	44	109	1	109	1	109	9.423e-12	486	1	0.9237	0.9316	
job_A	Q2S2P5	44	118	1	118	1	118	9.978e-12	486	1	1.0	0.8082	
job_A	A6GVV2	43.1	116	1	115	1	116	9.978e-12	485	1	0.9831	1.0	
job_A	Q9ZN30	39.4	114	1	114	1	113	9.423e-12	485	1	0.9661	0.9744	
job_A	Q3M782	42	119	1	116	1	119	5.024e-12	484	1	1.0085	0.937	
job_A	Q9EYU1	39.8	113	3	115	2	114	1.406e-11	484	1	0.9576	0.7533	
job_A	O34246	39.6	121	1	118	1	121	3.997e-12	483	1	1.0254	1.0	
job_A	Q29W39	42.9	121	1	118	1	120	3.997e-12	479	1	1.0254	0.9603	
job_A	Q7UQU4	40.7	113	2	114	6	118	1.489e-11	479	1	0.9576	0.7244	
job_A	B6JPC9	37.6	117	1	117	1	116	1.254e-11	478	1	0.9915	1.0086	
job_A	A7IHU0	46.4	112	3	114	2	113	1.577e-11	478	1	0.9492	0.7467	
job_A	Q8YR79	41.6	120	1	117	1	120	5.964e-12	476	1	1.0169	0.9449	
job_A	P56065	38.5	114	1	114	1	113	1.669e-11	475	1	0.9661	0.9744	
job_A	A7H576	40.4	121	1	118	1	120	6.686e-12	474	1	1.0254	0.9603	
job_A	B2J9T1	38.2	115	1	115	1	115	1.982e-11	474	1	0.9746	0.9055	
job_A	B0C321	40	115	1	115	1	115	1.982e-11	474	1	0.9746	0.8779	
job_A	A8FK85	42.9	121	1	118	1	120	5.632e-12	473	1	1.0254	0.9603	
job_A	C0QRI3	43.3	120	1	117	1	120	8.9e-12	473	1	1.0169	0.8571	
job_A	Q1CVC3	37.6	117	1	117	1	116	1.872e-11	472	1	0.9915	1.0086	
job_A	Q5HWH5	42.9	121	1	118	1	120	6.686e-12	471	1	1.0254	0.9603	
job_A	B2UW36	38.4	117	1	117	1	116	2.222e-11	469	1	0.9915	1.0086	
job_A	Q9PIK3	42.9	121	1	118	1	120	7.08e-12	469	1	1.0254	0.9603	
job_A	Q17ZL6	36.7	117	1	117	1	116	2.491e-11	468	1	0.9915	1.0086	
job_A	B8IQG9	43.3	113	3	115	2	114	3.316e-11	468	1	0.9576	0.7434	
job_A	Q7VJB2	36.8	114	1	114	1	113	2.222e-11	467	1	0.9661	0.95	
job_A	A9AUB8	45.1	124	1	118	1	120	2.836e-12	466	1	1.0508	0.992	
job_A	B4U8K0	45.8	120	1	117	1	118	6.315e-12	462	1	1.0169	0.96	
job_A	B7JX32	45.4	121	1	118	1	121	8.9e-12	460	1	1.0254	0.9167	
job_A	B8ELJ7	41	112	3	114	2	113	7.818e-11	457	1	0.9492	0.7226	
job_A	A7HLE9	40.6	118	1	115	1	116	2.638e-11	454	1	1.0	1.0172	
job_A	B2V7Y0	42	119	1	115	1	119	2.793e-11	453	1	1.0085	0.8881	
job_A	A0M786	44	109	1	109	1	109	7.818e-11	452	1	0.9237	0.9397	
job_A	B5Y862	36.6	120	1	117	1	118	3.936e-11	448	1	1.0169	1.0	
job_A	B2IEX5	41.9	112	3	114	2	113	1.102e-10	445	1	0.9492	0.7467	
job_A	A5INN0	35.9	114	1	114	1	110	1.102e-10	443	1	0.9661	1.0	
job_A	B1L8P0	39.4	114	1	114	1	110	1.467e-10	440	1	0.9661	1.0	
job_A	A8F5K4	39.6	116	3	115	2	115	9.281e-11	436	1	0.9831	1.0087	
job_A	Q9X037	35.9	114	1	114	1	110	1.952e-10	434	1	0.9661	1.0	
job_A	Q2VZZ9	38.9	113	3	114	2	114	1.843e-10	433	1	0.9576	0.6278	
job_A	Q3Z8B5	40	110	5	114	1	110	3.084e-10	432	1	0.9322	0.8871	
job_A	Q55382	35.6	115	2	114	3	117	2.067e-10	432	1	0.9746	0.7931	
job_A	A6LJQ5	38.9	118	1	115	1	116	1.308e-10	430	1	1.0	0.9916	
job_A	Q6MHH9	42.1	121	1	118	1	119	5.239e-11	430	1	1.0254	0.9758	
job_A	B6IPF8	37.5	112	3	114	2	113	3.266e-10	427	1	0.9492	0.7368	
job_A	B7K6Z1	37.9	116	2	115	3	118	1.385e-10	424	1	0.9831	0.7436	
job_A	B7IG50	38.3	120	1	117	1	118	1.843e-10	421	1	1.0169	1.0	
job_A	B8IZG2	37.7	114	3	115	2	115	4.602e-10	421	1	0.9661	0.8085	
job_A	B1WSW1	38.9	118	1	115	2	118	2.317e-10	420	1	1.0	0.7815	
job_A	Q3ZXG1	38.1	110	5	114	1	110	8.153e-10	418	1	0.9322	0.8871	
job_A	Q5NF56	32.7	110	1	110	1	109	4.873e-10	410	1	0.9322	0.991	
job_A	Q8U9Q9	39.8	113	3	115	2	114	9.679e-10	408	1	0.9576	0.729	
job_A	A4IWW4	32.7	110	1	110	1	109	6.486e-10	406	1	0.9322	0.991	
job_A	Q0BMQ7	33.6	107	1	107	1	106	9.679e-10	401	1	0.9068	0.964	
job_A	Q14GK9	32.7	110	1	110	1	109	1.025e-09	399	1	0.9322	0.991	
job_A	Q2A4C8	33.6	107	1	107	1	106	1.217e-09	397	1	0.9068	0.964	
job_A	Q18HQ3	39.8	118	1	115	1	114	9.141e-10	396	1	1.0	1.0351	
job_A	B0JNW2	35	117	1	115	2	116	8.153e-10	394	1	0.9915	0.8417	
job_A	A0Q7L4	33.6	107	1	107	1	106	2.417e-09	385	1	0.9068	0.964	
job_A	Q83EA4	31.7	107	1	107	1	106	2.709e-09	383	1	0.9068	0.964	
job_A	Q118E6	34.5	113	1	112	2	114	9.679e-10	376	1	0.9576	0.7152	
job_A	A1RUA9	34.7	118	3	118	2	115	2.282e-09	364	1	1.0	0.9833	
job_A	P54811	17	88	11	95	30	113	0.002083	136	1	0.7458	0.1088	
job_A	Q3ZBT1	13.6	88	11	95	24	107	0.002473	133	1	0.7458	0.1092	
job_A	AF-Q7KN62-3-F1-model_v6	15.9	88	11	95	46	129	0.002206	133	1	0.7458	0.1065	
job_A	P55072	13.6	88	11	95	24	107	0.002773	132	1	0.7458	0.1092	
job_A	P46462	13.6	88	11	95	24	107	0.003908	128	1	0.7458	0.1092	
job_A	P54812	12.8	109	11	104	30	134	0.001858	127	1	0.9237	0.1346	
job_A	Q2FTS5	17.5	80	12	86	2	80	0.008702	126	1	0.678	0.155	
job_A	P03974	13.6	88	11	95	24	107	0.003292	125	1	0.7458	0.1092	
job_A	P23787	12.5	88	11	95	24	107	0.006538	122	1	0.7458	0.1093	
job_A	Q6GL04	12.5	88	11	95	24	107	0.00733	121	1	0.7458	0.1093	
job_A	Q7ZU99	11.3	88	11	95	24	107	0.00733	121	1	0.7458	0.1092	
job_A	P54609	18.1	88	11	95	28	111	0.00733	121	1	0.7458	0.1088	
job_A	Q9SCN8	19.3	88	11	95	29	112	0.004912	121	1	0.7458	0.108	
job_A	Q7KN62	15.9	88	11	95	21	104	0.00733	120	1	0.7458	0.1099	
job_A	P54774	19.3	88	11	95	29	112	0.008702	119	1	0.7458	0.109	
job_A	Q9LZF6	18.1	88	11	95	28	111	0.009214	119	1	0.7458	0.1086	
job_A	Q96372	20.4	88	11	95	29	112	0.01158	116	1	0.7458	0.1093	
job_A	Q01853	15.9	88	11	95	24	107	0.01158	115	1	0.7458	0.1092	
job_A	Q58081	17.6	85	11	89	2	82	0.02052	114	1	0.7203	0.169	
job_A	Q5AWS6	16.3	92	7	95	44	128	0.01033	114	1	0.7797	0.1118	
job_A	O05209	13.8	94	5	89	3	89	0.01226	110	1	0.7966	0.1262	
job_A	Q07590	14.8	94	1	89	36	120	0.01728	110	1	0.7966	0.1205	
job_A	A2BJU0	13.9	79	11	87	4	80	0.02579	109	1	0.6695	0.1574	
job_A	Q8Y2X7	15.2	85	14	87	13	95	0.02173	108	1	0.7203	0.1677	
job_A	Q9P3A7	11.9	92	7	95	43	127	0.01158	108	1	0.7797	0.1129	
job_A	A1RWC3	21.4	84	9	89	2	81	0.01033	107	1	0.7119	0.1644	
job_A	Q58556	18.1	99	1	91	1	87	0.01158	107	1	0.839	0.1096	
job_A	AF-Q8NB90-3-F1-model_v6	16.8	95	7	89	43	132	0.01375	106	1	0.8051	0.1365	
job_A	P25694	13	92	7	95	33	117	0.01456	105	1	0.7797	0.1102	
job_A	Q1GQ92	15.1	99	11	99	18	111	0.008702	104	1	0.839	0.1926	
job_A	Q21222	14.2	91	12	89	50	135	0.05424	103	1	0.7712	0.1257	
job_A	AF-Q8NB90-2-F1-model_v6	16.8	95	7	89	43	132	0.02173	102	1	0.8051	0.1203	
job_A	O28927	17.2	87	9	91	2	84	0.01728	101	1	0.7373	0.1723	
job_A	Q46S32	14.2	98	14	99	18	110	0.01938	97	0.999	0.8305	0.1914	
job_A	A7I5N0	11.8	93	11	99	1	92	0.06082	96	0.999	0.7881	0.1831	
job_A	Q607P2	15.7	89	11	89	9	95	0.02731	96	0.999	0.7542	0.1725	
job_A	Q8SSJ5	13.6	95	7	95	20	106	0.04569	95	0.998	0.8051	0.1218	
job_A	Q8NB90	12.7	94	1	87	42	131	0.01938	95	0.998	0.7966	0.1053	
job_A	Q3UMC0	11.1	90	7	87	42	130	0.03849	94	0.998	0.7627	0.1008	
job_A	Q0KA59	15.8	101	7	99	26	120	0.01158	93	0.998	0.8559	0.1942	
job_A	A7HYS8	13.6	88	7	87	9	93	0.03242	91	0.997	0.7458	0.1743	
job_A	Q2SLV0	16	106	3	99	7	101	0.005507	91	0.997	0.8983	0.2099	
job_A	A3CSY4	13.5	96	9	98	2	90	0.03242	91	0.997	0.8136	0.1893	
job_A	Q12E97	12.7	94	4	90	15	97	0.01226	91	0.997	0.7966	0.184	
job_A	P32794	10.2	88	11	89	32	118	0.1608	91	0.997	0.7458	0.1128	
job_A	A1W9B0	11.7	102	7	99	15	110	0.01632	90	0.996	0.8644	0.1988	
job_A	C5A1L9	16.3	92	12	98	2	87	0.04569	89	0.996	0.7797	0.1829	
job_A	A6UUN0	8.6	92	11	99	2	91	0.05424	89	0.996	0.7797	0.1825	
job_A	O28972	18.2	93	3	91	7	92	0.02436	89	0.996	0.7881	0.1269	
job_A	B6YWT7	14.2	91	12	98	2	87	0.06082	88	0.995	0.7712	0.1809	
job_A	A2SPI9	12.5	96	3	94	1	84	0.01094	88	0.995	0.8136	0.1901	
job_A	Q466X0	12	83	12	89	2	80	0.1354	88	0.995	0.7034	0.164	
job_A	Q21W90	15.3	98	4	94	13	100	0.01375	88	0.995	0.8305	0.1877	
job_A	Q9HPF0	16.3	92	3	89	2	86	0.06439	88	0.995	0.7797	0.124	
job_A	Q55BK0	12.7	102	1	89	25	118	0.05744	87	0.994	0.8644	0.3091	
job_A	Q5JCX3	15.6	83	11	89	1	81	0.1434	87	0.994	0.7034	0.165	
job_A	Q3IP82	11.7	94	9	99	2	88	0.06439	86	0.993	0.7966	0.188	
job_A	A1W631	15.3	98	8	99	14	108	0.03242	86	0.993	0.8305	0.1918	
job_A	Q5X2M8	11.3	88	7	87	19	103	0.06818	85	0.992	0.7458	0.1702	
job_A	Q8U0I2	19.7	91	12	98	2	87	0.04075	84	0.991	0.7712	0.1809	
job_A	Q9V163	15.3	91	12	98	2	87	0.03849	84	0.991	0.7712	0.1809	
job_A	A5IFN1	10.9	91	4	87	21	103	0.05123	84	0.991	0.7712	0.176	
job_A	Q8RNP4	10.9	91	4	87	21	103	0.05123	84	0.991	0.7712	0.176	
job_A	Q0ATA0	13.6	95	4	91	19	103	0.04315	84	0.991	0.8051	0.183	
job_A	A4FZL0	9.6	93	11	98	2	89	0.09075	83	0.99	0.7881	0.1842	
job_A	A9A6M7	9.6	93	11	98	2	89	0.08094	83	0.99	0.7881	0.1842	
job_A	A6URW3	8.6	93	11	98	2	89	0.06439	83	0.99	0.7881	0.1842	
job_A	Q88FH2	10.9	64	25	86	835	896	0.08571	83	0.99	0.5424	0.0708	
job_A	P46468	9.5	147	4	114	341	479	0.02892	83	0.99	1.2458	0.1196	
job_A	Q5ZWR3	10.9	91	4	87	21	103	0.06082	82	0.988	0.7712	0.176	
job_A	Q9KGW3	9.3	64	25	86	835	896	0.09609	82	0.988	0.5424	0.0708	
job_A	Q5BL07	13.4	89	7	89	12	96	0.269	82	0.988	0.7542	0.0693	
job_A	O60058	12.7	94	9	94	6	94	0.1141	81	0.986	0.7966	0.1162	
job_A	P60068	15.3	52	23	73	809	858	0.2021	81	0.986	0.4407	0.0569	
job_A	P9WIV9	12.1	107	5	89	701	804	0.09075	80	0.984	0.9068	0.1328	
job_A	Q9S1H0	15.3	52	23	73	813	862	0.2266	79	0.981	0.4407	0.0566	
job_A	Q58568	9.9	121	3	91	1	113	0.08571	78	0.978	1.0254	0.9098	
job_A	G3GXG9	12.3	89	7	88	12	96	0.1909	78	0.978	0.7542	0.0693	
job_A	A0B6C9	11.4	87	14	94	3	81	0.1518	77	0.975	0.7373	0.1699	
job_A	P9WIV8	12.1	107	5	89	701	804	0.1279	77	0.975	0.9068	0.1328	
job_A	P59962	12.1	107	5	89	701	804	0.1279	77	0.975	0.9068	0.1328	
job_A	O59251	14.2	91	12	98	2	87	0.1017	76	0.971	0.7712	0.1809	
job_A	A4VHV6	18	100	3	94	14	104	0.01728	76	0.971	0.8475	0.1901	
job_A	Q11BH8	9.9	101	7	99	12	106	0.05123	75	0.967	0.8559	0.1984	
job_A	Q6M0E4	10.7	93	11	98	2	89	0.2021	74	0.961	0.7881	0.1842	
job_A	P54934	17.4	86	8	74	597	679	0.05123	73	0.956	0.7288	0.1156	
job_A	P46923	13.7	145	8	105	670	807	0.03433	73	0.956	1.2288	0.1792	
job_A	Q92890	10.7	102	2	89	18	114	0.05424	72	0.949	0.8644	0.3322	
job_A	Q9ES53	10.7	102	2	89	18	114	0.05744	72	0.949	0.8644	0.3322	
job_A	P70362	10.7	102	2	89	18	114	0.05744	72	0.949	0.8644	0.3322	
job_A	C6A2A0	13.1	91	12	98	2	87	0.1354	72	0.949	0.7712	0.1809	
job_A	O28928	11.2	98	1	94	1	84	0.09075	72	0.949	0.8305	0.1944	
job_A	A6VIW6	9.6	93	11	98	2	89	0.2266	72	0.949	0.7881	0.1842	
job_A	C0SP82	12.3	81	11	73	563	641	0.254	72	0.949	0.6864	0.1191	
job_A	P06131	12.9	93	7	80	567	652	0.06818	72	0.949	0.7881	0.136	
job_A	A8IA58	10.8	101	6	99	188	281	0.04569	72	0.949	0.8559	0.1457	
job_A	P20099	14.2	84	8	73	634	714	0.1434	72	0.949	0.7119	0.1081	
job_A	Q8GPG4	17.3	52	23	73	805	854	0.3791	72	0.949	0.4407	0.0571	
job_A	P58362	13.4	149	4	105	669	807	0.03433	71	0.941	1.2627	0.1842	
job_A	P85097	12.4	129	2	105	783	901	0.01456	71	0.941	1.0932	0.143	
job_A	AF-Q5BL07-2-F1-model_v6	11.4	87	7	86	12	94	0.358	71	0.941	0.7373	0.0699	
job_A	O43933	10.5	95	1	88	13	96	0.1909	71	0.941	0.8051	0.074	
job_A	Q21A54	15.9	69	25	89	157	225	0.3381	70	0.933	0.5847	0.3053	
job_A	AF-Q92890-3-F1-model_v6	10.7	102	2	89	18	114	0.06818	70	0.933	0.8644	0.3835	
job_A	O42915	10.2	98	1	89	32	126	0.1803	70	0.933	0.8305	0.2865	
job_A	Q8CVZ3	12	150	4	105	669	807	0.03635	70	0.933	1.2712	0.1854	
job_A	Q9CK41	8.8	79	11	70	678	754	0.2266	70	0.933	0.6695	0.096	
job_A	Q87ZQ4	9.4	74	25	95	836	905	0.2399	70	0.933	0.6271	0.0818	
job_A	Q7XD66	13.3	112	1	91	60	167	0.05424	69	0.923	0.9492	0.6707	
job_A	Q9WYK8	13.6	73	23	90	138	210	0.2848	69	0.923	0.6186	0.3476	
job_A	Q9Z4S6	11.1	54	23	73	902	953	0.3016	69	0.923	0.4576	0.0529	
job_A	D5AKU6	8.9	67	25	87	146	212	0.425	68	0.912	0.5678	0.3116	
job_A	Q9VTF9	12.7	102	1	89	17	111	0.09075	68	0.912	0.8644	0.3228	
job_A	Q19584	11.8	101	1	89	21	118	0.214	68	0.912	0.8559	0.2953	
job_A	P31075	17	47	25	70	671	715	0.599	68	0.912	0.3983	0.0616	
job_A	Q5Y818	22.2	54	19	70	739	789	0.5046	68	0.912	0.4576	0.0638	
job_A	AF-Q92890-1-F1-model_v6	8.1	111	2	102	18	123	0.09609	67	0.9	0.9407	0.3236	
job_A	Q9XAR0	9.9	111	5	95	727	834	0.0722	67	0.9	0.9407	0.1317	
job_A	Q47CW6	12.5	80	11	73	786	863	0.269	67	0.9	0.678	0.0863	
job_A	P42175	10	90	1	73	1075	1156	0.1909	66	0.887	0.7627	0.0733	
job_A	Q187N2	8	75	25	94	139	209	0.1279	65	0.872	0.6356	0.3589	
job_A	A4YIY0	8.7	114	1	100	15	126	0.04315	65	0.872	0.9661	0.5377	
job_A	P19435	11.2	89	7	91	165	239	0.269	65	0.872	0.7542	0.3708	
job_A	Q55752	13.7	109	1	91	223	320	0.04838	65	0.872	0.9237	0.3396	
job_A	P37519	9.8	81	11	75	557	635	0.1702	65	0.872	0.6864	0.1214	
job_A	Q9HR74	9.6	83	11	74	695	775	0.2021	65	0.872	0.7034	0.0992	
job_A	I3R9M9	9.4	85	7	74	841	920	0.3381	65	0.872	0.7203	0.0864	
job_A	D5DKA5	11.6	77	23	95	142	215	0.254	64	0.855	0.6525	0.3548	
job_A	Q9QUL6	9.8	102	2	96	3	87	0.1909	64	0.855	0.8644	0.1371	
job_A	Q7W733	9.3	86	5	70	714	794	0.1279	64	0.855	0.7288	0.1035	
job_A	Q9LET7	11.7	119	11	95	65	182	0.254	64	0.855	1.0085	0.1164	
job_A	Q834M4	8.9	67	25	87	143	209	0.7972	63	0.837	0.5678	0.3175	
job_A	Q74FU6	11.5	78	23	92	770	841	0.254	63	0.837	0.661	0.0924	
job_A	D7AF63	10	110	6	92	741	841	0.1077	63	0.837	0.9322	0.1303	
job_A	P53044	7	99	1	89	21	116	0.2266	62	0.817	0.839	0.2742	
job_A	P46460	9.7	103	2	96	3	87	0.1909	62	0.817	0.8729	0.1384	
job_A	Q5R410	9.8	102	2	96	3	87	0.2266	62	0.817	0.8644	0.1371	
job_A	Q47A87	7.3	123	5	91	720	837	0.1608	62	0.817	1.0424	0.147	
job_A	Q9KTF4	18.9	111	1	95	75	173	0.1141	61	0.795	0.9407	0.4221	
job_A	Q9ZDE1	17	123	1	99	163	268	0.08094	61	0.795	1.0424	0.3844	
job_A	Q72E84	11.7	51	23	72	597	645	1.26	61	0.795	0.4322	0.0738	
job_A	P42434	9.9	121	7	94	596	709	0.06439	61	0.795	1.0254	0.1704	
job_A	P33760	11.7	111	2	97	202	305	0.2399	61	0.795	0.9407	0.1078	
job_A	P9WJQ3	7.8	152	1	89	1081	1224	0.254	61	0.795	1.2881	0.1234	
job_A	A6TJX7	5.5	72	25	91	144	211	0.2399	60	0.772	0.6102	0.3396	
job_A	A9KN62	11.7	68	25	87	146	212	0.45	60	0.772	0.5763	0.3192	
job_A	A0A0H2ZFV1	18.8	122	3	104	98	205	0.03849	60	0.772	1.0339	0.3578	
job_A	Q795Y4	7.8	89	13	79	826	912	0.5046	60	0.772	0.7542	0.0908	
job_A	P73455	10.8	101	5	93	1	90	0.1279	59	0.747	0.8559	1.1222	
job_A	Q8Y7T9	6.6	75	25	95	140	211	0.5046	59	0.747	0.6356	0.3521	
job_A	Q9ZJ38	17.3	104	3	88	113	206	0.1909	59	0.747	0.8814	0.3312	
job_A	Q9X6V6	17.3	121	3	104	98	205	0.08094	59	0.747	1.0254	0.3538	
job_A	P22704	10.2	137	9	100	357	489	0.45	59	0.747	1.161	0.2192	
job_A	P46459	9.8	102	2	96	3	87	0.3016	59	0.747	0.8644	0.1371	
job_A	Q7WTU0	13.2	53	19	70	749	799	1.124	59	0.747	0.4492	0.0621	
job_A	Q99RW4	13	92	13	82	821	910	0.4014	59	0.747	0.7797	0.0935	
job_A	O34720	9.5	84	13	74	822	903	0.5342	59	0.747	0.7119	0.0853	
job_A	O67235	17.3	104	4	90	129	221	0.2266	58	0.72	0.8814	0.4602	
job_A	Q55G31	9.4	116	1	89	27	137	0.1608	58	0.72	0.9831	0.4056	
job_A	P18708	5.8	103	2	96	3	87	0.4765	58	0.72	0.8729	0.1384	
job_A	P81186	10.7	84	7	70	642	718	0.5046	58	0.72	0.7119	0.1113	
job_A	P37600	10.3	97	23	91	664	758	0.425	58	0.72	0.822	0.128	
job_A	Q56350	6.5	91	5	72	714	799	0.2399	58	0.72	0.7712	0.1095	
job_A	P0A1Y4	5.9	67	22	84	836	900	1.124	58	0.72	0.5678	0.0738	
job_A	A5UAE1	8.1	123	5	91	709	826	0.45	57	0.692	1.0424	0.1487	
job_A	A0KIM1	6.9	86	5	70	712	792	0.3791	57	0.692	0.7288	0.1037	
job_A	Q12P44	7.8	89	7	72	714	797	0.3791	57	0.692	0.7542	0.1074	
job_A	A1SWQ0	8.1	86	5	70	713	793	0.358	57	0.692	0.7288	0.1035	
job_A	Q7VRV7	10.2	78	25	94	871	941	1.061	57	0.692	0.661	0.0829	
job_A	O13764	13.7	102	7	91	178	272	0.6342	57	0.692	0.8644	0.1076	
job_A	Q99LC9	8.3	120	1	91	190	298	0.8938	57	0.692	1.0169	0.1223	
job_A	Q6FW67	9.6	104	6	95	194	294	0.599	57	0.692	0.8814	0.1023	
job_A	Q8YSZ4	11.9	109	1	89	273	369	0.254	56	0.663	0.9237	0.2938	
job_A	Q1ACN5	7	141	9	104	379	515	0.599	56	0.663	1.1949	0.2117	
job_A	Q9MUS6	7.9	138	12	104	397	531	0.5046	56	0.663	1.1695	0.2066	
job_A	Q09X26	7.9	138	12	104	381	515	0.5046	56	0.663	1.1695	0.2018	
job_A	P52733	12	141	9	104	394	530	0.5046	56	0.663	1.1949	0.2026	
job_A	A3N277	10.9	91	7	75	712	797	0.358	56	0.663	0.7712	0.11	
job_A	Q7VPJ7	6.5	91	7	75	712	797	0.358	56	0.663	0.7712	0.11	
job_A	A4SPG7	6.9	86	5	70	712	792	0.425	56	0.663	0.7288	0.1037	
job_A	Q8ZCF3	6.9	86	5	70	711	791	0.5046	56	0.663	0.7288	0.1036	
job_A	A9QZL3	5.8	86	5	70	711	791	0.3381	56	0.663	0.7288	0.1036	
job_A	Q46RX3	5.4	129	5	91	714	831	0.269	56	0.663	1.0932	0.1552	
job_A	P56914	2.6	76	23	85	766	837	0.599	56	0.663	0.6441	0.0891	
job_A	O83958	15.7	114	2	99	25	127	0.2021	55	0.632	0.9661	0.3585	
job_A	Q7WIQ1	10.3	126	5	91	712	829	0.1803	55	0.632	1.0678	0.152	
job_A	P39185	6.5	91	5	72	714	799	0.3791	55	0.632	0.7712	0.1095	
job_A	Q487G4	4.6	129	5	91	715	832	0.3016	55	0.632	1.0932	0.155	
job_A	Q2VEI5	7.9	138	12	104	387	521	0.6716	54	0.601	1.1695	0.2009	
job_A	P73448	6.8	87	7	73	596	677	0.3791	54	0.601	0.7373	0.1218	
job_A	Q71EW5	8.7	80	7	70	598	673	0.599	54	0.601	0.678	0.1096	
job_A	A0T0R0	8.6	138	12	104	467	601	0.6716	54	0.601	1.1695	0.1885	
job_A	Q67QZ1	6.4	125	5	91	635	754	0.3791	54	0.601	1.0593	0.1658	
job_A	Q8EIJ1	5.9	84	7	70	711	789	0.6716	54	0.601	0.7119	0.1017	
job_A	B0BR28	10.9	91	7	75	712	797	0.45	54	0.601	0.7712	0.11	
job_A	C6DK59	8.6	93	5	75	711	798	0.4014	54	0.601	0.7881	0.1123	
job_A	A1JL26	5.8	86	5	70	712	792	0.4765	54	0.601	0.7288	0.1035	
job_A	Q8XCX2	9.4	74	25	95	839	908	0.8938	54	0.601	0.6271	0.0815	
job_A	P19319	10.9	110	1	84	1082	1183	0.5046	54	0.601	0.9322	0.0883	
job_A	Q9FWU1	12.1	123	3	91	97	216	0.5046	53	0.569	1.0424	0.5694	
job_A	Q55G32	9.8	112	3	88	32	142	0.6342	53	0.569	0.9492	0.3836	
job_A	Q9CJR6	12.8	132	1	116	67	171	0.2021	53	0.569	1.1186	0.449	
job_A	B3H2D1	10.9	91	7	75	712	797	0.4765	53	0.569	0.7712	0.11	
job_A	B8F7K2	4.8	123	5	91	710	827	0.6342	53	0.569	1.0424	0.1487	
job_A	P33602	7.8	64	25	84	839	900	1.775	53	0.569	0.5424	0.0705	
job_A	Q13608	5.2	133	1	102	190	306	0.5342	53	0.569	1.1271	0.1357	
job_A	A0A369NIV7	14.8	47	25	70	883	927	2.232	53	0.569	0.3983	0.0462	
job_A	C8WLC6	14.8	47	25	70	883	927	2.232	53	0.569	0.3983	0.0462	
job_A	A0A0A8X0K1	5	60	23	70	920	979	1.775	53	0.569	0.5085	0.0573	
job_A	D5SXM0	8.5	70	25	84	166	234	0.4014	52	0.537	0.5932	0.2869	
job_A	A4QLS4	10.1	138	12	104	381	515	0.7529	52	0.537	1.1695	0.2029	
job_A	Q6D5Z2	6.9	86	5	70	711	791	0.7529	52	0.537	0.7288	0.1039	
job_A	A4XWM0	6.2	127	7	94	716	834	0.254	52	0.537	1.0763	0.1523	
job_A	Q8U7P1	8.8	125	5	91	716	833	0.358	52	0.537	1.0593	0.1499	
job_A	B1Y6A6	8.1	86	5	70	734	814	0.7111	52	0.537	0.7288	0.1011	
job_A	D1AFM9	11.1	72	25	91	142	209	0.3791	51	0.505	0.6102	0.3412	
job_A	Q9CKL8	5.7	121	7	91	713	828	1.124	51	0.505	1.0254	0.1461	
job_A	A8GHJ4	6.4	93	5	75	711	798	0.599	51	0.505	0.7881	0.1123	
job_A	C5B7B9	6.5	123	5	91	712	829	0.5657	51	0.505	1.0424	0.1484	
job_A	Q1C5S8	5.8	86	5	70	711	791	0.6342	51	0.505	0.7288	0.1036	
job_A	Q1CK03	5.8	86	5	70	711	791	0.6716	51	0.505	0.7288	0.1036	
job_A	A7FG75	5.9	84	7	70	713	791	0.7111	51	0.505	0.7119	0.1012	
job_A	Q668I0	5.8	86	5	70	711	791	0.6342	51	0.505	0.7288	0.1036	
job_A	B2K970	5.8	86	5	70	711	791	0.6342	51	0.505	0.7288	0.1036	
job_A	Q2SGV7	6.9	86	5	70	713	793	0.6716	51	0.505	0.7288	0.1036	
job_A	B1JSJ0	5.8	86	5	70	711	791	0.6342	51	0.505	0.7288	0.1036	
job_A	A4TMK8	5.8	86	5	70	711	791	0.6716	51	0.505	0.7288	0.1036	
job_A	Q21PN1	5.4	129	5	91	714	831	0.5657	51	0.505	1.0932	0.1552	
job_A	Q06457	4.7	126	5	91	567	687	0.5342	51	0.505	1.0678	0.1455	
job_A	Q8ZDL2	6.7	74	25	95	845	914	1.88	51	0.505	0.6271	0.081	
job_A	Q74Z13	9.9	101	2	86	203	297	0.8938	51	0.505	0.8559	0.0989	
job_A	O31963	10.5	95	1	93	84	154	0.3193	50	0.473	0.8051	0.3585	
job_A	B0TSW5	7.5	93	5	75	709	796	0.7111	50	0.473	0.7881	0.1126	
job_A	Q13I15	6.9	129	5	91	710	827	0.6342	50	0.473	1.0932	0.156	
job_A	Q2W3T1	4.8	123	5	91	710	827	0.599	50	0.473	1.0424	0.1487	
job_A	Q93HX3	4.9	121	7	91	712	827	0.7111	50	0.473	1.0254	0.1463	
job_A	B0URQ3	7.5	93	5	75	710	797	0.6716	50	0.473	0.7881	0.1125	
job_A	C4ZU48	8.6	93	5	75	711	798	0.8442	50	0.473	0.7881	0.1123	
job_A	Q65Q72	7.6	91	7	75	715	800	0.7111	50	0.473	0.7712	0.1096	
job_A	Q0TMN9	7.9	139	12	104	342	476	1.002	50	0.473	1.178	0.118	
job_A	A0T0D8	7.9	138	12	104	432	566	1.124	49	0.442	1.1695	0.1983	
job_A	P39458	9.4	138	5	102	603	728	0.4014	49	0.442	1.1695	0.1893	
job_A	Q4QNJ6	7.3	123	5	91	709	826	0.8938	49	0.442	1.0424	0.1487	
job_A	Q0I5G9	6.9	86	5	70	710	790	0.8442	49	0.442	0.7288	0.104	
job_A	Q8VL02	5.4	91	5	72	710	795	0.8938	49	0.442	0.7712	0.1099	
job_A	Q53176	8.6	93	5	75	714	801	0.6342	49	0.442	0.7881	0.1119	
job_A	A6V924	5.5	127	7	94	716	834	0.4014	49	0.442	1.0763	0.1523	
job_A	Q89EN5	6.2	129	5	91	717	834	0.6342	49	0.442	1.0932	0.1541	
job_A	Q21AR4	6.8	132	5	94	717	837	0.599	49	0.442	1.1186	0.1577	
job_A	B2UBL7	9.3	96	5	75	721	808	0.3016	49	0.442	0.8136	0.1146	
job_A	AF-O43933-2-F1-model_v6	11.3	106	7	91	12	113	1.412	49	0.442	0.8983	0.1103	
job_A	Q6CPV1	8.8	113	2	95	196	294	0.6716	49	0.442	0.9576	0.113	
job_A	Q32I06	5.8	86	5	70	711	791	0.9464	48	0.411	0.7288	0.1039	
job_A	B7M5P6	5.8	86	5	70	711	791	0.9464	48	0.411	0.7288	0.1039	
job_A	B2TV30	5.8	86	5	70	711	791	1.002	48	0.411	0.7288	0.1039	
job_A	Q6LQJ3	10.4	96	5	75	713	800	0.4765	48	0.411	0.8136	0.1157	
job_A	B3R8B4	4.6	129	5	91	714	831	0.7972	48	0.411	1.0932	0.1552	
job_A	B7UX15	4.7	127	7	94	716	834	0.45	48	0.411	1.0763	0.1523	
job_A	C1D9G3	3.5	84	7	70	724	802	1.124	48	0.411	0.7119	0.1001	
job_A	D3RNN8	7.8	51	21	70	812	860	3.145	48	0.411	0.4322	0.0527	
job_A	P54777	6.3	126	1	95	190	299	0.8938	48	0.411	1.0678	0.1288	
job_A	Q20EX2	8.6	138	12	104	696	830	1.334	48	0.411	1.1695	0.1352	
job_A	O30078	12.6	111	11	99	931	1032	0.5046	48	0.411	0.9407	0.0979	
job_A	Q49V53	10	139	12	104	341	475	1.19	48	0.411	1.178	0.1152	
job_A	Q034X1	7.9	138	12	104	341	475	1.334	48	0.411	1.1695	0.1131	
job_A	Q03Q37	11.1	72	25	91	138	206	0.6342	47	0.382	0.6102	0.3462	
job_A	B2Y1V6	5.6	141	9	104	396	532	1.677	47	0.382	1.1949	0.2026	
job_A	A8LLY9	8.3	84	7	70	716	794	1.412	47	0.382	0.7119	0.1011	
job_A	Q250N9	7.1	139	12	104	347	481	1.19	47	0.382	1.178	0.1197	
job_A	Q38UQ3	9.4	138	12	104	341	475	1.583	47	0.382	1.1695	0.1137	
job_A	P9WGY7	7.7	142	9	104	425	561	1.334	47	0.382	1.2034	0.1079	
job_A	A6VQY7	6.5	91	7	75	711	796	1.26	46	0.353	0.7712	0.1102	
job_A	Q9I4G3	4.7	127	7	94	711	829	0.599	46	0.353	1.0763	0.1532	
job_A	B0UCB6	5.3	131	5	99	713	834	0.6342	46	0.353	1.1102	0.1563	
job_A	A7GZP5	10.7	84	7	70	811	889	1.334	46	0.353	0.7119	0.0907	
job_A	A4XI31	10.5	142	9	104	339	475	1.495	46	0.353	1.2034	0.1221	
job_A	A5U053	7.9	139	12	104	427	561	1.583	46	0.353	1.178	0.1056	
job_A	P0A675	7.7	142	9	104	425	561	1.495	46	0.353	1.2034	0.1079	
job_A	C7NCT6	11.1	72	25	91	143	210	0.7972	45	0.326	0.6102	0.3412	
job_A	A9N5G2	5.8	86	5	70	711	791	1.677	45	0.326	0.7288	0.1039	
job_A	B5YWZ7	5.9	84	7	70	713	791	1.495	45	0.326	0.7119	0.1014	
job_A	Q8Z570	4.7	84	7	70	713	791	1.775	45	0.326	0.7119	0.1014	
job_A	A4VJ11	6.2	127	7	94	716	834	0.6716	45	0.326	1.0763	0.1523	
job_A	A9I7M5	5.8	86	5	70	730	810	1.334	45	0.326	0.7288	0.1015	
job_A	A8AEM8	9.2	76	25	94	138	209	1.412	44	0.301	0.6441	0.3619	
job_A	Q9PHM1	14.2	105	1	89	76	168	0.8938	44	0.301	0.8898	0.3818	
job_A	B1LKV2	5.8	86	5	70	711	791	1.583	44	0.301	0.7288	0.1039	
job_A	Q57M92	4.6	86	5	70	711	791	1.775	44	0.301	0.7288	0.1039	
job_A	Q8XE47	5.9	84	7	70	713	791	1.775	44	0.301	0.7119	0.1014	
job_A	A1AD59	5.8	86	5	70	711	791	1.583	44	0.301	0.7288	0.1039	
job_A	B7N5G7	5.8	86	5	70	711	791	1.583	44	0.301	0.7288	0.1039	
job_A	A7ZP28	5.8	86	5	70	711	791	1.583	44	0.301	0.7288	0.1039	
job_A	C0Q0P2	4.6	86	5	70	711	791	1.775	44	0.301	0.7288	0.1039	
job_A	A9MJZ6	5.9	84	7	70	713	791	2.363	44	0.301	0.7119	0.1014	
job_A	B5FNQ2	4.6	86	5	70	711	791	1.775	44	0.301	0.7288	0.1039	
job_A	B7MXN6	5.8	86	5	70	711	791	1.677	44	0.301	0.7288	0.1039	
job_A	Q31Z29	5.8	86	5	70	711	791	1.677	44	0.301	0.7288	0.1039	
job_A	Q5PI61	5.9	84	7	70	713	791	1.99	44	0.301	0.7119	0.1014	
job_A	B5RC85	4.6	86	5	70	711	791	1.775	44	0.301	0.7288	0.1039	
job_A	Q02IZ4	4.7	127	7	94	716	834	0.7972	44	0.301	1.0763	0.1523	
job_A	Q3A9Q8	10.7	139	12	104	341	475	1.88	44	0.301	1.178	0.1207	
job_A	A6TWI9	10.5	142	9	104	339	475	1.99	44	0.301	1.2034	0.1213	
job_A	Q5FM96	9.1	142	12	104	341	475	1.334	44	0.301	1.2034	0.1167	
job_A	B3WAM7	7.9	138	12	104	341	475	1.583	44	0.301	1.1695	0.1131	
job_A	Q4A5S8	7.2	137	9	99	424	556	2.97	44	0.301	1.161	0.0918	
job_A	B8PYF3	9.6	125	1	91	41	160	0.599	43	0.277	1.0593	0.4717	
job_A	A8A268	5.8	86	5	70	711	791	1.88	43	0.277	0.7288	0.1039	
job_A	B7LJU7	5.8	86	5	70	711	791	1.88	43	0.277	0.7288	0.1039	
job_A	Q0T2R8	5.8	86	5	70	711	791	1.88	43	0.277	0.7288	0.1039	
job_A	B4SYT3	5.9	84	7	70	713	791	2.363	43	0.277	0.7119	0.1014	
job_A	B5R233	4.7	84	7	70	713	791	2.108	43	0.277	0.7119	0.1014	
job_A	B4TPE6	5.9	84	7	70	713	791	2.363	43	0.277	0.7119	0.1014	
job_A	Q046D1	9.1	142	12	104	341	475	1.412	43	0.277	1.2034	0.1161	
job_A	O26091	16.8	107	3	90	114	207	0.45	42	0.254	0.9068	0.3397	
job_A	B7UFL9	5.9	84	7	70	713	791	2.232	42	0.254	0.7119	0.1014	
job_A	B7MFB8	5.8	86	5	70	711	791	1.99	42	0.254	0.7288	0.1039	
job_A	B1IY66	5.8	86	5	70	711	791	1.99	42	0.254	0.7288	0.1039	
job_A	Q3Z001	5.8	86	5	70	711	791	1.99	42	0.254	0.7288	0.1039	
job_A	B7LAM9	5.8	86	5	70	711	791	1.99	42	0.254	0.7288	0.1039	
job_A	B1X8A2	10.4	96	5	75	711	798	1.124	42	0.254	0.8136	0.1159	
job_A	Q6LTV9	9.5	94	7	75	713	798	1.061	42	0.254	0.7966	0.1135	
job_A	Q1R9L3	5.8	86	5	70	711	791	1.99	42	0.254	0.7288	0.1039	
job_A	B7NN18	5.9	84	7	70	713	791	2.232	42	0.254	0.7119	0.1014	
job_A	Q8ZNH6	5.9	84	7	70	713	791	2.502	42	0.254	0.7119	0.1014	
job_A	B6I1A4	5.8	86	5	70	711	791	1.99	42	0.254	0.7288	0.1039	
job_A	P33937	10.4	96	5	75	711	798	1.124	42	0.254	0.8136	0.1159	
job_A	Q83QV0	5.8	86	5	70	711	791	1.99	42	0.254	0.7288	0.1039	
job_A	Q8CVW4	6.9	86	5	70	711	791	2.502	42	0.254	0.7288	0.1039	
job_A	A5ED21	10.4	86	7	70	719	797	0.7111	42	0.254	0.7288	0.1031	
job_A	Q9KLR4	8.7	126	5	91	711	828	1.412	41	0.233	1.0678	0.152	
job_A	A4Z0A1	9.8	91	7	72	719	802	0.7972	41	0.233	0.7712	0.1091	
job_A	Q5FFD8	10	139	12	104	353	487	2.805	41	0.233	1.178	0.0985	
job_A	P77374	9.6	83	6	73	685	762	3.734	40	0.214	0.7034	0.1027	
job_A	P56300	8.9	134	8	99	514	642	3.145	40	0.214	1.1356	0.1603	
job_A	A0A061IR73	6.6	120	1	89	190	294	3.145	39	0.196	1.0169	0.1224	
job_A	Q6F0L8	8.3	143	9	104	391	527	3.734	39	0.196	1.2119	0.114	
job_A	Q9C1E9	8.6	127	1	91	26	145	2.649	39	0.196	1.0763	0.0915	
job_A	O83270	5.7	139	12	104	341	475	3.145	39	0.196	1.178	0.0982	
job_A	AF-Q13608-2-F1-model_v6	5.9	135	1	104	190	308	3.526	38	0.179	1.1441	0.1829	
job_A	B5EYU5	8.3	96	5	75	711	798	1.677	38	0.179	0.8136	0.1159	
job_A	B4TAT3	8.3	96	5	75	711	798	1.677	38	0.179	0.8136	0.1159	
job_A	B5BDZ4	8.3	96	5	75	711	798	1.677	38	0.179	0.8136	0.1159	
job_A	Q7SGP2	9.7	154	1	95	374	524	1.26	38	0.179	1.3051	0.1115	
job_A	Q8SSC4	7.4	67	38	99	405	469	3.33	38	0.179	0.5678	0.0419	
job_A	Q0TFN6	9.3	96	5	75	711	798	1.677	37	0.164	0.8136	0.1159	
job_A	A8AE11	8.3	96	5	75	711	798	2.232	37	0.164	0.8136	0.1159	
job_A	Q8RY16	11.7	68	1	61	44	111	3.526	37	0.164	0.5763	0.0723	
job_A	Q4WB37	12.1	115	8	104	122	222	1.495	35	0.138	0.9746	0.4752	
job_A	O68639	6.8	102	2	93	215	294	2.232	35	0.138	0.8644	0.2125	
job_A	Q6BS73	9.8	112	2	88	16	122	0.5657	35	0.138	0.9492	0.0935	
job_A	B2S2I9	7.1	139	12	104	341	475	5.572	35	0.138	1.178	0.0982	
job_A	A9MLP6	8.2	73	25	91	138	207	4.969	34	0.126	0.6186	0.3476	
job_A	P76185	11.6	86	29	104	195	276	0.425	34	0.126	0.7288	0.3018	
job_A	G1X4S3	5.7	121	1	89	245	360	6.614	34	0.126	1.0254	0.1023	
job_A	A5VLL3	9.6	83	30	104	402	475	2.108	34	0.126	0.7034	0.0685	
job_A	B7LTW5	6.4	78	25	91	138	207	3.953	33	0.116	0.661	0.3714	
job_A	Q9P961	10.2	98	8	91	122	208	3.145	33	0.116	0.8305	0.4	
job_A	O53900	8.7	91	22	100	143	228	4.432	31	0.098	0.7712	0.1064	
job_A	Q9FNP1	11.2	98	5	95	13	102	7.852	31	0.098	0.8305	0.0867	
job_A	Q1C8B0	15.2	85	23	102	275	350	4.432	29	0.082	0.7203	0.2429	
job_A	A4TJU6	10.4	105	2	102	272	350	4.969	29	0.082	0.8898	0.3	
job_A	B2K295	11.4	105	2	102	272	350	4.969	29	0.082	0.8898	0.3	
job_A	A9QZ62	14.1	85	23	102	275	350	4.969	28	0.076	0.7203	0.2429	
job_A	Q8EWX0	12.5	72	41	104	480	548	7.416	28	0.076	0.6102	0.0559	
job_A	Q8LN49	12.3	81	14	89	68	145	3.734	27	0.069	0.6864	0.2935	
job_A	Q9XHZ8	12.5	56	39	91	66	117	4.432	27	0.069	0.4746	0.1718	
job_A	Q8U0X0	24.2	33	28	60	2	34	6.614	27	0.069	0.2797	0.0753	
job_A	P75271	7.6	78	30	99	483	551	6.614	27	0.069	0.661	0.0605	
job_A	Q9PQV5	9.3	75	39	104	483	553	8.314	27	0.069	0.6356	0.0575	
job_A	A2AKX3	10.9	82	28	87	1775	1853	6.614	27	0.069	0.6949	0.031	
job_A	Q9FKD5	6.3	63	43	97	216	276	1.99	26	0.063	0.5339	0.2283	
job_A	Q66B20	11.4	105	2	102	272	350	7.852	26	0.063	0.8898	0.3	
job_A	A8F3K2	13.4	52	38	88	25	74	8.314	26	0.063	0.4407	0.1109	
job_A	A6LJR1	15.2	92	1	88	1	76	7.852	24	0.051	0.7797	0.1962	
job_A	B7IG44	10.9	55	38	88	27	76	9.322	24	0.051	0.4661	0.117	
job_A	B6YQC5	20	60	32	88	20	76	8.314	24	0.051	0.5085	0.12	
job_A	Q8X5L8	7.3	95	4	93	106	177	3.145	23	0.045	0.8051	0.121	
job_A	A8G1G4	15.3	65	40	104	136	191	7.852	20	0.029	0.5508	0.189	
job_A	P57153	15.1	66	40	105	139	195	9.87	19	0.024	0.5593	0.1854	
job_A	P59450	14.2	70	40	104	135	190	9.322	18	0.02	0.5932	0.2096	
