candidate_id	rank	foldseek_prob	foldseek_evalue	foldseek_bits	foldseek_fident	foldseek_qcov	foldseek_alntmscore	tmalign_tm_norm_ref	tmalign_rmsd	fold_ok	Ser25_obs	Ser25_offsetA	Ser25_state	verdict	state_reason
A0A376ZNN1	1	1	1.046e-19	831	1	1	NA	0.9322	1.598	true	S25	0.5681	retained	retained	Ser25 S25 retained
A0A3E1D919	2	1	1.087e-14	607	0.578	1.025	NA	0.9063	1.913	true	S48	0.4706	retained	retained	Ser25 S48 retained
A0A537DUH3	3	1	1.134e-13	593	0.478	0.9746	NA	0.9162	1.596	true	S25	0.3766	retained	retained	Ser25 S25 retained
A0A929HJY0	4	1	1.509e-13	582	0.504	0.9746	NA	0.9114	1.828	true	S25	0.3079	retained	retained	Ser25 S25 retained
A0A2G3K0C0	5	1	6.401e-14	573	0.545	1.025	NA	0.909	1.893	true	S25	0.3901	retained	retained	Ser25 S25 retained
E8UZY0	6	1	5.015e-13	565	0.47	0.9915	NA	0.9224	1.675	true	S25	0.2623	retained	retained	Ser25 S25 retained
A0A495HZN3	7	1	1.598e-13	558	0.52	1.025	NA	0.9133	1.888	true	S25	0.2631	retained	retained	Ser25 S25 retained
A0A7Z0K9A5	8	1	4.224e-13	553	0.495	1.025	NA	0.9191	1.759	true	S25	0.1785	retained	retained	Ser25 S25 retained
A0AB37U538	9	1	1.404e-12	547	0.526	0.9661	NA	0.9156	1.583	true	S25	0.3602	retained	retained	Ser25 S25 retained
A0A402DR51	10	1	2.218e-12	544	0.482	0.9661	NA	0.9205	1.752	true	S28	0.2867	retained	retained	Ser25 S28 retained
A0A7W7G7Z9	11	1	2.349e-12	540	0.491	0.9661	NA	0.9208	1.734	true	S34	0.3038	retained	retained	Ser25 S34 retained
A0A1G7CB15	12	1	2.349e-12	537	0.491	0.9661	NA	0.9125	1.657	true	S90	0.4824	retained	retained	Ser25 S90 retained
A0A948C8U0	13	1	3.126e-12	533	0.377	0.9661	NA	0.9131	1.906	true	S25	0.04234	retained	retained	Ser25 S25 retained
A0A7J5UNL4	14	1	4.406e-12	531	0.447	0.9661	NA	0.9213	1.757	true	S33	0.2316	retained	retained	Ser25 S33 retained
A0A952R5E7	15	1	4.406e-12	528	0.487	0.9915	NA	0.9109	1.671	true	S25	0.1103	retained	retained	Ser25 S25 retained
A0A9E5WK72	16	1	1.326e-12	525	0.479	1.025	NA	0.9102	1.878	true	S25	0.1685	retained	retained	Ser25 S25 retained
A0A651GSF1	17	1	2.349e-12	521	0.421	1.025	NA	0.9133	1.684	true	S25	0.1622	retained	retained	Ser25 S25 retained
A0A6I4MGS0	18	1	8.264e-12	517	0.447	0.9661	NA	0.9103	1.8	true	S25	0.2477	retained	retained	Ser25 S25 retained
A0A7V9F784	19	1	4.665e-12	513	0.475	1.017	NA	0.9133	1.593	true	S25	0.1418	retained	retained	Ser25 S25 retained
A0A7C5JN15	20	1	7.805e-12	509	0.418	0.9915	NA	0.8998	1.614	true	S25	0.3977	retained	retained	Ser25 S25 retained
A0A5M6CXU7	21	1	1.306e-11	507	0.398	0.9576	NA	0.9069	1.731	true	S28	0.3118	retained	retained	Ser25 S28 retained
A0A2E7SRQ1	22	1	1.84e-11	504	0.391	0.9746	NA	0.9093	1.923	true	S25	0.7461	retained	retained	Ser25 S25 retained
X0V6G8	23	1	2.185e-11	501	0.473	0.9661	NA	0.9057	1.887	true	S24	0.3775	retained	retained	Ser25 S24 retained
A0A1U7CTG5	24	1	2.185e-11	497	0.377	0.9661	NA	0.9037	1.724	true	S25	0.184	retained	retained	Ser25 S25 retained
A0A535HQI7	25	1	1.55e-11	493	0.415	1	NA	0.8841	1.964	true	S25	0.1533	retained	retained	Ser25 S25 retained
A0A2H5WAN0	26	1	4.594e-11	490	0.412	0.9661	NA	0.9055	1.961	true	S25	0.3382	retained	retained	Ser25 S25 retained
A0A3D4CJW0	27	1	3.079e-11	486	0.446	0.9492	NA	0.8763	1.741	true	S25	0.3384	retained	retained	Ser25 S25 retained
A0A660SL37	28	1	2.594e-11	484	0.316	0.9915	NA	0.8852	1.896	true	S25	0.2356	retained	retained	Ser25 S25 retained
A0A1H6LNY9	29	1	5.151e-11	481	0.437	0.9492	NA	0.882	1.681	true	S25	0.1764	retained	retained	Ser25 S25 retained
A0A8H2LHD1	30	1	6.115e-11	477	0.41	0.9492	NA	0.8806	1.689	true	S25	0.1647	retained	retained	Ser25 S25 retained
X0VXQ6	31	1	6.856e-11	474	0.431	0.9831	NA	0.8977	1.956	true	S39	0.2652	retained	retained	Ser25 S39 retained
A0A0S9QMB3	32	1	3.87e-11	470	0.406	1.042	NA	0.9047	1.777	true	S25	0.174	retained	retained	Ser25 S25 retained
A0A1L5NR41	33	1	1.023e-10	468	0.424	0.9576	NA	0.8835	2.027	true	S24	0.1706	retained	retained	Ser25 S24 retained
A0A661C7R5	34	1	1.083e-10	464	0.444	0.9153	NA	0.8485	1.81	true	S19	0.2798	retained	retained	Ser25 S19 retained
A0A1N7PFW6	35	1	5.775e-11	462	0.375	1.017	NA	0.8819	1.799	true	S25	0.3208	retained	retained	Ser25 S25 retained
A0A6I3SNQ9	36	1	6.856e-11	458	0.388	1.025	NA	0.8896	2.007	true	S25	0.2753	retained	retained	Ser25 S25 retained
A0A2W1JIN1	37	1	9.126e-11	454	0.363	1.025	NA	0.8996	1.968	true	S25	0.1814	retained	retained	Ser25 S25 retained
A0A1G0L4B9	38	1	1.286e-10	450	0.371	1.025	NA	0.8968	2.011	true	S25	0.2007	retained	retained	Ser25 S25 retained
A0A1G6GDH8	39	1	4.274e-10	446	0.427	0.9915	NA	0.8926	1.839	true	S26	0.2186	retained	retained	Ser25 S26 retained
E8R2X0	40	1	4.525e-10	441	0.359	0.9661	NA	0.8903	1.795	true	S25	0.2023	retained	retained	Ser25 S25 retained
H0HXF5	41	1	1.196e-09	432	0.412	0.9237	NA	0.8688	1.934	true	S20	0.2375	retained	retained	Ser25 S20 retained
A0A933Y2C7	42	1	4.791e-10	426	0.452	0.9746	NA	0.8671	1.896	true	S24	0.1254	retained	retained	Ser25 S24 retained
A0A974YEU8	43	1	1.504e-09	420	0.375	0.9492	NA	0.863	1.946	true	S24	0.3676	retained	retained	Ser25 S24 retained
A0A843JPN2	44	1	1.785e-09	413	0.419	0.9492	NA	0.8396	1.96	true	S21	0.2153	retained	retained	Ser25 S21 retained
A0A7W2AH88	45	1	1.42e-09	406	0.347	1.025	NA	0.8735	2.124	true	S25	0.3892	retained	retained	Ser25 S25 retained
A0A7Y1UHI7	46	1	7.457e-09	392	0.245	1	NA	0.8706	1.949	true	G25	0.3514	lost	lost	Ser25 G not in expected {S}
A0A502GCH1	47	1	6.651e-09	379	0.344	1.008	NA	0.8891	1.873	true	S29	0.3333	retained	retained	Ser25 S29 retained
A0A9N8HYZ6	48	1	4.39e-08	344	0.342	0.9153	NA	0.8177	2.645	true	S24	0.3528	retained	retained	Ser25 S24 retained
A0A2N9VT76	49	1	4.578e-07	322	0.388	0.8729	NA	0.7995	2.001	true	S13	0.06297	retained	retained	Ser25 S13 retained
A0A9X2E0X7	50	1	7.659e-07	298	0.381	0.822	NA	0.7608	1.161	true	S3	0.3746	retained	retained	Ser25 S3 retained
A0A535E255	51	1	5.668e-06	264	0.229	0.9237	NA	0.8393	2.266	true	G32	0.7662	lost	lost	Ser25 G not in expected {S}
