rank	query	target	prob	evalue	bits	fident	alnlen	qcov	tcov	alntmscore
1	job_A	A0A376ZNN1	1	1.046e-19	831	1	118	1	0.6344	NA
20	job_A	A0A3E1D919	1	1.087e-14	607	0.578	121	1.025	0.8121	NA
39	job_A	A0A537DUH3	1	1.134e-13	593	0.478	115	0.9746	0.8712	NA
58	job_A	A0A929HJY0	1	1.509e-13	582	0.504	115	0.9746	0.8779	NA
77	job_A	A0A2G3K0C0	1	6.401e-14	573	0.545	121	1.025	0.9603	NA
96	job_A	E8UZY0	1	5.015e-13	565	0.47	117	0.9915	0.8357	NA
115	job_A	A0A495HZN3	1	1.598e-13	558	0.52	121	1.025	0.9603	NA
134	job_A	A0A7Z0K9A5	1	4.224e-13	553	0.495	121	1.025	0.4368	NA
153	job_A	A0AB37U538	1	1.404e-12	547	0.526	114	0.9661	0.8201	NA
172	job_A	A0A402DR51	1	2.218e-12	544	0.482	114	0.9661	0.6786	NA
191	job_A	A0A7W7G7Z9	1	2.349e-12	540	0.491	114	0.9661	0.7261	NA
210	job_A	A0A1G7CB15	1	2.349e-12	537	0.491	114	0.9661	0.5455	NA
229	job_A	A0A948C8U0	1	3.126e-12	533	0.377	114	0.9661	0.9661	NA
248	job_A	A0A7J5UNL4	1	4.406e-12	531	0.447	114	0.9661	0.6786	NA
267	job_A	A0A952R5E7	1	4.406e-12	528	0.487	117	0.9915	0.8797	NA
286	job_A	A0A9E5WK72	1	1.326e-12	525	0.479	121	1.025	0.9758	NA
305	job_A	A0A651GSF1	1	2.349e-12	521	0.421	121	1.025	0.9528	NA
324	job_A	A0A6I4MGS0	1	8.264e-12	517	0.447	114	0.9661	0.8444	NA
343	job_A	A0A7V9F784	1	4.665e-12	513	0.475	120	1.017	0.9302	NA
362	job_A	A0A7C5JN15	1	7.805e-12	509	0.418	117	0.9915	1	NA
381	job_A	A0A5M6CXU7	1	1.306e-11	507	0.398	113	0.9576	0.6494	NA
400	job_A	A0A2E7SRQ1	1	1.84e-11	504	0.391	115	0.9746	0.9504	NA
419	job_A	X0V6G8	1	2.185e-11	501	0.473	114	0.9661	0.8571	NA
438	job_A	A0A1U7CTG5	1	2.185e-11	497	0.377	114	0.9661	0.8028	NA
457	job_A	A0A535HQI7	1	1.55e-11	493	0.415	118	1	0.9916	NA
476	job_A	A0A2H5WAN0	1	4.594e-11	490	0.412	114	0.9661	0.95	NA
495	job_A	A0A3D4CJW0	1	3.079e-11	486	0.446	112	0.9492	0.9655	NA
514	job_A	A0A660SL37	1	2.594e-11	484	0.316	117	0.9915	1	NA
533	job_A	A0A1H6LNY9	1	5.151e-11	481	0.437	112	0.9492	0.9655	NA
552	job_A	A0A8H2LHD1	1	6.115e-11	477	0.41	112	0.9492	0.9655	NA
571	job_A	X0VXQ6	1	6.856e-11	474	0.431	116	0.9831	0.8657	NA
590	job_A	A0A0S9QMB3	1	3.87e-11	470	0.406	123	1.042	0.9609	NA
609	job_A	A0A1L5NR41	1	1.023e-10	468	0.424	113	0.9576	0.7107	NA
628	job_A	A0A661C7R5	1	1.083e-10	464	0.444	108	0.9153	0.9818	NA
647	job_A	A0A1N7PFW6	1	5.775e-11	462	0.375	120	1.017	0.9231	NA
666	job_A	A0A6I3SNQ9	1	6.856e-11	458	0.388	121	1.025	0.9603	NA
685	job_A	A0A2W1JIN1	1	9.126e-11	454	0.363	121	1.025	0.9237	NA
704	job_A	A0A1G0L4B9	1	1.286e-10	450	0.371	121	1.025	0.968	NA
723	job_A	A0A1G6GDH8	1	4.274e-10	446	0.427	117	0.9915	0.8478	NA
742	job_A	E8R2X0	1	4.525e-10	441	0.359	114	0.9661	0.8028	NA
761	job_A	H0HXF5	1	1.196e-09	432	0.412	109	0.9237	0.6855	NA
780	job_A	A0A933Y2C7	1	4.791e-10	426	0.452	115	0.9746	0.8915	NA
799	job_A	A0A974YEU8	1	1.504e-09	420	0.375	112	0.9492	0.7417	NA
818	job_A	A0A843JPN2	1	1.785e-09	413	0.419	112	0.9492	1	NA
837	job_A	A0A7W2AH88	1	1.42e-09	406	0.347	121	1.025	0.8963	NA
856	job_A	A0A7Y1UHI7	1	7.457e-09	392	0.245	118	1	1.026	NA
875	job_A	A0A502GCH1	1	6.651e-09	379	0.344	119	1.008	0.7677	NA
894	job_A	A0A9N8HYZ6	1	4.39e-08	344	0.342	108	0.9153	0.5	NA
913	job_A	A0A2N9VT76	1	4.578e-07	322	0.388	103	0.8729	0.7464	NA
932	job_A	A0A9X2E0X7	1	7.659e-07	298	0.381	97	0.822	0.8017	NA
951	job_A	A0A535E255	1	5.668e-06	264	0.229	109	0.9237	0.3964	NA
