job_A	A0A376ZNN1	100	118	1	118	1	118	1.046e-19	831	1	1.0	0.6344	
job_A	G5S6F5	95.7	118	1	118	26	143	2.766e-19	816	1	1.0	0.7815	
job_A	A0A2S9UED0	87.2	118	1	118	1	118	1.826e-18	784	1	1.0	0.9365	
job_A	A0A5U3NPZ0	95.4	109	1	109	1	109	7.202e-18	757	1	0.9237	1.0	
job_A	A0A366I841	81.3	118	1	118	1	118	1.075e-17	754	1	1.0	0.9365	
job_A	A0A380QNF7	78.8	118	1	118	29	146	1.331e-16	714	1	1.0	0.7662	
job_A	E9CLG3	76.2	118	1	118	17	134	2.643e-16	701	1	1.0	0.831	
job_A	A0AAV3M5X5	66.9	121	1	118	20	140	8.294e-16	658	1	1.0254	0.8345	
job_A	A0A939NK16	76.7	116	1	116	1	115	1.647e-15	653	1	0.9831	0.8056	
job_A	A0A7R9LA66	54.7	117	1	117	1	117	5.17e-15	641	1	0.9915	0.8731	
job_A	A0A4R0FK03	55.9	118	1	118	1	118	9.159e-15	629	1	1.0	0.9365	
job_A	A0A9D7MZZ1	57.8	114	1	114	1	114	1.622e-14	627	1	0.9661	0.8702	
job_A	A0A2Z6IJ20	52.1	115	1	115	2	116	1.219e-14	625	1	0.9746	0.9055	
job_A	A0A385ESN2	56.7	118	1	118	1	118	1.219e-14	624	1	1.0	0.9365	
job_A	A0A970S7P9	56.7	118	1	118	1	118	1.447e-14	622	1	1.0	0.9365	
job_A	A0AAN4MF58	55.9	118	1	118	1	118	1.532e-14	620	1	1.0	0.9365	
job_A	N8WBL4	56.7	118	1	118	1	118	2.421e-14	613	1	1.0	0.9365	
job_A	A0AAE6WUI5	55.9	118	1	118	1	118	2.564e-14	610	1	1.0	0.9365	
job_A	A0A9X1WYV8	56.7	118	1	118	1	118	3.412e-14	608	1	1.0	0.9365	
job_A	A0A3E1D919	57.8	121	1	118	24	144	1.087e-14	607	1	1.0254	0.8121	
job_A	A0A145X5I0	55.9	118	1	118	1	118	3.826e-14	605	1	1.0	0.9365	
job_A	A0A9D7KDB0	57	121	1	118	1	121	1.151e-14	605	1	1.0254	0.7423	
job_A	A0A520S9G7	53.9	115	1	115	1	115	8.046e-14	601	1	0.9746	0.8647	
job_A	A0A537E5G1	50.4	115	1	115	1	115	7.598e-14	600	1	0.9746	0.8779	
job_A	A0A2V5NXA9	51.3	115	1	115	1	115	8.046e-14	598	1	0.9746	0.8779	
job_A	A0A537H0G7	50.4	115	1	115	1	115	8.046e-14	598	1	0.9746	0.8712	
job_A	A0A537FB65	49.5	115	1	115	1	115	8.046e-14	598	1	0.9746	0.8712	
job_A	A0A1Q7SQP4	50.4	115	1	115	1	115	7.598e-14	598	1	0.9746	0.8712	
job_A	A0A537H879	51.3	115	1	115	1	115	8.046e-14	597	1	0.9746	0.8779	
job_A	A0A062UCB9	55.9	118	1	118	18	135	4.809e-14	597	1	1.0	0.8741	
job_A	A0A377WCL7	85	100	1	100	1	100	3.043e-14	596	1	0.8475	0.9709	
job_A	A0A1Q7IDQ2	51.3	115	1	115	1	115	9.02e-14	596	1	0.9746	0.8779	
job_A	A0A537FS56	51.3	115	1	115	1	115	8.046e-14	596	1	0.9746	0.8779	
job_A	A0A537FXW5	50.4	115	1	115	1	115	1.071e-13	595	1	0.9746	0.8779	
job_A	A0A060GY28	53.9	115	1	115	17	131	7.598e-14	595	1	0.9746	0.8099	
job_A	A0A2G2LX95	52.8	121	1	118	1	121	1.926e-14	594	1	1.0254	0.9603	
job_A	A0A7Y4UKY9	55.3	121	1	118	1	121	1.622e-14	594	1	1.0254	0.9603	
job_A	A0A537GAP5	48.6	115	1	115	1	115	1.011e-13	593	1	0.9746	0.8712	
job_A	A0A537DUH3	47.8	115	1	115	1	115	1.134e-13	593	1	0.9746	0.8712	
job_A	A0A7W2GG94	48.2	114	1	114	1	114	8.046e-14	592	1	0.9661	0.8837	
job_A	A0A537DHD8	50.4	115	1	115	1	115	1.134e-13	592	1	0.9746	0.8712	
job_A	A0A2N7VCF4	58.6	116	1	115	1	116	5.709e-14	591	1	0.9831	0.9062	
job_A	A0A318SFA4	53.9	115	1	115	1	115	8.519e-14	591	1	0.9746	0.8915	
job_A	A0A537HBK2	50.4	115	1	115	1	115	1.201e-13	591	1	0.9746	0.8712	
job_A	A0A1Q7BBI6	50.4	115	1	115	1	115	1.346e-13	590	1	0.9746	0.8779	
job_A	A0A1Q7QV33	50.4	115	1	115	1	115	1.425e-13	590	1	0.9746	0.8779	
job_A	A0A1F3C3U0	52.6	114	1	114	1	114	9.551e-14	589	1	0.9661	0.8702	
job_A	A0A1Q6Z855	50	118	1	118	1	118	9.551e-14	589	1	1.0	0.9008	
job_A	A0A537CBD2	49.5	115	1	115	1	115	1.425e-13	588	1	0.9746	0.8712	
job_A	A0A537FFL9	49.5	115	1	115	1	115	1.509e-13	588	1	0.9746	0.8712	
job_A	A0A2E0TA27	57	114	1	114	1	114	2.009e-13	588	1	0.9661	0.7862	
job_A	A0A1Q7ZRG3	50.4	115	1	115	1	115	1.692e-13	587	1	0.9746	0.8779	
job_A	A0A4Y6PTL4	51.6	118	1	118	1	118	1.011e-13	586	1	1.0	0.8741	
job_A	A0AA39CK22	49.5	121	1	118	1	121	3.043e-14	586	1	1.0254	0.1971	
job_A	A0A1Q7P511	47.8	115	1	115	1	115	1.897e-13	584	1	0.9746	0.8712	
job_A	A0A972J6F3	50.8	118	1	118	1	118	1.346e-13	583	1	1.0	0.8939	
job_A	A0A1B4PUF7	57.7	116	1	115	1	116	1.134e-13	582	1	0.9831	0.9062	
job_A	A0A929HJY0	50.4	115	1	115	1	115	1.509e-13	582	1	0.9746	0.8779	
job_A	A0A1L3MJD6	53	115	1	115	1	115	1.792e-13	582	1	0.9746	0.7877	
job_A	A0A3M3EW83	52	121	1	118	25	145	4.809e-14	582	1	1.0254	0.8067	
job_A	A0A7C1XEQ1	52	121	1	118	1	121	4.051e-14	580	1	1.0254	0.9603	
job_A	A0A4P2QHI4	53.3	118	1	118	1	118	1.425e-13	580	1	1.0	0.1728	
job_A	A0A2E9SLD8	48.7	121	1	118	1	121	4.542e-14	579	1	1.0254	0.9603	
job_A	A0A5Q2Q6U2	54.7	115	1	115	2	116	1.425e-13	579	1	0.9746	0.8915	
job_A	A0A1Q7MNQ7	47.8	115	1	115	1	115	2.674e-13	579	1	0.9746	0.8712	
job_A	A0A0J5ZEC8	55.1	116	1	115	1	116	1.425e-13	578	1	0.9831	0.9062	
job_A	A0A537EAJ2	48.6	115	1	115	1	115	2.674e-13	578	1	0.9746	0.8712	
job_A	A0A7V4UVV9	50	118	1	118	1	118	1.509e-13	578	1	1.0	0.8806	
job_A	A0A537EST4	50.4	115	1	115	410	524	2.385e-13	578	1	0.9746	0.213	
job_A	A0A3N6NI46	56.8	116	1	115	1	116	1.792e-13	577	1	0.9831	0.9062	
job_A	A0A937CGR1	47	119	1	116	24	142	1.792e-13	577	1	1.0085	0.7933	
job_A	A0A537DMS7	46.9	115	1	115	1	115	3.174e-13	576	1	0.9746	0.8712	
job_A	A0A2H9SED5	46.6	118	1	118	1	118	2.252e-13	576	1	1.0	0.8872	
job_A	A0A1E3RTK4	50.8	114	1	114	1	114	2.831e-13	575	1	0.9661	0.8444	
job_A	A0A2E5YLE5	48.3	118	1	118	1	118	2.674e-13	574	1	1.0	1.0	
job_A	A0A1J5IN43	53.5	114	1	114	1	114	3.361e-13	574	1	0.9661	0.8702	
job_A	A0A2G3K0C0	54.5	121	1	118	1	121	6.401e-14	573	1	1.0254	0.9603	
job_A	A0A951AUW2	48.2	114	1	114	1	114	3.174e-13	572	1	0.9661	0.8201	
job_A	A0A7G9L2X8	52.6	114	1	114	1	114	3.361e-13	571	1	0.9661	0.8321	
job_A	A0A0H5BBM8	51.7	114	1	114	1	114	3.558e-13	570	1	0.9661	0.8507	
job_A	A0A956GPI9	52.6	114	1	114	3	116	3.558e-13	570	1	0.9661	0.8382	
job_A	A0AAU3FUI2	52.6	114	1	114	1	114	3.558e-13	570	1	0.9661	0.8085	
job_A	X7ZVG2	50	114	1	114	1	114	3.174e-13	570	1	0.9661	0.6477	
job_A	A0A1Y5Q0Y3	52.8	121	1	118	25	145	8.519e-14	569	1	1.0254	0.8067	
job_A	A0A562DMF6	50.8	120	1	117	1	120	1.271e-13	569	1	1.0169	0.7407	
job_A	A6SUW8	53.5	114	1	114	1	114	2.252e-13	568	1	0.9661	0.958	
job_A	A0A9W3JZ81	56	116	1	115	1	116	2.674e-13	568	1	0.9831	0.9062	
job_A	A0A1F1TTG7	51.7	114	1	114	1	114	3.768e-13	568	1	0.9661	0.7862	
job_A	A0A0E4H235	50.8	114	1	114	1	114	3.768e-13	568	1	0.9661	0.755	
job_A	A0A7Y8GW29	49.5	121	1	118	1	121	8.046e-14	567	1	1.0254	0.8768	
job_A	A0A518CPW6	47	117	1	117	21	137	2.525e-13	567	1	0.9915	0.8125	
job_A	A0A2W2EYS6	51.3	115	1	115	1	115	4.224e-13	567	1	0.9746	0.7372	
job_A	A0A537HXX3	47	117	1	117	1	117	4.736e-13	566	1	0.9915	0.8931	
job_A	A0A2D9XUH0	46.9	115	1	115	1	115	3.174e-13	566	1	0.9746	0.8647	
job_A	A0A7Y9E157	48.2	114	1	114	1	114	3.99e-13	566	1	0.9661	0.7917	
job_A	E8UZY0	47	117	1	117	1	117	5.015e-13	565	1	0.9915	0.8357	
job_A	A0A845FYT2	58.4	118	1	118	1	118	1.897e-13	565	1	1.0	0.831	
job_A	A0A6H1W2X4	50	114	1	114	1	114	4.473e-13	564	1	0.9661	0.8321	
job_A	A0A3B0WVW7	52	121	1	118	10	130	1.509e-13	564	1	1.0254	0.8705	
job_A	U2PT98	54.3	114	1	114	27	140	5.623e-13	564	1	0.9661	0.7081	
job_A	A0A5C1ANS6	46.9	115	1	115	1	115	5.015e-13	563	1	0.9746	0.7667	
job_A	A0A9P6PBL1	50.8	122	1	118	24	145	1.425e-13	562	1	1.0339	0.7974	
job_A	A0A1W1DU36	50	118	1	118	1	118	2.998e-13	561	1	1.0	0.9672	
job_A	A0A2U1C6Y1	52	121	1	118	14	134	1.271e-13	561	1	1.0254	0.8705	
job_A	A0A354R7E5	49	108	1	108	1	108	5.623e-13	560	1	0.9153	1.0	
job_A	A0A380WAE4	45.2	117	1	117	1	117	7.924e-13	560	1	0.9915	0.8931	
job_A	A0A7C4STN4	50.4	121	1	118	1	121	3.361e-13	560	1	1.0254	0.9098	
job_A	C3XBD9	53.5	114	1	114	18	131	4.736e-13	560	1	0.9661	0.8382	
job_A	J6IZ40	49.1	114	1	114	48	161	6.304e-13	560	1	0.9661	0.6477	
job_A	A0A1H3GIF9	50	114	1	114	1	114	5.623e-13	560	1	0.9661	0.6064	
job_A	A0A917JY36	47.8	115	1	115	2	116	6.304e-13	559	1	0.9746	0.8846	
job_A	D4XAJ7	55.6	115	1	115	21	135	5.31e-13	559	1	0.9746	0.8099	
job_A	E0N8L5	52.1	115	1	115	46	160	6.675e-13	559	1	0.9746	0.6686	
job_A	A0A2D5Y189	50.4	115	1	115	1	115	9.407e-13	558	1	0.9746	0.9746	
job_A	A0A495HZN3	52	121	1	118	1	121	1.598e-13	558	1	1.0254	0.9603	
job_A	A0A4Q5NR85	46.9	113	1	113	1	113	7.484e-13	558	1	0.9576	0.876	
job_A	A0A4R5TWA7	51.7	114	1	114	1	114	6.304e-13	558	1	0.9661	0.8085	
job_A	A0A1Y0BY55	48.6	115	1	115	1	115	7.484e-13	558	1	0.9746	0.7986	
job_A	A0A7K3LIM3	51.7	114	1	114	1	114	5.015e-13	558	1	0.9661	0.7917	
job_A	A0A0A0BMQ5	50	114	1	114	6	119	9.961e-13	557	1	0.9661	0.7917	
job_A	A0A450ZE47	49.5	121	1	118	50	170	1.598e-13	557	1	1.0254	0.6914	
job_A	A0A286EHZ7	48.6	115	1	115	1	115	8.884e-13	556	1	0.9746	0.8915	
job_A	A0A2E3NF17	47.8	115	1	115	1	115	5.623e-13	556	1	0.9746	0.8647	
job_A	A0A6P2CDE7	48.6	115	1	115	1	115	5.954e-13	556	1	0.9746	0.7566	
job_A	G0AAT4	52	121	1	117	38	157	1.692e-13	556	1	1.0254	0.7707	
job_A	A0A3A8JLZ9	45.7	118	1	118	1	118	5.31e-13	555	1	1.0	0.9077	
job_A	A0A7C7QZS8	43.2	118	1	118	1	118	7.924e-13	554	1	1.0	1.0	
job_A	A0A895YBB4	47.3	114	1	114	1	114	9.961e-13	554	1	0.9661	0.8636	
job_A	A0A7K0BXZ1	50.8	114	1	114	1	114	7.068e-13	554	1	0.9661	0.8261	
job_A	A0A2E3SMX6	46.9	115	1	115	1	115	7.484e-13	553	1	0.9746	1.0	
job_A	A0A357BTC8	46.9	115	1	115	1	115	1.182e-12	553	1	0.9746	0.8582	
job_A	A0A7W0HR21	49.5	119	1	116	1	119	2.831e-13	553	1	1.0085	0.875	
job_A	A0A316ASK6	47.8	115	1	115	47	161	7.484e-13	553	1	0.9746	0.7143	
job_A	A0A7Z0K9A5	49.5	121	1	118	1	121	4.224e-13	553	1	1.0254	0.4368	
job_A	A0A961FD44	50	114	1	114	1	114	9.407e-13	552	1	0.9661	0.9268	
job_A	A0A8T7KAF8	47.4	116	3	118	2	117	5.954e-13	552	1	0.9831	0.7342	
job_A	A0A139D473	48.2	114	1	114	1	114	8.884e-13	551	1	0.9661	0.8769	
job_A	A0A9E4MP87	50	114	1	114	1	114	1.055e-12	551	1	0.9661	0.8636	
job_A	A0A940QIR5	47.4	118	1	118	1	118	1.055e-12	551	1	1.0	0.8613	
job_A	A0A6L4YBF8	45.7	118	1	118	21	138	1.117e-12	551	1	1.0	0.8138	
job_A	A0A0W0VG54	52.1	115	1	115	25	139	8.391e-13	551	1	0.9746	0.7616	
job_A	A0A1B1BEP8	51.7	114	1	114	31	144	9.961e-13	551	1	0.9661	0.6867	
job_A	A0A1V5QXN3	50	116	1	116	1	115	6.675e-13	550	1	0.9831	0.9431	
job_A	A0A2D4SRC0	48.6	115	1	115	1	115	1.574e-12	550	1	0.9746	0.8915	
job_A	A0A960PLB6	46.9	115	1	115	1	115	8.391e-13	549	1	0.9746	0.8156	
job_A	A0AAW8EPG2	49.5	121	1	118	1	121	2.831e-13	548	1	1.0254	0.9603	
job_A	A0A1F9API6	43.2	118	1	118	1	118	1.404e-12	548	1	1.0	0.9147	
job_A	A0A1Q7A8P0	43.4	115	1	115	1	115	1.404e-12	548	1	0.9746	0.8647	
job_A	C6M2F7	52.1	115	1	115	23	137	1.117e-12	548	1	0.9746	0.7718	
job_A	A0A4R6VI13	48.2	114	1	114	1	114	1.326e-12	548	1	0.9661	0.5907	
job_A	A0A1C4VEB4	49.1	120	1	117	296	415	4.473e-13	548	1	1.0169	0.2752	
job_A	A0A1M7XY14	49.1	114	1	114	1	114	1.574e-12	547	1	0.9661	0.8444	
job_A	A0AB37U538	52.6	114	1	114	1	114	1.404e-12	547	1	0.9661	0.8201	
job_A	A0A0W0XH37	49.5	115	1	115	15	129	1.326e-12	547	1	0.9746	0.7877	
job_A	A0A923TNC7	47.3	114	1	114	1	114	1.404e-12	547	1	0.9661	0.7651	
job_A	A0A2H5B0T4	50	114	1	114	1	114	1.574e-12	547	1	0.9661	0.6951	
job_A	F8A4S3	49.1	114	1	114	4	117	1.868e-12	547	1	0.9661	0.5534	
job_A	A0A510V087	50.8	114	1	114	4	117	1.978e-12	547	1	0.9661	0.5534	
job_A	A0A960QEB0	49.1	114	1	114	1	114	1.182e-12	546	1	0.9661	0.9048	
job_A	A0AA37UKQ7	52	121	1	118	1	121	3.768e-13	546	1	1.0254	0.8897	
job_A	A0A6L9S2L1	44.7	114	1	114	1	114	1.252e-12	546	1	0.9661	0.8085	
job_A	A0A960AEZ3	49.1	114	1	114	1	114	1.667e-12	546	1	0.9661	0.7037	
job_A	A0A1G9TMH6	49.1	114	1	114	1	114	1.326e-12	546	1	0.9661	0.6951	
job_A	A0A9D9E0L1	45.6	116	1	115	1	116	1.117e-12	545	1	0.9831	0.9831	
job_A	A0A4Q2TAS9	48.2	114	1	114	1	114	1.978e-12	545	1	0.9661	0.8261	
job_A	A0A4R2JLQ8	46.4	114	1	114	1	114	1.404e-12	545	1	0.9661	0.6826	
job_A	A0A0H5CSH0	48.2	114	1	114	2	115	1.182e-12	545	1	0.9661	0.2714	
job_A	T0ZHU4	54.4	112	1	110	1	110	8.391e-13	544	1	0.9492	0.8889	
job_A	A0A1F9BPQ1	43.2	118	1	118	1	118	8.884e-13	544	1	1.0	0.9291	
job_A	A0A1X7CAT6	50	114	1	114	1	114	2.095e-12	544	1	0.9661	0.76	
job_A	A0A975MIG1	47.1	121	1	118	1	121	5.954e-13	544	1	1.0254	0.7658	
job_A	A0A402DR51	48.2	114	1	114	4	117	2.218e-12	544	1	0.9661	0.6786	
job_A	A0A1Q8BJ07	51.3	111	5	115	1	111	1.574e-12	543	1	0.9407	0.9024	
job_A	A0A2V8T945	48.6	115	1	115	1	115	1.574e-12	543	1	0.9746	0.8984	
job_A	A0A538N4S7	48.2	114	1	114	1	114	1.868e-12	543	1	0.9661	0.76	
job_A	A0A1G6R1R9	50	114	1	114	1	114	2.218e-12	542	1	0.9661	0.9421	
job_A	A0A1M3EMY0	44.4	117	1	117	4	120	2.487e-12	542	1	0.9915	0.936	
job_A	A0A1G0ZRM3	41.7	115	1	115	1	115	2.788e-12	542	1	0.9746	0.9127	
job_A	A0A7V9DVE6	46.9	115	1	115	1	115	2.095e-12	542	1	0.9746	0.8333	
job_A	E5AN51	51.6	122	1	118	24	145	4.736e-13	542	1	1.0339	0.7974	
job_A	A0AB33VFQ7	50.8	120	1	117	60	179	4.224e-13	542	1	1.0169	0.6704	
job_A	A0A6G3DCG1	50.8	114	1	114	1	114	1.978e-12	541	1	0.9661	0.8201	
job_A	A0A850DK61	44.1	120	1	117	1	120	3.99e-13	541	1	1.0169	0.7273	
job_A	A0A511JCK4	50	114	1	114	4	117	2.788e-12	541	1	0.9661	0.6264	
job_A	A0A3M1Z6A1	50	114	1	114	1	114	2.487e-12	540	1	0.9661	0.95	
job_A	A0A3D4WVD5	46.9	115	1	115	1	115	2.095e-12	540	1	0.9746	0.935	
job_A	A0A1D3DYD7	51.7	114	1	114	1	114	1.868e-12	540	1	0.9661	0.8201	
job_A	A0A833M6G0	47.4	118	1	118	1	118	1.486e-12	540	1	1.0	0.831	
job_A	A0A9D6ZM43	48.2	114	1	114	1	114	1.182e-12	540	1	0.9661	0.7862	
job_A	H8KXH0	49.5	115	1	115	33	147	1.404e-12	540	1	0.9746	0.777	
job_A	A0A7W7G7Z9	49.1	114	1	114	10	123	2.349e-12	540	1	0.9661	0.7261	
job_A	A0A062X005	49.1	114	1	114	1	114	1.978e-12	540	1	0.9661	0.7125	
job_A	A0A653T900	46.4	114	1	114	1	114	1.326e-12	540	1	0.9661	0.6264	
job_A	A0A2V6CE69	40.8	115	1	115	1	115	2.487e-12	539	1	0.9746	0.9583	
job_A	A0A4V1BDW7	50	114	1	114	1	114	2.487e-12	539	1	0.9661	0.8143	
job_A	A0A3D1CW71	47	117	1	116	1	117	1.868e-12	538	1	0.9915	1.0	
job_A	A0A395M3M6	46.9	115	1	115	1	115	1.868e-12	538	1	0.9746	0.8712	
job_A	A0A7Y2PA35	47.1	121	1	118	1	121	7.068e-13	538	1	1.0254	0.903	
job_A	A0A1I1I7N6	49.5	117	1	117	19	135	1.117e-12	538	1	0.9915	0.8667	
job_A	A0A5E4Y3Y2	50.8	122	1	118	1	122	4.473e-13	538	1	1.0339	0.8592	
job_A	A0A918R5Y9	50	114	1	114	17	130	2.349e-12	538	1	0.9661	0.7355	
job_A	A0A4Q5T8L7	47.3	114	1	114	1	114	2.487e-12	538	1	0.9661	0.7308	
job_A	A0A2T6L7F2	47.3	114	1	114	15	128	2.487e-12	538	1	0.9661	0.6826	
job_A	A0A948G1R4	40	115	1	115	1	115	2.952e-12	537	1	0.9746	0.9746	
job_A	A0A0Q1B199	46.9	115	1	115	1	115	1.978e-12	537	1	0.9746	0.9746	
job_A	A0A929D4T2	46.4	114	1	114	1	114	2.487e-12	537	1	0.9661	0.8702	
job_A	L8P0Z5	47.3	114	1	114	2	115	2.095e-12	537	1	0.9661	0.755	
job_A	A0A1V5KP05	43.5	117	1	117	1	117	1.404e-12	537	1	0.9915	0.7697	
job_A	F8AZB5	47.3	114	1	114	1	114	2.349e-12	537	1	0.9661	0.6514	
job_A	A0A1G7CB15	49.1	114	1	114	66	179	2.349e-12	537	1	0.9661	0.5455	
job_A	A0A1G9PPG5	48.6	115	1	115	118	232	1.765e-12	537	1	0.9746	0.4936	
job_A	A0A8T3KMG0	44.3	115	1	115	1	115	2.349e-12	536	1	0.9746	0.9914	
job_A	A0A7C6KZ59	44.4	117	1	117	1	117	2.487e-12	536	1	0.9915	1.0	
job_A	A0A3M0ZIH5	48.2	116	1	116	3	118	2.788e-12	536	1	0.9831	0.8923	
job_A	A0A6C1SX81	44.3	115	1	115	1	115	2.349e-12	536	1	0.9746	0.8846	
job_A	A0A968TUE1	44.6	121	1	118	1	121	7.068e-13	536	1	1.0254	0.8963	
job_A	A0A961S9W9	46	115	1	115	1	115	3.929e-12	536	1	0.9746	0.8519	
job_A	A0A1H6YRE2	46.4	114	1	114	4	117	2.952e-12	536	1	0.9661	0.7081	
job_A	A0A1Q7ASG4	42.6	115	1	115	1	115	1.978e-12	535	1	0.9746	0.9914	
job_A	A0A8J6LTK2	47.8	115	1	115	1	115	2.952e-12	535	1	0.9746	0.7516	
job_A	A0A7C2EQ04	49.1	116	1	116	21	136	3.126e-12	535	1	0.9831	0.7532	
job_A	A0A3T0Y984	49.5	119	1	116	16	134	9.961e-13	535	1	1.0085	0.7532	
job_A	A0A365ZGK0	44.7	114	1	114	1	114	2.952e-12	535	1	0.9661	0.6867	
job_A	A0A7X7F9N7	41.1	119	1	118	1	119	2.633e-12	534	1	1.0085	0.9917	
job_A	E6W3Q9	44.3	115	1	115	1	115	3.126e-12	534	1	0.9746	0.8846	
job_A	A0A543AWS3	48.2	114	1	114	1	114	3.711e-12	534	1	0.9661	0.7403	
job_A	A0A2A9F0U0	50	114	1	114	25	138	3.505e-12	534	1	0.9661	0.5729	
job_A	A0A939XGU5	52.1	115	1	115	1	114	2.095e-12	533	1	0.9746	1.0088	
job_A	A0A948C8U0	37.7	114	1	114	1	114	3.126e-12	533	1	0.9661	0.9661	
job_A	A0A937LHY9	42.6	115	1	115	1	115	2.487e-12	533	1	0.9746	0.92	
job_A	A0A5C6E1X9	43.8	114	1	114	4	117	2.633e-12	533	1	0.9661	0.8444	
job_A	A0A2E5IBU2	47.9	121	1	118	17	137	1.182e-12	533	1	1.0254	0.8643	
job_A	A0A5J4KD92	50	114	1	114	1	114	2.788e-12	533	1	0.9661	0.8143	
job_A	A0A1Y2K3Z0	47.9	123	1	118	16	138	7.924e-13	533	1	1.0424	0.8601	
job_A	A0A518GJL3	41.5	118	1	118	32	149	2.633e-12	533	1	1.0	0.7815	
job_A	A0A1X1MH73	49.1	116	1	116	1	116	3.126e-12	533	1	0.9831	0.7582	
job_A	A0A345SYU4	50	114	1	114	1	114	3.505e-12	533	1	0.9661	0.6786	
job_A	A0A455U071	50.4	121	1	118	301	421	9.407e-13	533	1	1.0254	0.284	
job_A	A0A1G1PQ70	45.2	117	1	117	1	117	3.126e-12	532	1	0.9915	1.0	
job_A	A0A960WDI9	44.9	118	1	118	1	118	3.126e-12	532	1	1.0	0.9833	
job_A	A0A7X7A0W9	46.9	115	1	115	1	115	3.126e-12	532	1	0.9746	0.935	
job_A	A0A9Q4CU88	48.6	115	1	115	1	115	4.665e-12	532	1	0.9746	0.8394	
job_A	A0A7Y8MLW9	58.2	103	1	103	1	103	1.326e-12	531	1	0.8729	1.0	
job_A	A0A944UGC7	43.6	119	1	118	1	119	2.952e-12	531	1	1.0085	0.9597	
job_A	A0AA48KFW1	50.8	114	1	114	1	114	3.126e-12	531	1	0.9661	0.8976	
job_A	A0A944EAL2	45.6	114	1	114	1	114	3.505e-12	531	1	0.9661	0.8085	
job_A	A0A8J7HKL6	41.2	114	1	114	1	114	2.349e-12	531	1	0.9661	0.8028	
job_A	A0A7J5UNL4	44.7	114	1	114	9	122	4.406e-12	531	1	0.9661	0.6786	
job_A	A0A7J9V2R9	44.7	114	1	114	9	122	4.161e-12	531	1	0.9661	0.6786	
job_A	A0A1C6RBZ0	49.1	114	1	114	1	114	4.161e-12	531	1	0.9661	0.5787	
job_A	A0A971QLZ6	44.3	115	1	115	1	115	4.406e-12	530	1	0.9746	0.9829	
job_A	A0A948BXP4	41.7	115	1	115	1	115	2.788e-12	530	1	0.9746	0.9055	
job_A	A0A7C5JNI3	41	117	1	117	1	117	3.126e-12	530	1	0.9915	0.907	
job_A	A0A9D7A2I1	43.2	118	1	118	1	118	2.633e-12	530	1	1.0	0.9008	
job_A	A0A6G3CV13	46.4	114	1	114	1	114	3.505e-12	530	1	0.9661	0.8085	
job_A	A0A838S2L1	46.6	120	1	117	1	120	1.486e-12	530	1	1.0169	0.7362	
job_A	A0A0P7CHA1	46.4	114	1	114	1	114	3.505e-12	530	1	0.9661	0.6994	
job_A	A0A970Z6J5	45.6	114	1	114	1	114	3.711e-12	529	1	0.9661	0.9268	
job_A	A0A2W5PQ05	46.2	121	1	118	1	121	1.404e-12	529	1	1.0254	0.9603	
job_A	J7LG94	41.6	120	1	117	1	120	1.486e-12	529	1	1.0169	0.8955	
job_A	A0A4R4SHF9	45.8	120	1	117	1	120	1.765e-12	529	1	1.0169	0.8696	
job_A	A0A656Y0M7	46.4	114	1	114	4	117	4.939e-12	529	1	0.9661	0.76	
job_A	A0A328HJX5	46	115	1	115	1	115	3.929e-12	529	1	0.9746	0.7372	
job_A	A0A7C3YYK8	36.5	115	1	115	1	115	4.665e-12	528	1	0.9746	0.9914	
job_A	A0A7W1YKF9	47.3	114	1	114	1	114	3.505e-12	528	1	0.9661	0.9661	
job_A	A0A9D7T448	40	120	1	118	1	120	3.505e-12	528	1	1.0169	0.9917	
job_A	A0A952R5E7	48.7	117	1	117	1	117	4.406e-12	528	1	0.9915	0.8797	
job_A	A0A2E2UYM1	48.1	110	1	110	1	110	2.218e-12	528	1	0.9322	0.8209	
job_A	B0B512	43.4	115	1	115	1	115	3.505e-12	528	1	0.9746	0.8273	
job_A	A0A2S6SAJ2	42.6	122	1	118	8	129	8.391e-13	528	1	1.0339	0.8714	
job_A	A0A7C6CG65	52.6	114	1	114	1	114	5.23e-12	528	1	0.9661	0.7862	
job_A	A0A2E3QYM1	43.4	115	1	115	1	115	4.161e-12	528	1	0.9746	0.7055	
job_A	A0A538TM87	46.9	115	1	115	1	115	4.406e-12	527	1	0.9746	0.9055	
job_A	A0A2E6DTN8	43.4	115	1	115	1	115	3.711e-12	527	1	0.9746	0.8915	
job_A	A0A564WG02	40.6	118	1	118	8	125	3.126e-12	527	1	1.0	0.9008	
job_A	A0A7W6SS67	39.6	116	1	116	3	118	5.538e-12	527	1	0.9831	0.8345	
job_A	A0A941QWL2	53.7	121	1	118	1	121	2.998e-13	527	1	1.0254	0.8403	
job_A	A0A021VLT3	49.1	118	3	117	2	119	1.765e-12	527	1	1.0	0.7108	
job_A	A0A2H0FX64	46.9	115	1	115	1	113	1.868e-12	526	1	0.9746	1.0088	
job_A	A0A1F5BMC4	43.2	118	1	115	1	118	1.574e-12	526	1	1.0	1.0	
job_A	A0A078BMB1	51.2	117	2	115	12	128	2.218e-12	526	1	0.9915	0.907	
job_A	A0A0D0NU10	46.4	114	1	114	1	114	4.939e-12	526	1	0.9661	0.7703	
job_A	B0RCH0	49.5	115	1	115	24	138	4.939e-12	526	1	0.9746	0.7143	
job_A	A0A1R4F1N7	48.2	114	1	114	8	121	5.23e-12	526	1	0.9661	0.6786	
job_A	A0A925HXC6	40.8	115	1	115	1	115	4.406e-12	525	1	0.9746	1.0	
job_A	A0A9E5WK72	47.9	121	1	118	1	121	1.326e-12	525	1	1.0254	0.9758	
job_A	A0A2E1N0A2	38.5	114	1	114	1	114	4.406e-12	525	1	0.9661	0.8837	
job_A	A0A9E2D5S4	43.4	115	1	115	1	115	4.406e-12	525	1	0.9746	0.8779	
job_A	A0A7C3RGY0	41.7	115	1	115	1	115	7.371e-12	525	1	0.9746	0.8333	
job_A	A0A3E1HM39	44.6	121	1	118	1	121	1.868e-12	525	1	1.0254	0.8521	
job_A	A0A6G1SYE2	41	117	1	117	21	137	5.538e-12	525	1	0.9915	0.7647	
job_A	A0A7Z1AIU2	45.6	114	1	114	12	125	4.406e-12	525	1	0.9661	0.7451	
job_A	A0A1J5NMR1	48.3	118	1	118	129	246	4.939e-12	525	1	1.0	0.4758	
job_A	A0AAU2GW02	45.3	119	1	116	1	119	2.218e-12	524	1	1.0085	0.7933	
job_A	A0A2W2MK05	46	115	1	115	1	115	4.665e-12	524	1	0.9746	0.6725	
job_A	E0QMG7	42.6	115	1	115	2	116	8.264e-12	523	1	0.9746	0.9914	
job_A	A0A260RE55	48.2	114	1	114	1	114	4.665e-12	523	1	0.9661	0.8261	
job_A	A0A3N4Z4J4	45.6	114	1	114	13	126	5.864e-12	523	1	0.9661	0.6667	
job_A	A0A1G1JD21	42.6	115	1	115	1	115	7.371e-12	522	1	0.9746	0.9914	
job_A	A0A558AYC4	47.3	114	1	114	1	114	5.538e-12	522	1	0.9661	0.8571	
job_A	A0A1V1WWC0	42.1	114	1	114	1	114	4.406e-12	522	1	0.9661	0.8321	
job_A	A0A3M1VCU8	40.1	117	1	117	1	117	3.711e-12	522	1	0.9915	0.8125	
job_A	A0A3M2IV38	47.3	114	1	114	4	117	7.805e-12	522	1	0.9661	0.5758	
job_A	A0A150XU73	43.4	115	1	115	1	115	4.161e-12	521	1	0.9746	1.0	
job_A	A0A651GSF1	42.1	121	1	118	1	121	2.349e-12	521	1	1.0254	0.9528	
job_A	A0A9Q5C8E1	50.3	137	1	118	29	165	5.015e-13	521	1	1.161	0.7965	
job_A	A0A7V4E529	44.5	110	1	110	1	110	6.209e-12	520	1	0.9322	1.0	
job_A	A0A1Y5DT59	39.4	114	1	114	1	114	5.538e-12	520	1	0.9661	0.8976	
job_A	A0A7C2EIX1	45.6	114	1	114	1	114	7.805e-12	520	1	0.9661	0.8321	
job_A	A0A285R3N2	45.6	114	1	114	1	114	4.939e-12	520	1	0.9661	0.8261	
job_A	A0A2D9FVX4	47.8	115	1	115	1	115	7.805e-12	520	1	0.9746	0.8042	
job_A	A0A225E4I2	44.6	121	1	118	1	121	1.667e-12	520	1	1.0254	0.7658	
job_A	A0A098SAP8	44.3	115	1	115	1	115	5.538e-12	519	1	0.9746	0.9914	
job_A	A0A1G6K3C1	48.2	114	1	114	1	114	7.805e-12	519	1	0.9661	0.8143	
job_A	A0A549SXJ8	44.3	115	1	115	1	115	5.23e-12	519	1	0.9746	0.8156	
job_A	N2BLS0	41.7	115	1	115	25	139	8.264e-12	519	1	0.9746	0.8099	
job_A	A0A7X9P9Q1	46.9	115	1	115	1	115	5.538e-12	519	1	0.9746	0.8042	
job_A	M5RNP5	41.2	114	2	115	5	118	5.538e-12	519	1	0.9661	0.755	
job_A	A0A949F4W0	38.1	118	1	118	1	118	6.574e-12	518	1	1.0	0.9147	
job_A	A0A6H1U350	46	115	1	115	1	115	7.371e-12	518	1	0.9746	0.8214	
job_A	A0A1Q7WYQ2	42.2	116	1	116	1	116	5.23e-12	518	1	0.9831	0.7838	
job_A	A0A2V5SZB7	40.3	114	1	114	1	114	8.75e-12	518	1	0.9661	0.6369	
job_A	A0A0M2TYX0	37.9	116	1	116	1	116	6.961e-12	517	1	0.9831	1.0	
job_A	A0A6I4MGS0	44.7	114	1	114	1	114	8.264e-12	517	1	0.9661	0.8444	
job_A	A0A3D8IPM7	40.5	116	1	116	32	147	9.811e-12	517	1	0.9831	0.7632	
job_A	K9EXG1	50.4	119	1	116	13	131	4.161e-12	517	1	1.0085	0.7532	
job_A	A0A1H9IPB2	47.8	138	1	118	22	159	1.055e-12	517	1	1.1695	0.8364	
job_A	C3J8F4	46.7	109	1	109	1	109	7.805e-12	516	1	0.9237	0.9397	
job_A	A0A0R2XIQ5	46.9	113	1	113	1	113	9.811e-12	516	1	0.9576	0.8626	
job_A	A0A2V5PTA0	40.5	116	1	116	1	116	9.265e-12	516	1	0.9831	0.8529	
job_A	A0A1Q5N6A2	47.7	113	1	113	1	113	8.75e-12	516	1	0.9576	0.7847	
job_A	A0A0M8VFU3	50	114	1	114	15	128	8.264e-12	516	1	0.9661	0.7451	
job_A	A0A7X6QBE4	50.4	107	1	107	1	107	6.961e-12	515	1	0.9068	0.9907	
job_A	A0A2S8FIZ3	46.4	114	1	114	1	114	5.864e-12	515	1	0.9661	0.8906	
job_A	A0A419V2R9	42.9	121	1	118	1	121	3.126e-12	515	1	1.0254	0.9237	
job_A	A0A523DTG8	40	115	1	115	1	115	5.864e-12	515	1	0.9746	0.8779	
job_A	F6FTX9	47.3	114	1	114	26	139	1.165e-11	515	1	0.9661	0.6032	
job_A	A0A934EA90	48.2	114	5	118	1	114	1.039e-11	514	1	0.9661	0.9421	
job_A	A0A7C6I1A2	44.8	116	1	116	1	116	9.265e-12	514	1	0.9831	0.8923	
job_A	A0A3M0I607	45	120	1	117	1	120	3.505e-12	514	1	1.0169	0.7407	
job_A	A0A3C0MWW1	44.3	115	1	115	1	115	1.1e-11	513	1	0.9746	0.9914	
job_A	A0A6J4L8K6	41.8	117	1	116	1	117	5.864e-12	513	1	0.9915	1.0	
job_A	A0A7V9F784	47.5	120	1	117	1	120	4.665e-12	513	1	1.0169	0.9302	
job_A	A0A1I5XEG1	42.9	121	1	118	1	121	4.939e-12	513	1	1.0254	0.903	
job_A	A0A2W4M4Q8	50.4	123	1	118	1	123	1.326e-12	512	1	1.0424	0.9919	
job_A	A0A849EWF6	42.6	115	1	115	1	115	1.233e-11	512	1	0.9746	0.8984	
job_A	A0A1X4G7W3	40.8	115	1	115	1	115	8.75e-12	512	1	0.9746	0.8582	
job_A	A0A255R2I3	47.7	113	2	114	5	117	7.805e-12	512	1	0.9576	0.8248	
job_A	A0A3M2LT85	43.6	119	1	116	1	119	5.538e-12	512	1	1.0085	0.85	
job_A	A0A0M9UKZ0	42.5	120	1	117	410	529	4.406e-12	512	1	1.0169	0.2182	
job_A	A0A3D5VB91	40	120	1	118	1	120	6.961e-12	511	1	1.0169	1.0	
job_A	A0A9D5MXF9	40.5	116	1	116	1	116	1.233e-11	511	1	0.9831	0.8722	
job_A	A0A318CLZ0	40.8	115	1	115	1	115	8.264e-12	511	1	0.9746	0.7877	
job_A	R7LDU8	48.2	114	1	113	1	114	1.039e-11	510	1	0.9661	0.9913	
job_A	A0A942M6E3	39.1	115	1	115	1	115	1.1e-11	510	1	0.9746	0.9274	
job_A	A0A428ZD98	40	115	1	115	1	115	1.039e-11	510	1	0.9746	0.8394	
job_A	A0A842HEX0	41.6	120	1	118	1	120	6.961e-12	510	1	1.0169	0.8696	
job_A	A0AAU3S8P6	45.6	114	1	114	1	114	9.811e-12	510	1	0.9661	0.8201	
job_A	A0A533BAN5	45.6	114	1	114	30	143	9.811e-12	510	1	0.9661	0.7755	
job_A	A0A1Q5PLE0	50	114	1	114	12	125	1.383e-11	510	1	0.9661	0.6032	
job_A	A0A418QRS3	48.6	115	1	115	1	115	9.265e-12	509	1	0.9746	1.0	
job_A	A0A7C5JN15	41.8	117	1	117	1	117	7.805e-12	509	1	0.9915	1.0	
job_A	A0A2T2RFF5	40	115	1	115	1	115	1.233e-11	509	1	0.9746	0.9127	
job_A	A0A938MSP0	42.9	121	1	118	1	121	4.406e-12	509	1	1.0254	0.9603	
job_A	A0A0U3WJ99	48.2	114	1	114	1	114	1.039e-11	509	1	0.9661	0.8702	
job_A	A0A0C5BI73	45.6	114	1	114	1	114	1.641e-11	509	1	0.9661	0.8201	
job_A	A0A4P6JX98	48.3	120	1	117	1	120	4.665e-12	509	1	1.0169	0.8451	
job_A	A0A0P0EHW8	43.8	114	1	114	1	114	1.1e-11	509	1	0.9661	0.7972	
job_A	A0A3N4ZIP1	44.7	114	1	114	31	144	1.306e-11	509	1	0.9661	0.5816	
job_A	A0A662QSS7	37.3	115	1	115	258	372	1.165e-11	509	1	0.9746	0.3083	
job_A	A0A315ZA47	47.3	112	1	112	1	112	1.039e-11	508	1	0.9492	0.9825	
job_A	A0A6N6PKH6	42.2	116	1	116	1	116	1.464e-11	508	1	0.9831	0.8923	
job_A	A0A1H2URW2	40	115	1	115	1	115	1.738e-11	508	1	0.9746	0.8647	
job_A	A0A2M9CVY8	46.4	112	1	112	33	144	1.306e-11	508	1	0.9492	0.7671	
job_A	A0A2W4QF61	49.5	115	1	115	1	113	2.349e-12	507	1	0.9746	1.0177	
job_A	G1VAF6	46.9	113	1	113	1	113	1.1e-11	507	1	0.9576	0.9912	
job_A	A0A2G9XZG5	36.5	115	1	115	1	115	1.738e-11	507	1	0.9746	0.9746	
job_A	A0A2E9KL34	38.9	118	1	118	3	120	1.1e-11	507	1	1.0	0.9833	
job_A	A0A1G3BFU1	38.4	117	1	117	1	117	1.039e-11	507	1	0.9915	0.9512	
job_A	A0A1J5D0Y8	47.7	113	3	115	2	114	1.306e-11	507	1	0.9576	0.7635	
job_A	A0A5M6CXU7	39.8	113	2	114	5	117	1.306e-11	507	1	0.9576	0.6494	
job_A	A0A2N2UYE0	42.9	114	1	114	2	115	1.039e-11	507	1	0.9661	0.6333	
job_A	A0A258QK37	56.1	105	1	105	1	105	6.961e-12	506	1	0.8898	0.9813	
job_A	I9IB76	43.1	116	1	115	1	116	1.039e-11	506	1	0.9831	0.9915	
job_A	A0A7X8VQB3	43.2	118	1	117	1	118	2.063e-11	506	1	1.0	1.0	
job_A	A0A3E0Q5P5	40.3	114	1	114	1	114	1.55e-11	506	1	0.9661	0.95	
job_A	A0A3N9NQ12	42.6	115	1	115	1	115	1.383e-11	506	1	0.9746	0.9127	
job_A	A0A960SBA0	49.5	115	1	115	1	113	1.039e-11	506	1	0.9746	0.8984	
job_A	A0A0D6KLJ1	39.4	114	1	114	16	129	1.039e-11	506	1	0.9661	0.8028	
job_A	S3Z4T0	44.1	120	1	117	11	130	6.574e-12	506	1	1.0169	0.8276	
job_A	A0A9W6GF18	42.9	114	1	114	1	114	1.55e-11	505	1	0.9661	0.8976	
job_A	A0A1B1T9L2	43.1	116	2	117	17	132	1.464e-11	505	1	0.9831	0.8788	
job_A	A0A1Q8L1V2	41.6	120	1	117	11	130	6.961e-12	505	1	1.0169	0.8276	
job_A	C6HUX1	42.6	115	1	115	1	115	1.1e-11	505	1	0.9746	0.6928	
job_A	A0A8J2UC05	43.3	113	1	113	1	113	1.55e-11	504	1	0.9576	0.9912	
job_A	A0A4Q3RNP5	41.5	113	1	113	1	113	1.738e-11	504	1	0.9576	0.9912	
job_A	A0A496DU89	46.4	112	1	112	1	112	1.1e-11	504	1	0.9492	0.9655	
job_A	A0A353ZNX8	50.4	111	5	115	1	111	1.306e-11	504	1	0.9407	0.9328	
job_A	A0A928H5D3	38.6	119	1	118	1	119	1.949e-11	504	1	1.0085	1.0	
job_A	A0A2E7SRQ1	39.1	115	1	115	1	115	1.84e-11	504	1	0.9746	0.9504	
job_A	A0A2A2R618	37.7	114	1	114	2	115	2.063e-11	504	1	0.9661	0.9194	
job_A	A0A1I1VYI3	46.4	114	1	114	1	114	9.811e-12	503	1	0.9661	0.8769	
job_A	A0A9E8LW15	43.3	120	1	117	1	120	5.538e-12	503	1	1.0169	0.916	
job_A	A0A0W1ADM3	38	121	1	118	23	143	6.574e-12	503	1	1.0254	0.8013	
job_A	A0A2M9CE83	46.4	114	1	114	12	125	2.185e-11	503	1	0.9661	0.7037	
job_A	C4RE22	52.3	107	1	107	1	107	1.464e-11	503	1	0.9068	0.5377	
job_A	A0A1X9SU23	39.1	115	1	115	1	114	1.55e-11	502	1	0.9746	1.0	
job_A	A0A2T0Y4M6	44.7	114	1	114	26	139	2.594e-11	502	1	0.9661	0.6909	
job_A	A0A928H133	43.8	114	1	114	58	171	2.908e-11	502	1	0.9661	0.6196	
job_A	A0A365XPG3	45.1	113	1	113	1	113	1.738e-11	501	1	0.9576	0.9912	
job_A	A0A9D7TX72	45.1	113	1	113	1	113	1.738e-11	501	1	0.9576	0.9912	
job_A	A0A1F3IW72	37.1	113	1	113	1	113	2.063e-11	501	1	0.9576	0.9912	
job_A	A0A842X7V7	38.4	117	1	117	1	115	1.641e-11	501	1	0.9915	1.0174	
job_A	A0A6N2D468	44.3	115	1	115	1	115	1.55e-11	501	1	0.9746	0.9914	
job_A	A0A2T0WXI5	42.8	112	1	112	1	112	1.383e-11	501	1	0.9492	0.9655	
job_A	A0A3R6PA64	48.2	112	1	112	1	112	1.464e-11	501	1	0.9492	0.9655	
job_A	A0A7Y5H849	44.7	114	1	114	1	114	3.079e-11	501	1	0.9661	0.95	
job_A	A0A9X7JV14	44.7	114	1	114	1	114	2.185e-11	501	1	0.9661	0.9268	
job_A	X0V6G8	47.3	114	3	116	2	115	2.185e-11	501	1	0.9661	0.8571	
job_A	A0A497XMZ5	42.1	121	1	118	1	121	4.939e-12	501	1	1.0254	0.8897	
job_A	A0A4Q5UMG3	43.3	113	1	113	1	113	2.185e-11	500	1	0.9576	0.9912	
job_A	A0A918UVB6	47.7	113	1	113	1	113	1.949e-11	500	1	0.9576	0.9912	
job_A	A0A977Q0Q4	43.4	115	1	115	1	115	1.641e-11	500	1	0.9746	1.0	
job_A	A0A1Z9QCS8	43.3	120	1	117	1	120	5.538e-12	500	1	1.0169	0.9756	
job_A	A0A7X8BY49	40.4	121	1	118	1	121	5.864e-12	500	1	1.0254	0.9453	
job_A	A0A2E8G983	39.4	114	1	114	1	114	2.185e-11	500	1	0.9661	0.8085	
job_A	A0A7W5E034	41.5	118	1	118	6	123	1.738e-11	500	1	1.0	0.7284	
job_A	A0A919G326	44.7	114	1	114	16	129	2.594e-11	500	1	0.9661	0.6786	
job_A	A0A932VS50	41.7	115	1	115	1	115	2.449e-11	499	1	0.9746	0.9504	
job_A	A0A9E5EV37	46.2	121	1	118	2	121	3.31e-12	499	1	1.0254	0.9308	
job_A	A0A849X2D0	48.2	114	1	114	1	112	1.1e-11	499	1	0.9661	0.8636	
job_A	A0A935NHF0	42.2	116	1	115	1	116	9.265e-12	499	1	0.9831	0.8722	
job_A	A0A5B9WDG0	42.3	118	1	117	1	118	1.383e-11	499	1	1.0	0.8551	
job_A	A0A124F944	42.2	116	1	116	1	114	1.383e-11	498	1	0.9831	1.0	
job_A	A0A9D7HAW3	45.5	112	1	112	1	112	1.306e-11	498	1	0.9492	0.9573	
job_A	A0A061NWM3	41.3	121	1	118	28	148	7.371e-12	498	1	1.0254	0.7857	
job_A	A0A2N3G2G7	41.2	114	1	114	6	119	3.26e-11	498	1	0.9661	0.7215	
job_A	A0A1U7CTG5	37.7	114	1	114	1	114	2.185e-11	497	1	0.9661	0.8028	
job_A	C4FQU1	43.8	121	1	118	19	139	9.811e-12	497	1	1.0254	0.8176	
job_A	A0A951LHV7	41.6	120	1	117	1	120	1.233e-11	497	1	1.0169	0.8	
job_A	A0A1M5SPQ3	45.6	114	2	115	18	131	2.313e-11	497	1	0.9661	0.7403	
job_A	A0A2W4LL78	44.7	114	1	114	6	119	3.079e-11	497	1	0.9661	0.6826	
job_A	A0A970MZ88	43.8	114	1	114	4	113	1.383e-11	496	1	0.9661	0.9744	
job_A	A0A961H681	46.4	114	1	114	1	114	2.313e-11	496	1	0.9661	0.8976	
job_A	A0A0W0ZMK7	38.8	121	1	118	1	121	8.75e-12	496	1	1.0254	0.938	
job_A	A0A7Y9LDU8	48.1	110	5	114	1	110	2.185e-11	496	1	0.9322	0.8462	
job_A	A0A1Z4GM18	40.8	115	1	115	42	156	2.449e-11	496	1	0.9746	0.6845	
job_A	A0A959LKS3	45.1	113	1	113	1	113	2.449e-11	495	1	0.9576	0.9912	
job_A	A0A916HDU2	42.8	112	1	112	1	112	2.313e-11	495	1	0.9492	0.9655	
job_A	A0A0L6HV58	43.1	116	1	116	1	116	2.449e-11	495	1	0.9831	0.9062	
job_A	A0A1V4TMN0	42.2	116	1	116	16	127	1.383e-11	495	1	0.9831	0.8992	
job_A	A0A259TW89	44.7	114	1	114	1	114	3.655e-11	495	1	0.9661	0.7308	
job_A	A0A965R6I9	43.7	112	1	112	1	112	2.746e-11	494	1	0.9492	0.9825	
job_A	A0A940F783	46	115	1	114	1	115	2.449e-11	494	1	0.9746	0.8984	
job_A	A0A3M1Q2L7	44.9	118	1	117	1	118	2.063e-11	494	1	1.0	0.9147	
job_A	L1MGV7	41.7	115	1	115	19	133	2.063e-11	494	1	0.9746	0.8647	
job_A	A0A535HQI7	41.5	118	1	118	1	116	1.55e-11	493	1	1.0	0.9916	
job_A	A0A0R3KU37	42.6	115	1	115	1	114	2.594e-11	493	1	0.9746	0.9664	
job_A	W7WN84	54.2	107	1	107	1	107	2.313e-11	493	1	0.9068	0.781	
job_A	A0A1Z4NKA2	41.2	114	1	114	32	145	3.26e-11	493	1	0.9661	0.7215	
job_A	A0A840H066	45	111	7	117	2	112	2.449e-11	492	1	0.9407	0.9911	
job_A	A0A960TEY8	37.2	118	1	117	1	118	1.464e-11	492	1	1.0	1.0	
job_A	A0A536E0K5	43.9	116	3	118	2	117	2.185e-11	492	1	0.9831	0.8788	
job_A	A0A0C5W6H2	41	112	1	112	1	112	2.313e-11	491	1	0.9492	0.9655	
job_A	A0A1D7YUK6	39.1	115	1	115	1	115	3.452e-11	491	1	0.9746	0.9746	
job_A	A0A9E6W6B2	34.4	119	1	118	3	121	2.594e-11	491	1	1.0085	0.952	
job_A	A0A3M1GEH5	50.8	116	1	115	1	114	2.449e-11	491	1	0.9831	0.8722	
job_A	A0A7X0GHH8	50.9	110	5	114	1	110	2.746e-11	491	1	0.9322	0.7971	
job_A	A0A960FLK5	38.2	115	1	115	1	113	1.738e-11	491	1	0.9746	0.7516	
job_A	A0AAE3KLZ9	40.8	120	1	117	1	120	1.55e-11	491	1	1.0169	0.2459	
job_A	A0A163RG25	50	114	1	114	357	470	3.87e-11	491	1	0.9661	0.2271	
job_A	A0A2N5ZMM5	47.2	110	5	114	1	110	3.26e-11	490	1	0.9322	0.9735	
job_A	A0A1G6YAK4	44.2	113	1	113	1	113	3.655e-11	490	1	0.9576	0.9912	
job_A	A0A9D8BMJ1	33.9	115	1	115	1	115	3.87e-11	490	1	0.9746	0.9914	
job_A	A0A7Z9WGJ3	37.7	114	1	114	1	114	3.079e-11	490	1	0.9661	0.95	
job_A	A0A2H5WAN0	41.2	114	1	114	1	114	4.594e-11	490	1	0.9661	0.95	
job_A	A0A7C1YBG8	40.6	118	1	115	1	118	1.641e-11	490	1	1.0	0.9077	
job_A	A0A0J1BIE2	40.1	117	2	118	5	121	2.908e-11	490	1	0.9915	0.7222	
job_A	A0A519TDA2	46	115	1	115	1	115	3.452e-11	489	1	0.9746	1.0	
job_A	A0A7Y3EQG1	45.5	112	1	112	1	112	2.746e-11	489	1	0.9492	0.9655	
job_A	A0A7X7G3F8	37.1	121	1	117	1	121	1.84e-11	489	1	1.0254	1.0	
job_A	A0A1H7J4K3	39.1	120	1	117	1	120	1.55e-11	489	1	1.0169	0.9836	
job_A	A0A956QNH2	42.6	115	1	115	1	115	4.865e-11	489	1	0.9746	0.8647	
job_A	A0A2R7QIN7	50	110	5	114	1	110	3.26e-11	489	1	0.9322	0.8029	
job_A	A0A4P5QU08	41.3	121	1	118	13	133	1.55e-11	489	1	1.0254	0.8521	
job_A	A0A5B9QKW6	36.4	118	1	118	2	119	2.908e-11	489	1	1.0	0.7867	
job_A	A0A6P0VTE4	43.1	109	1	109	1	109	2.313e-11	489	1	0.9237	0.1617	
job_A	A0A7G5XBI5	44.2	113	1	113	1	113	3.87e-11	488	1	0.9576	0.9912	
job_A	A0A1B9E085	43.9	116	1	115	1	116	3.655e-11	488	1	0.9831	1.0	
job_A	A0A937JTD3	40.8	115	1	115	1	115	3.655e-11	488	1	0.9746	0.8519	
job_A	W7DLT8	44.9	109	1	109	1	109	4.339e-11	487	1	0.9237	0.9478	
job_A	A0A2A2Y2P2	40.3	119	1	115	1	119	2.908e-11	487	1	1.0085	0.8947	
job_A	A0A9D6PL82	36.5	115	1	115	1	115	4.098e-11	487	1	0.9746	0.7233	
job_A	A0A2D7KNM5	46.7	107	1	107	1	107	4.339e-11	486	1	0.9068	0.9727	
job_A	A0A3D4CJW0	44.6	112	1	112	1	112	3.079e-11	486	1	0.9492	0.9655	
job_A	A0A537ZCT5	35	117	1	117	1	115	2.746e-11	486	1	0.9915	0.907	
job_A	A0A388PWD8	58.7	97	1	97	1	97	1.641e-11	486	1	0.822	0.7519	
job_A	A0A7V2F6J0	45.2	115	1	115	1	115	5.775e-11	486	1	0.9746	0.8582	
job_A	A0A521GYG4	32.2	118	1	118	1	118	5.151e-11	486	1	1.0	0.8676	
job_A	A0A9X2ZSP7	44	118	1	118	1	118	4.339e-11	486	1	1.0	0.8194	
job_A	A0A355ITR4	43.7	112	1	112	1	112	3.452e-11	485	1	0.9492	0.9655	
job_A	A0A3D9FXC7	42.8	112	1	112	1	112	3.87e-11	485	1	0.9492	0.9655	
job_A	A6GVV2	43.1	116	1	115	1	116	4.098e-11	485	1	0.9831	1.0	
job_A	A0A9D2RIF9	47.3	112	1	112	3	114	3.26e-11	485	1	0.9492	0.9412	
job_A	A0A8I2G8T0	40.8	115	1	115	1	115	4.098e-11	485	1	0.9746	0.9426	
job_A	A0AA46ADI5	44.8	116	1	115	1	116	4.339e-11	485	1	0.9831	0.8992	
job_A	A0A964KSE9	40.4	121	1	118	1	121	2.449e-11	485	1	1.0254	0.9167	
job_A	A0A7V1RDY6	39.1	115	1	115	2	112	2.746e-11	485	1	0.9746	0.8582	
job_A	A0A101HTK6	44.7	114	1	114	1	114	5.775e-11	485	1	0.9661	0.8321	
job_A	A0A974SIW7	46.4	112	3	114	2	113	4.865e-11	485	1	0.9492	0.8	
job_A	A0A2A5FKV0	44.6	112	1	112	1	112	2.594e-11	484	1	0.9492	0.9655	
job_A	W8VUN2	46.4	112	1	112	1	112	3.87e-11	484	1	0.9492	0.9655	
job_A	A0A3C1G2F2	36.7	117	1	117	1	117	4.339e-11	484	1	0.9915	1.0	
job_A	A0A660SL37	31.6	117	1	117	1	117	2.594e-11	484	1	0.9915	1.0	
job_A	D9PML9	48.1	110	5	114	1	110	5.151e-11	484	1	0.9322	0.9322	
job_A	A0A9X1S339	45	122	1	116	1	121	3.079e-11	484	1	1.0339	0.9531	
job_A	A0A936N915	38.3	120	1	117	1	120	2.594e-11	484	1	1.0169	0.9091	
job_A	A0A6B1GIZ6	44.1	120	1	117	1	120	1.464e-11	484	1	1.0169	0.8511	
job_A	A0A7C1BBY4	39.1	115	1	115	1	115	2.594e-11	483	1	0.9746	1.0	
job_A	A0A0D0IV58	46	115	1	115	1	114	3.26e-11	483	1	0.9746	1.0	
job_A	A0A2E6IME0	44.6	112	1	112	1	112	3.655e-11	483	1	0.9492	0.9655	
job_A	A0A1M7MSU4	44.9	109	1	109	1	109	5.151e-11	483	1	0.9237	0.9397	
job_A	A0A662C8E0	41.9	112	1	112	1	112	4.098e-11	483	1	0.9492	0.9655	
job_A	A0A661C7T3	38.5	114	1	114	6	119	5.454e-11	483	1	0.9661	0.8702	
job_A	A0A7H9CHD8	40	115	1	115	1	113	3.655e-11	482	1	0.9746	1.0177	
job_A	A0A255TPX1	46.4	112	1	112	1	112	3.452e-11	482	1	0.9492	0.9825	
job_A	A0A7C5P1F6	42.2	116	1	115	1	114	2.313e-11	482	1	0.9831	0.9355	
job_A	A0A3A4PHH0	36.6	120	1	118	1	120	5.151e-11	482	1	1.0169	0.8955	
job_A	A0A2P8FF38	43.8	114	1	114	41	154	5.454e-11	482	1	0.9661	0.7403	
job_A	A0A4R2AVJ6	39.8	113	3	115	2	114	5.454e-11	482	1	0.9576	0.5407	
job_A	A0A4R6TRF5	43.1	109	1	109	1	109	4.865e-11	481	1	0.9237	0.9397	
job_A	A0A415DSA0	44.6	112	1	112	1	112	4.594e-11	481	1	0.9492	0.9655	
job_A	A0A1H6LNY9	43.7	112	1	112	1	112	5.151e-11	481	1	0.9492	0.9655	
job_A	A0A520UJJ6	40.1	112	1	112	1	112	4.339e-11	481	1	0.9492	0.9655	
job_A	A0A1H1M1D6	41.2	109	1	109	1	109	4.865e-11	481	1	0.9237	0.9397	
job_A	A0A521YDX2	47	119	3	118	2	120	3.26e-11	481	1	1.0085	0.9444	
job_A	A0A1M4WK73	43.8	121	1	118	1	121	2.185e-11	481	1	1.0254	0.9528	
job_A	A0A7K1TPA7	40.4	121	1	118	1	121	1.84e-11	481	1	1.0254	0.9308	
job_A	A0ABC9PYV4	46.2	121	1	118	6	126	1.949e-11	481	1	1.0254	0.9167	
job_A	A0A2S5QW78	51.3	115	1	113	1	111	2.063e-11	480	1	0.9746	1.036	
job_A	A0A937XE27	37.2	118	1	118	1	118	6.115e-11	480	1	1.0	0.944	
job_A	A0A3D9GS15	42.1	121	1	118	1	121	2.746e-11	480	1	1.0254	0.9528	
job_A	A0A949VKG9	43.7	112	1	112	17	128	3.452e-11	480	1	0.9492	0.8421	
job_A	A0A1N6EMI2	45.2	117	5	118	1	117	1.949e-11	480	1	0.9915	0.8797	
job_A	A0A6J6ERN4	33.9	115	1	115	13	125	3.87e-11	480	1	0.9746	0.7986	
job_A	A0A2M8WSP9	46.8	111	5	115	1	111	5.775e-11	480	1	0.9407	0.6937	
job_A	A0A7X8JKW8	43.4	115	1	115	1	113	4.339e-11	479	1	0.9746	1.0177	
job_A	A0A829QPH4	50.4	105	1	105	1	105	3.655e-11	479	1	0.8898	0.913	
job_A	A0A2D7N8A4	39.1	115	1	115	5	119	4.098e-11	479	1	0.9746	0.8984	
job_A	A0A9J6ZH20	42.1	114	1	114	1	114	4.098e-11	479	1	0.9661	0.7917	
job_A	A0A2T0YQE6	45.6	114	7	117	2	115	2.449e-11	478	1	0.9661	0.8444	
job_A	A0A8H2LHD1	41	112	1	112	1	112	6.115e-11	477	1	0.9492	0.9655	
job_A	S7VB21	44.9	118	1	115	1	116	1.949e-11	477	1	1.0	1.0172	
job_A	A0A661BE33	41.7	115	1	115	1	115	8.139e-11	477	1	0.9746	0.9746	
job_A	A0A3N5YZ53	46.8	111	5	115	1	111	6.475e-11	477	1	0.9407	0.881	
job_A	A0A3Q9GL83	47.2	110	5	114	1	110	9.126e-11	477	1	0.9322	0.7971	
job_A	A0A7W3Z7J9	47.3	112	1	112	1	112	7.26e-11	476	1	0.9492	0.9655	
job_A	A0A7C8AGW2	39.1	115	1	115	1	115	9.126e-11	476	1	0.9746	0.9746	
job_A	A0A7C5BSN4	44.7	114	1	114	30	139	5.454e-11	476	1	0.9661	0.7972	
job_A	A0A845M2D8	45.1	113	3	115	2	114	7.26e-11	476	1	0.9576	0.689	
job_A	A0A1H6T0Y3	41	112	1	112	1	112	6.856e-11	475	1	0.9492	0.9655	
job_A	A0A924B295	40.8	115	1	115	1	113	7.26e-11	475	1	0.9746	0.9127	
job_A	A0A1F5VNC4	41.7	115	1	115	1	113	5.454e-11	475	1	0.9746	0.8582	
job_A	A0A1V4QGK1	31.8	116	1	116	158	273	1.147e-10	475	1	0.9831	0.4203	
job_A	A0A7W1ILS5	36.6	112	1	112	1	112	8.618e-11	474	1	0.9492	0.9825	
job_A	A0A3N5FUZ5	39.6	116	1	115	1	116	3.26e-11	474	1	0.9831	1.0	
job_A	A0A352ED75	39.4	109	1	109	1	109	7.687e-11	474	1	0.9237	0.9397	
job_A	A0A255ZPZ1	42.8	112	1	112	1	112	7.687e-11	474	1	0.9492	0.9655	
job_A	A0A0S4MYF3	40.4	121	1	118	3	123	5.454e-11	474	1	1.0254	0.938	
job_A	A0A6J6I0D9	40	115	1	115	1	113	8.139e-11	474	1	0.9746	0.8846	
job_A	X0VXQ6	43.1	116	1	116	15	130	6.856e-11	474	1	0.9831	0.8657	
job_A	A0A970XGR3	35.6	115	1	115	1	115	1.362e-10	474	1	0.9746	0.8519	
job_A	A0A5N6MV18	47.7	111	5	115	1	111	8.139e-11	474	1	0.9407	0.75	
job_A	A0A9D8QZH1	42.3	111	1	111	1	111	6.856e-11	473	1	0.9407	0.9652	
job_A	A0A1F9WY36	35.6	115	1	115	14	128	1.215e-10	473	1	0.9746	0.8846	
job_A	A0AA96J7C2	40.1	112	1	112	1	112	8.139e-11	472	1	0.9492	0.9655	
job_A	A0A9D7UGH3	36.3	121	1	118	1	121	4.594e-11	472	1	1.0254	0.9528	
job_A	A0A315X8K3	47.3	114	5	118	1	114	7.26e-11	472	1	0.9661	0.8769	
job_A	A0A8K2A172	42.5	120	1	117	1	120	4.339e-11	472	1	1.0169	0.916	
job_A	A0A969GD38	41.4	123	1	118	1	123	3.452e-11	472	1	1.0424	0.8786	
job_A	A0A9X1R083	44.9	109	1	109	1	109	9.663e-11	471	1	0.9237	0.9397	
job_A	A0A7C1ZKK4	40.1	112	1	112	1	112	8.139e-11	471	1	0.9492	0.9573	
job_A	E3D018	40.4	121	1	118	1	119	2.908e-11	471	1	1.0254	0.968	
job_A	A0A7Y0QQA6	46.5	116	5	117	1	116	3.26e-11	471	1	0.9831	0.8722	
job_A	A0A7W7W9N6	49.1	116	5	117	1	116	3.87e-11	471	1	0.9831	0.8406	
job_A	W8X542	45.2	115	1	115	12	126	1.286e-10	471	1	0.9746	0.7718	
job_A	A0A0H2KKF9	45.4	110	5	114	1	110	1.215e-10	471	1	0.9322	0.7237	
job_A	A0A7C5FRU5	40.8	115	1	115	67	177	6.856e-11	471	1	0.9746	0.6389	
job_A	A0A924D7R2	43.1	116	1	115	1	116	1.083e-10	470	1	0.9831	1.0	
job_A	A0A0S9QMB3	40.6	123	1	117	1	123	3.87e-11	470	1	1.0424	0.9609	
job_A	A0A418ML21	37.7	114	1	114	1	114	6.856e-11	470	1	0.9661	0.8321	
job_A	A0AAV8UJL5	40.5	116	2	117	8	123	6.475e-11	470	1	0.9831	0.7891	
job_A	A0A7X6K7S6	48.6	115	5	116	1	115	4.865e-11	470	1	0.9746	0.7667	
job_A	A0A371PV02	41.3	121	1	118	43	163	4.865e-11	470	1	1.0254	0.6685	
job_A	A0A376FKL2	73.6	95	1	95	1	91	6.961e-12	469	1	0.8051	1.0215	
job_A	A0A4V2AUY5	46	113	1	113	1	113	1.362e-10	469	1	0.9576	0.9912	
job_A	A0AAW7D636	41.7	115	1	115	1	115	8.618e-11	469	1	0.9746	1.0	
job_A	A0A972XY00	41	112	1	112	1	112	9.663e-11	469	1	0.9492	0.9655	
job_A	A0A9C8NV91	35.9	114	1	114	1	114	5.454e-11	469	1	0.9661	0.9661	
job_A	A0A965G4N4	37	116	1	116	1	116	1.215e-10	469	1	0.9831	0.9508	
job_A	U5D568	38.5	114	1	114	2	115	1.812e-10	469	1	0.9661	0.9048	
job_A	A0A7C1KNV9	38.1	118	1	118	1	116	4.865e-11	469	1	1.0	0.8806	
job_A	A0A1Z9HM47	45.4	110	1	110	1	109	3.452e-11	468	1	0.9322	1.0092	
job_A	A0A0S7Y3S7	37.9	116	1	116	1	114	8.139e-11	468	1	0.9831	0.9667	
job_A	M1ZCP6	41.3	121	1	118	1	121	2.908e-11	468	1	1.0254	0.938	
job_A	A0AA37SXI5	37.7	114	1	114	1	114	1.617e-10	468	1	0.9661	0.8769	
job_A	A0AAP3SGL9	41.5	113	1	113	1	112	1.215e-10	468	1	0.9576	0.8496	
job_A	A0A3M0WJ04	41.3	121	1	118	1	121	4.594e-11	468	1	1.0254	0.8643	
job_A	A0A1L5NR41	42.4	113	3	115	2	114	1.023e-10	468	1	0.9576	0.7107	
job_A	A0A563VWP5	41.8	117	1	115	46	162	7.687e-11	468	1	0.9915	0.6031	
job_A	R5AUE5	50.9	108	5	112	1	108	9.663e-11	467	1	0.9153	0.9643	
job_A	A0A9Q4C6Q2	42.9	114	1	114	1	110	9.663e-11	467	1	0.9661	1.0	
job_A	A0A2E2UG01	38.7	116	1	116	1	115	1.083e-10	467	1	0.9831	1.0087	
job_A	A0A2S1LLX9	40.1	112	1	112	1	112	1.215e-10	467	1	0.9492	0.9655	
job_A	A0A7V2QM04	42	119	3	118	2	120	5.151e-11	467	1	1.0085	0.952	
job_A	A0A1V4ZBJ4	39.3	122	1	118	21	134	3.26e-11	467	1	1.0339	0.9104	
job_A	A0A6P1DJL9	41	112	1	112	1	112	1.215e-10	466	1	0.9492	0.9655	
job_A	A0A444WCZ5	40.1	112	1	112	1	112	1.286e-10	466	1	0.9492	0.9655	
job_A	D1CH98	40.3	114	1	114	1	114	9.126e-11	466	1	0.9661	0.8906	
job_A	A0A7V4AWT1	35.9	114	1	114	1	114	1.442e-10	466	1	0.9661	0.8444	
job_A	A0A0P8A8J1	38.2	115	1	115	1	115	1.527e-10	466	1	0.9746	0.8394	
job_A	A0A3C0PCR4	35.4	110	1	110	1	110	9.663e-11	465	1	0.9322	0.991	
job_A	A0A349BUT9	37.5	112	1	112	1	112	1.215e-10	465	1	0.9492	0.9655	
job_A	A0A9C9K1R7	35.3	116	1	114	1	116	5.151e-11	465	1	0.9831	0.9667	
job_A	A0A938IH16	38.7	116	1	116	1	112	9.663e-11	465	1	0.9831	0.9508	
job_A	A0A7T5EHG1	42.1	114	1	114	1	114	1.023e-10	465	1	0.9661	0.8769	
job_A	A0A2T2T171	42.3	118	1	118	1	118	1.812e-10	465	1	1.0	0.59	
job_A	A0A661C7R5	44.4	108	8	115	2	109	1.083e-10	464	1	0.9153	0.9818	
job_A	A0A1F1DT89	42.8	112	1	112	1	112	1.023e-10	464	1	0.9492	0.9573	
job_A	A0A523XLK2	29.5	115	1	115	1	115	1.442e-10	464	1	0.9746	0.9664	
job_A	A0A9D5Q1U2	33.9	115	1	115	1	115	1.617e-10	464	1	0.9746	0.9583	
job_A	A0A7V5H501	40.8	115	1	115	1	115	1.215e-10	464	1	0.9746	0.935	
job_A	A0A1H9HQ76	41.2	114	1	114	1	114	9.663e-11	464	1	0.9661	0.8702	
job_A	A0A529X4L7	44.2	113	3	115	2	114	1.712e-10	464	1	0.9576	0.6933	
job_A	A0A174VIF2	45.1	113	1	113	1	113	1.617e-10	463	1	0.9576	0.9912	
job_A	H7EI54	44.6	121	1	118	1	119	2.313e-11	463	1	1.0254	0.9453	
job_A	A0A962CWD8	41.3	121	1	118	1	119	3.452e-11	463	1	1.0254	0.9308	
job_A	A0A6N8HKE3	42.1	114	1	114	1	114	1.023e-10	463	1	0.9661	0.8769	
job_A	A0A1H2B6I1	39.1	115	1	115	1	115	9.126e-11	463	1	0.9746	0.8456	
job_A	A0A5C5ZYP3	43.6	110	5	114	1	110	1.527e-10	463	1	0.9322	0.7586	
job_A	A0A3P8JRM0	85.5	97	22	118	1	97	2.908e-11	462	1	0.822	0.9238	
job_A	A0A958FX22	43.8	114	5	118	1	114	1.442e-10	462	1	0.9661	1.0	
job_A	A0A5N7Z833	40.1	112	1	112	1	112	1.812e-10	462	1	0.9492	0.9655	
job_A	A0A8J4A4F5	38.9	118	1	118	1	116	1.617e-10	462	1	1.0	0.9916	
job_A	A0AAE4A2V6	47.2	110	5	114	1	110	1.362e-10	462	1	0.9322	0.8661	
job_A	A0A7V5SHX6	38.7	116	1	116	1	116	1.527e-10	462	1	0.9831	0.8992	
job_A	A0A1N7PFW6	37.5	120	1	117	1	119	5.775e-11	462	1	1.0169	0.9231	
job_A	A0A2J7TEY2	40.7	113	3	115	2	114	2.032e-10	462	1	0.9576	0.729	
job_A	A0A9E2Z7I3	27.8	115	1	115	9	123	2.032e-10	462	1	0.9746	0.7099	
job_A	A0A7C5ADG4	35.3	113	2	114	50	162	1.617e-10	462	1	0.9576	0.6457	
job_A	A0A9E0XDV4	44	118	1	118	1	117	9.663e-11	461	1	1.0	0.9916	
job_A	A0A1F4S5Y7	37.3	115	1	115	1	113	1.812e-10	461	1	0.9746	0.9664	
job_A	A0A920D859	42.1	114	1	114	1	114	1.083e-10	461	1	0.9661	0.8028	
job_A	Q9F5E9	38.5	114	1	114	25	138	1.919e-10	461	1	0.9661	0.6514	
job_A	A0A1W9P678	34.7	115	1	115	1	114	1.712e-10	460	1	0.9746	1.0	
job_A	A0A950DNW9	35.9	114	1	114	1	114	3.032e-10	460	1	0.9661	0.9421	
job_A	E7G3H7	33.9	115	1	115	20	133	1.812e-10	460	1	0.9746	0.8394	
job_A	A0A968HEG5	39.6	121	1	118	1	121	5.775e-11	460	1	1.0254	0.8067	
job_A	A0A644V0S1	37.9	116	1	115	35	150	1.712e-10	460	1	0.9831	0.6744	
job_A	A0A8J2BI68	36.8	114	1	114	64	177	3.4e-10	460	1	0.9661	0.6129	
job_A	A0A1H7TG69	43.8	121	1	118	295	415	7.687e-11	460	1	1.0254	0.2874	
job_A	A0A357B544	41.7	115	3	116	2	116	2.554e-10	459	1	0.9746	0.9274	
job_A	A0A2H0PJ18	41.7	115	3	115	2	116	1.362e-10	459	1	0.9746	0.7516	
job_A	A0A7C5TQ62	42	107	1	107	1	105	1.527e-10	458	1	0.9068	1.0094	
job_A	A0A7X7TRJ1	40	115	1	115	1	113	2.152e-10	458	1	0.9746	0.9914	
job_A	A0A6I3SNQ9	38.8	121	1	116	1	121	6.856e-11	458	1	1.0254	0.9603	
job_A	A0A7C3XQY8	33.8	118	1	114	2	119	7.26e-11	458	1	1.0	0.8806	
job_A	A0A5C7P8J6	40	115	1	115	1	113	1.617e-10	458	1	0.9746	0.8519	
job_A	A0A931K982	35.8	117	1	114	1	117	1.215e-10	458	1	0.9915	0.854	
job_A	A0A654A8K3	49.5	109	7	115	2	110	1.527e-10	457	1	0.9237	0.982	
job_A	A0A229P290	39.1	115	1	115	1	115	1.286e-10	457	1	0.9746	0.8456	
job_A	A0A072NGA9	35.9	114	1	114	9	122	1.527e-10	457	1	0.9661	0.8261	
job_A	A0A2D4YUF4	40.1	112	1	109	1	112	5.454e-11	456	1	0.9492	0.896	
job_A	A0A1G9EKS5	42.9	114	1	114	1	114	1.362e-10	456	1	0.9661	0.8571	
job_A	A0A6P1R1B6	38.9	113	3	115	2	114	2.554e-10	456	1	0.9576	0.7902	
job_A	K1YNK3	34.2	108	1	108	1	108	2.412e-10	455	1	0.9153	1.0	
job_A	A0A7C3B2F9	43.3	113	3	115	2	113	2.412e-10	455	1	0.9576	0.9113	
job_A	A0A351UJ63	42.7	110	1	110	1	108	1.812e-10	455	1	0.9322	0.88	
job_A	A0A9D8HM18	35	114	1	114	1	114	4.036e-10	455	1	0.9661	0.8976	
job_A	A0A4Q1SYL0	38.5	114	1	114	1	114	1.712e-10	455	1	0.9661	0.8507	
job_A	A0A368DF99	36.6	112	1	112	1	112	2.152e-10	454	1	0.9492	0.9825	
job_A	A0A3D1ASR5	42.4	113	3	115	2	110	1.083e-10	454	1	0.9576	0.9496	
job_A	A0A9E4Q083	41	112	3	114	2	111	1.919e-10	454	1	0.9492	0.9032	
job_A	A0AAU7CPG6	39.1	115	1	115	1	115	2.152e-10	454	1	0.9746	0.8915	
job_A	A0A2W1JIN1	36.3	121	1	118	1	121	9.126e-11	454	1	1.0254	0.9237	
job_A	F8IET2	40.3	114	1	114	7	120	2.554e-10	454	1	0.9661	0.8261	
job_A	A0A7C0Z5X2	35.9	114	1	114	1	113	2.864e-10	453	1	0.9661	0.958	
job_A	A0A7Y3XGE1	44.5	119	1	118	1	119	2.152e-10	453	1	1.0085	0.9225	
job_A	A0A9D6INY1	38	126	1	118	2	124	2.594e-11	453	1	1.0678	0.9618	
job_A	A0A7Y5W8K9	39.1	120	1	117	1	120	1.617e-10	453	1	1.0169	0.8824	
job_A	A0A927C5T6	39.6	116	1	116	1	116	1.527e-10	453	1	0.9831	0.8467	
job_A	A0A6L9LVP6	41.2	114	1	114	2	113	1.712e-10	453	1	0.9661	0.8085	
job_A	A0A7R6VKH7	39.6	111	5	115	1	111	3.211e-10	452	1	0.9407	0.9487	
job_A	X1PFY1	41.1	119	3	118	2	118	7.687e-11	452	1	1.0085	0.9675	
job_A	A0A0X2NQ61	47.3	114	7	117	2	115	7.26e-11	452	1	0.9661	0.8636	
job_A	A0A559K5A7	40.5	116	1	116	1	116	2.032e-10	452	1	0.9831	0.8529	
job_A	A0A972H149	39.4	114	1	114	1	114	1.712e-10	452	1	0.9661	0.8321	
job_A	A0A972ZAP5	34.7	115	1	115	1	113	2.278e-10	452	1	0.9746	0.8156	
job_A	A0A924WHR8	40.6	118	1	118	2	116	1.812e-10	452	1	1.0	0.7763	
job_A	A0A4P5X5I9	40	115	1	115	12	126	2.705e-10	452	1	0.9746	0.7188	
job_A	A0A1V4QTS9	32.1	115	1	115	1	114	3.6e-10	451	1	0.9746	0.9829	
job_A	A0A2N5MDP4	38.5	114	1	114	1	114	2.032e-10	451	1	0.9661	0.8906	
job_A	A0A1G6CSF3	35.9	114	1	114	2	113	1.712e-10	451	1	0.9661	0.8837	
job_A	A0A1G0L4B9	37.1	121	1	118	1	121	1.286e-10	450	1	1.0254	0.968	
job_A	A0A916QCM8	36.5	115	1	115	1	115	1.919e-10	450	1	0.9746	0.8394	
job_A	A0A4Q7FFB9	41	112	3	114	2	113	3.6e-10	450	1	0.9492	0.5773	
job_A	A0A2W6BRS7	38.7	111	5	115	1	109	2.554e-10	449	1	0.9407	1.0	
job_A	A0A5C8GDJ3	27.8	115	1	115	1	115	4.274e-10	448	1	0.9746	0.9914	
job_A	A0A966CXF3	42.9	114	1	114	2	113	3.032e-10	448	1	0.9661	0.8976	
job_A	A0A2T2WME5	33.9	115	1	114	1	115	1.712e-10	448	1	0.9746	0.8779	
job_A	A0A9D2GU06	35.5	118	1	115	2	119	3.032e-10	448	1	1.0	0.831	
job_A	A0A2K9NC13	38.3	112	3	114	2	113	3.6e-10	448	1	0.9492	0.7368	
job_A	A0A971AAW0	36.7	117	1	117	1	117	2.864e-10	447	1	0.9915	1.0	
job_A	A0A928AJ37	41.9	112	1	112	3	114	3.6e-10	447	1	0.9492	0.9412	
job_A	A0A7C5VXG7	42.8	112	3	114	2	112	4.036e-10	447	1	0.9492	0.9032	
job_A	A0AA35TMD8	34.7	115	1	115	13	123	2.864e-10	447	1	0.9746	0.8099	
job_A	A0AAE6BFM7	40.7	113	3	115	2	114	4.274e-10	447	1	0.9576	0.729	
job_A	A0A9D8DAJ8	42.1	114	2	114	107	220	4.525e-10	447	1	0.9661	0.4851	
job_A	A0A3D6DN83	70.7	89	1	89	1	89	1.527e-10	446	1	0.7542	1.0	
job_A	A0A357AWL3	38.9	113	2	114	3	113	3.812e-10	446	1	0.9576	0.9113	
job_A	A0A3B8XY89	40	120	1	117	1	120	1.023e-10	446	1	1.0169	0.9091	
job_A	A0A5C4T051	39.6	116	1	116	1	116	2.554e-10	446	1	0.9831	0.8467	
job_A	A0A1G6GDH8	42.7	117	1	116	2	118	4.274e-10	446	1	0.9915	0.8478	
job_A	A0A8T4FLR3	42.8	112	3	114	2	109	2.278e-10	446	1	0.9492	0.7778	
job_A	A0A933UTR5	37.3	115	1	115	33	147	5.688e-10	446	1	0.9746	0.5425	
job_A	A0A1J4SZ19	42	107	1	107	1	105	3.6e-10	445	1	0.9068	0.9727	
job_A	A0A2N0LTR9	40.7	113	3	115	2	110	2.705e-10	445	1	0.9576	0.9187	
job_A	A0A933B1B6	35.6	115	1	115	1	115	5.688e-10	445	1	0.9746	0.8456	
job_A	A0A7V6B742	38.5	114	1	114	2	115	3.211e-10	445	1	0.9661	0.8382	
job_A	A0A6A7L5U3	34.7	115	1	115	2	112	3.6e-10	445	1	0.9746	0.6805	
job_A	A0A7C6JHB0	41	112	3	114	2	113	4.791e-10	445	1	0.9492	0.612	
job_A	X1MT21	40.7	103	1	103	1	103	3.4e-10	444	1	0.8729	0.9904	
job_A	A0A2E5G897	38.3	112	1	112	1	112	5.073e-10	444	1	0.9492	0.8235	
job_A	A0A1G4AKD1	39.1	115	1	115	1	114	6.753e-10	444	1	0.9746	0.7823	
job_A	A0A3N9MLR6	32.7	113	1	113	1	113	4.525e-10	443	1	0.9576	0.9826	
job_A	A0A6L8V169	39.6	116	1	116	1	116	3.812e-10	443	1	0.9831	0.8722	
job_A	A0A978SZ92	40	120	1	115	3	122	1.617e-10	443	1	1.0169	0.7895	
job_A	A0A969MXU3	41.4	111	5	115	1	111	5.372e-10	442	1	0.9407	0.925	
job_A	M1WPY3	40.8	120	1	117	5	122	1.442e-10	442	1	1.0169	0.9375	
job_A	A0A3A4VEX3	42.1	114	1	114	297	408	4.525e-10	442	1	0.9661	0.2695	
job_A	A0A7Y2G0D0	30.4	115	1	115	1	115	1.442e-10	441	1	0.9746	1.0	
job_A	E8R2X0	35.9	114	1	114	1	114	4.525e-10	441	1	0.9661	0.8028	
job_A	A0A832PUY8	45	111	5	115	1	111	3.211e-10	440	1	0.9407	0.8473	
job_A	B1XKN2	36.5	115	1	113	2	116	2.412e-10	440	1	0.9746	0.6021	
job_A	A0A927BV08	37.7	114	1	114	1	114	3.6e-10	438	1	0.9661	0.8028	
job_A	A0A518ES18	36.8	114	3	116	2	111	4.036e-10	437	1	0.9661	0.8906	
job_A	A0A961AAJ9	38.5	114	1	114	1	113	9.517e-10	437	1	0.9661	0.8702	
job_A	A0A2W1LE48	37	116	1	116	1	116	5.688e-10	437	1	0.9831	0.8529	
job_A	A0A7V3HNY4	35.3	116	3	115	2	111	2.152e-10	436	1	0.9831	1.0357	
job_A	A0A6M0BJ81	37.8	111	1	109	2	112	4.791e-10	436	1	0.9407	0.9911	
job_A	A0A1G2ZFG7	36.8	114	1	113	1	114	6.753e-10	436	1	0.9661	0.9913	
job_A	A0A7W0I4T6	39.6	116	1	116	1	116	5.372e-10	436	1	0.9831	0.8722	
job_A	A0A5C8M1P5	40.5	116	1	116	1	116	5.073e-10	436	1	0.9831	0.8722	
job_A	A0A387G2W6	41	112	3	114	2	113	8.016e-10	436	1	0.9492	0.7134	
job_A	A0A831U6D5	46.6	105	10	114	2	106	5.073e-10	434	1	0.8898	0.9375	
job_A	A0A1I3UI47	39.8	113	3	115	2	114	8.488e-10	434	1	0.9576	0.8129	
job_A	A0A3B9N7L2	35	120	1	117	3	122	6.377e-10	433	1	1.0169	0.9677	
job_A	A3ITB4	37.6	117	1	115	2	118	7.15e-10	433	1	0.9915	0.7748	
job_A	B9KA30	35.9	114	1	114	12	121	8.016e-10	432	1	0.9661	0.912	
job_A	Q55382	35.6	115	2	114	3	117	8.488e-10	432	1	0.9746	0.7931	
job_A	H0HXF5	41.2	109	7	115	2	110	1.196e-09	432	1	0.9237	0.6855	
job_A	A0A1K1LGH8	36.1	119	1	114	11	129	7.15e-10	432	1	1.0085	0.7484	
job_A	A0A7Z7YS82	44.6	103	1	103	4	106	5.688e-10	431	1	0.8729	0.9717	
job_A	A0A0Q1ATI6	37.3	115	1	115	1	115	7.15e-10	431	1	0.9746	1.0	
job_A	A0A1Z8ZQ59	35.9	114	1	114	1	110	6.377e-10	431	1	0.9661	0.9913	
job_A	A0AAN1BLP5	41	112	3	114	2	113	9.517e-10	431	1	0.9492	0.6292	
job_A	A0A9E5L3M9	37.5	112	1	112	1	112	8.488e-10	430	1	0.9492	0.9739	
job_A	A0A7Y3NQ83	33	115	1	115	1	115	6.753e-10	430	1	0.9746	0.9274	
job_A	A0A2G9YC34	33.9	115	1	115	1	115	1.13e-09	430	1	0.9746	0.8519	
job_A	A0A3N5JIY2	34.7	115	1	115	1	115	2.001e-09	429	1	0.9746	0.9583	
job_A	A0A075WV36	33.8	121	1	118	1	119	2.864e-10	429	1	1.0254	1.0	
job_A	A0A0E3UJD2	39.4	114	1	114	10	121	1.008e-09	429	1	0.9661	0.8636	
job_A	A0A2E4IX17	40.1	107	1	107	1	105	1.008e-09	428	1	0.9068	0.9817	
job_A	A0A6V8EQN5	40	115	3	116	1	115	5.688e-10	428	1	0.9746	1.0	
job_A	A0A552Q3D0	35.2	119	1	114	2	120	4.274e-10	428	1	1.0085	0.7484	
job_A	A0A377PT88	34.1	126	1	115	60	185	1.008e-09	428	1	1.0678	0.6667	
job_A	A0A7X7KAP5	46.1	117	5	118	1	115	3.6e-10	427	1	0.9915	0.7548	
job_A	A0A8J2XBT4	37.7	114	1	112	9	122	7.15e-10	427	1	0.9661	0.6867	
job_A	A0A2M8G0J9	37.3	115	1	115	1	115	1.592e-09	426	1	0.9746	0.9055	
job_A	A0A933Y2C7	45.2	115	3	116	2	111	4.791e-10	426	1	0.9746	0.8915	
job_A	A0A843TAS5	40.3	114	2	115	3	112	6.023e-10	426	1	0.9661	0.8444	
job_A	A0A7C3X7I4	42.7	110	5	114	1	110	1.592e-09	425	1	0.9322	0.8943	
job_A	A0A7C7KQF6	44.2	113	1	113	1	111	5.688e-10	425	1	0.9576	0.876	
job_A	A0A7C4G088	36.1	119	1	117	1	117	3.211e-10	425	1	1.0085	0.9015	
job_A	A0A6P0MLT0	38	113	2	112	3	114	6.023e-10	425	1	0.9576	0.7338	
job_A	A0A9D5KBE0	32.1	115	1	115	54	164	6.023e-10	425	1	0.9746	0.6886	
job_A	A0A917KBM4	41	112	5	116	1	112	1.267e-09	424	1	0.9492	0.8	
job_A	A0A975EKR1	33	115	2	116	12	122	1.008e-09	423	1	0.9746	0.9274	
job_A	A0A2M7XEQ0	41.8	117	5	118	1	113	4.525e-10	423	1	0.9915	0.9435	
job_A	A0A7C5UIX6	35.6	115	1	114	2	111	1.267e-09	423	1	0.9746	0.9055	
job_A	A0A6I3IIF2	44.2	113	5	116	1	113	1.341e-09	423	1	0.9576	0.8129	
job_A	A0A7V1EH44	25.4	118	1	115	42	159	1.686e-09	423	1	1.0	0.7421	
job_A	A0A2S8WML0	32.4	114	5	118	1	114	1.89e-09	422	1	0.9661	0.8444	
job_A	A0A939WKR8	51.9	104	11	114	1	104	1.89e-09	421	1	0.8814	0.8966	
job_A	B8IZG2	37.7	114	3	115	2	115	1.89e-09	421	1	0.9661	0.8085	
job_A	A0A2P1PQP6	39.4	114	3	114	2	115	5.372e-10	421	1	0.9661	0.7808	
job_A	A0A2G6DUA4	42.3	111	5	114	1	111	1.42e-09	421	1	0.9407	0.75	
job_A	B2HPX5	38.4	117	1	114	2	117	4.274e-10	421	1	0.9915	0.7222	
job_A	A0A974YEU8	37.5	112	3	114	2	113	1.504e-09	420	1	0.9492	0.7417	
job_A	A0A1Q4R5C6	35.6	115	1	113	2	116	6.377e-10	420	1	0.9746	0.7419	
job_A	A0A7Y2G3H6	39.4	114	3	116	2	111	1.13e-09	419	1	0.9661	0.9048	
job_A	A0A5R9G688	35	114	1	114	1	114	1.42e-09	419	1	0.9661	0.8382	
job_A	A0A1G1DH05	46.6	103	13	115	1	103	1.13e-09	418	1	0.8729	0.9904	
job_A	A0A2D6ZY61	33.3	108	1	108	1	106	2.001e-09	418	1	0.9153	0.9908	
job_A	A0AAE3HJ88	31.8	116	1	116	4	115	1.592e-09	418	1	0.9831	0.9508	
job_A	A0A7Y4WIX9	31.8	116	1	116	1	112	1.89e-09	417	1	0.9831	0.8923	
job_A	A0A4S4BPA3	35.9	114	1	114	1	114	1.785e-09	417	1	0.9661	0.8143	
job_A	A0A9E6R4U3	38.3	112	3	114	2	113	2.376e-09	417	1	0.9492	0.7619	
job_A	A0A351AF89	29.3	116	1	116	2	111	8.016e-10	416	1	0.9831	0.9667	
job_A	A0A6I7PYT5	44.7	114	9	118	4	117	4.791e-10	416	1	0.9661	0.9344	
job_A	A0A8S8XSL9	39	110	1	109	3	112	1.067e-09	416	1	0.9322	0.8661	
job_A	A0A1M6NCU1	37	116	1	115	23	133	2.119e-09	416	1	0.9831	0.7945	
job_A	A0A6M0FD74	33.9	115	1	113	2	116	8.488e-10	416	1	0.9746	0.7372	
job_A	A0A1G1HLN3	40	110	5	114	1	110	2.664e-09	415	1	0.9322	0.9483	
job_A	A0A4U8TIX4	34.3	128	1	115	1	126	1.008e-09	415	1	1.0847	0.9846	
job_A	A0A1V5KZ57	33.8	121	1	118	1	121	1.42e-09	414	1	1.0254	0.9918	
job_A	A0A2M9LDW1	36.3	121	1	118	1	121	1.686e-09	414	1	1.0254	0.968	
job_A	A0A843JPN2	41.9	112	5	116	1	108	1.785e-09	413	1	0.9492	1.0	
job_A	A0A938J754	33.3	117	1	117	1	117	2.244e-09	413	1	0.9915	0.8931	
job_A	A0A1Y0H1Z5	35.5	107	1	107	2	102	1.13e-09	412	1	0.9068	0.9068	
job_A	A0AA35RRQ6	36.2	113	3	115	2	110	2.119e-09	412	1	0.9576	0.904	
job_A	A0A934RRZ2	29.8	114	1	114	1	109	2.516e-09	412	1	0.9661	0.8906	
job_A	A0A352W1V2	33.3	114	1	114	1	114	2.987e-09	411	1	0.9661	0.9661	
job_A	M1WT79	37.3	107	8	114	2	108	2.664e-09	411	1	0.9068	0.8843	
job_A	A0A1I6NSD9	31.5	114	1	114	1	113	1.504e-09	411	1	0.9661	0.8976	
job_A	A0A969JK96	31.8	113	3	115	2	110	2.244e-09	411	1	0.9576	0.8561	
job_A	A0A6P0X207	34.1	117	1	115	2	118	2.664e-09	411	1	0.9915	0.8797	
job_A	A0A948SQQ3	39.2	112	5	116	1	112	2.244e-09	410	1	0.9492	0.875	
job_A	A0A8T3RS54	32.7	113	3	115	2	110	2.119e-09	410	1	0.9576	0.8433	
job_A	A0A350M1E9	36.4	107	1	107	1	107	2.821e-09	409	1	0.9068	0.9907	
job_A	A0A946TX58	36.4	118	3	117	2	115	6.377e-10	409	1	1.0	1.0261	
job_A	A5YSZ1	34.1	123	1	118	2	118	5.073e-10	409	1	1.0424	1.0336	
job_A	J2ZMY5	39	110	5	114	1	110	1.89e-09	409	1	0.9322	0.873	
job_A	A0A1C3RF24	38.9	113	3	115	2	114	4.457e-09	408	1	0.9576	0.6313	
job_A	A0A6L6VFG8	32.7	119	3	118	2	120	1.42e-09	407	1	1.0085	0.9754	
job_A	A0A847B0I0	36.5	123	1	117	1	118	8.488e-10	406	1	1.0424	1.0082	
job_A	A0A7W2AH88	34.7	121	1	118	1	121	1.42e-09	406	1	1.0254	0.8963	
job_A	A0A7V3AG74	34.7	121	1	118	1	120	2.244e-09	405	1	1.0254	0.9918	
job_A	A0A2V5YTI1	40.1	102	1	102	1	102	1.89e-09	404	1	0.8644	0.9808	
job_A	A0A2V7XY49	24.5	114	1	114	1	107	5.602e-09	403	1	0.9661	1.027	
job_A	A0A327SWE7	25.4	114	1	114	1	114	5.602e-09	403	1	0.9661	0.3642	
job_A	A0A933WRI8	41.5	101	1	101	1	101	3.162e-09	402	1	0.8559	1.0	
job_A	A0A2R6T866	30	113	3	115	2	110	3.162e-09	402	1	0.9576	1.0	
job_A	A0A660SI28	30.4	115	1	115	1	114	3.546e-09	400	1	0.9746	0.9914	
job_A	A0A212KLL9	38.1	118	1	115	32	146	1.504e-09	400	1	1.0	0.6821	
job_A	A0A117LBH8	49.4	91	1	91	2	92	2.987e-09	399	1	0.7712	0.9891	
job_A	A0A2E4RJ95	41.8	110	7	114	2	111	3.546e-09	399	1	0.9322	0.9565	
job_A	A0A2M8BAC8	25.4	114	3	114	2	115	2.664e-09	399	1	0.9661	0.755	
job_A	A0A2S2DS19	48.5	105	11	115	2	106	3.975e-09	398	1	0.8898	0.9906	
job_A	A0A1F9XCE1	35.3	113	3	115	2	110	4.997e-09	398	1	0.9576	1.0	
job_A	A0A917I5F2	36.7	117	1	116	1	110	1.592e-09	398	1	0.9915	0.907	
job_A	A0A353BBM3	50.5	91	1	91	1	91	3.162e-09	397	1	0.7712	1.0	
job_A	A0A359G521	46.2	93	1	93	3	95	2.987e-09	397	1	0.7881	0.9789	
job_A	A0A7V2V0E7	29.6	118	1	115	1	111	3.754e-09	396	1	1.0	1.0085	
job_A	A0A831WXD7	37.3	115	1	115	10	119	4.997e-09	396	1	0.9746	0.8712	
job_A	A0A7Y1UHI7	24.5	118	1	118	1	114	7.457e-09	392	1	1.0	1.0261	
job_A	A0A660ZSU4	28.4	116	2	116	166	277	9.925e-09	392	1	0.9831	0.4014	
job_A	A0A1G2DY75	30.2	109	1	109	1	105	9.373e-09	389	1	0.9237	0.9646	
job_A	A0A389M220	36.6	120	1	114	4	119	2.987e-09	389	1	1.0169	0.7362	
job_A	A0A315EME4	44.4	117	10	118	2	117	2.376e-09	387	1	0.9915	0.9	
job_A	A0A6A8QMG4	40.7	108	7	114	2	109	1.051e-08	387	1	0.9153	0.7013	
job_A	A0A1X6P9R9	33	115	1	114	318	426	3.349e-09	387	1	0.9746	0.2511	
job_A	A0A971GZQ6	43.1	95	1	95	1	95	9.373e-09	385	1	0.8051	0.9406	
job_A	A0A7J4USM7	36.8	122	3	114	2	121	7.042e-09	385	1	1.0339	0.9242	
job_A	A0A939HR71	33.3	117	1	115	2	116	5.291e-09	385	1	0.9915	0.7697	
job_A	A0A8T4S8P2	31.1	122	1	117	1	116	1.504e-09	383	1	1.0339	1.0517	
job_A	A0A371QWI8	35.3	113	3	115	2	109	8.852e-09	382	1	0.9576	0.9658	
job_A	A0A961GKB1	41	95	1	95	1	93	9.373e-09	381	1	0.8051	1.0106	
job_A	W5Y3N3	34.8	112	3	114	2	107	1.178e-08	381	1	0.9492	0.855	
job_A	A0AAE9Z3B5	33	115	1	113	2	114	5.602e-09	381	1	0.9746	0.7278	
job_A	A0A1M6VPA3	38.3	112	5	116	2	111	9.925e-09	380	1	0.9492	0.9412	
job_A	A0A4U3KXX0	29.7	121	1	118	1	120	5.932e-09	380	1	1.0254	1.0	
job_A	A0A2G9ZB13	36.1	108	1	108	2	103	1.321e-08	379	1	0.9153	1.0485	
job_A	A0A2P9AGB9	45.8	96	3	98	2	97	1.113e-08	379	1	0.8136	0.7742	
job_A	A0A502GCH1	34.4	119	1	114	5	120	6.651e-09	379	1	1.0085	0.7677	
job_A	A0A537FM12	51	98	18	115	1	98	5.602e-09	377	1	0.8305	0.8596	
job_A	A0A9D9KYD2	43.6	110	12	118	1	110	4.997e-09	377	1	0.9322	0.8943	
job_A	A0A7Y7CN84	41	112	7	115	2	110	5.602e-09	376	1	0.9492	0.8	
job_A	A0A3A4ZHS3	31	116	3	116	453	563	1.758e-08	374	1	0.9831	0.2024	
job_A	A0A7C4YR40	30.1	116	1	115	1	116	3.115e-08	371	1	0.9831	0.9062	
job_A	A0A7Z1TT40	21	114	1	114	2	115	1.481e-08	369	1	0.9661	0.8571	
job_A	A0A937IL27	25.8	116	1	115	2	111	1.758e-08	366	1	0.9831	0.9915	
job_A	G7VEE1	35.8	117	3	117	27	139	7.896e-09	366	1	0.9915	0.8298	
job_A	A0A1G8EZX4	25.2	111	1	111	3	113	4.146e-08	361	1	0.9407	0.9328	
job_A	A0A258FBX6	55.5	99	1	89	1	99	4.209e-09	359	1	0.839	1.0	
job_A	X1HSN6	44.6	103	13	115	1	103	4.922e-08	359	1	0.8729	0.9717	
job_A	A0A1E4JK61	43.8	121	1	118	1	103	2.244e-09	359	1	1.0254	1.1204	
job_A	G8SAU3	49.5	101	15	115	1	101	3.698e-08	357	1	0.8559	0.7891	
job_A	A0AAE0RZH4	39.7	88	3	90	5	92	5.518e-08	351	1	0.7458	0.2635	
job_A	A0A2W5TS02	28.3	113	5	115	1	110	3.298e-08	350	1	0.9576	0.9912	
job_A	A0A7X7GE77	32.7	113	3	114	2	107	3.492e-08	348	1	0.9576	0.9339	
job_A	A0A2E7MXB7	29.5	115	3	114	2	107	3.915e-08	345	1	0.9746	1.0177	
job_A	A0A7X9FSH7	21.3	117	1	115	3	118	9.232e-08	345	1	0.9915	0.8603	
job_A	A0A9N8HYZ6	34.2	108	1	107	1	107	4.39e-08	344	1	0.9153	0.5	
job_A	A0A251XP31	47.1	89	1	89	1	83	3.298e-08	340	1	0.7542	1.0595	
job_A	A0A2N2BW33	37.1	121	1	118	1	106	3.915e-08	339	1	1.0254	1.0804	
job_A	A0A1V6B5S1	42	100	13	112	1	100	1.16e-07	338	1	0.8475	0.9615	
job_A	A0A9D2AX88	44.4	108	14	118	1	108	6.936e-08	338	1	0.9153	0.9908	
job_A	A0A950ZEB2	20.6	121	1	118	1	111	3.115e-08	338	1	1.0254	1.0708	
job_A	A0A965CE52	51	100	22	118	1	100	4.922e-08	336	1	0.8475	0.9524	
job_A	A0A959TJE5	52.6	95	15	109	1	95	1.096e-07	335	1	0.8051	0.9223	
job_A	A0A512D522	45.3	108	15	118	1	107	5.518e-08	335	1	0.9153	0.72	
job_A	A0A3E0NDN9	31.1	122	1	115	11	120	8.719e-08	334	1	1.0339	0.8714	
job_A	A0A9N8DZ52	35.1	108	1	107	1	107	9.775e-08	332	1	0.9153	0.3649	
job_A	A0A3M1SAZ3	41.4	94	22	115	4	97	2.584e-07	327	1	0.7966	0.9691	
job_A	A0A833KZW1	33	103	13	115	2	102	2.177e-07	327	1	0.8729	1.0	
job_A	A0A1H8SGK4	28.5	105	3	107	2	106	2.897e-07	327	1	0.8898	0.9375	
job_A	A0A9E4H8I9	30.9	113	3	115	1	108	1.545e-07	326	1	0.9576	0.9339	
job_A	A0A6B3N2X4	46.9	83	5	87	6	88	3.068e-07	323	1	0.7034	0.9326	
job_A	A0A9E5QSF6	36.7	117	5	118	1	111	7.344e-08	323	1	0.9915	1.0446	
job_A	A0A5Q3L567	31.3	115	3	116	2	110	1.229e-07	323	1	0.9746	0.9914	
job_A	A0A953BDI4	43.3	106	14	116	3	108	1.635e-07	322	1	0.8983	0.8217	
job_A	A0A2N9VT76	38.8	103	13	115	1	103	4.578e-07	322	1	0.8729	0.7464	
job_A	A0A355E4F1	25.6	117	4	115	4	119	2.897e-07	320	1	0.9915	0.9213	
job_A	A0A537KC32	42.4	99	15	113	2	100	4.323e-07	319	1	0.839	0.9802	
job_A	A0A382C2T8	41.8	98	17	114	1	98	2.736e-07	319	1	0.8305	0.8991	
job_A	X5ZUW8	43.8	89	3	89	2	90	2.736e-07	318	1	0.7542	0.9889	
job_A	A0A7X9CCH9	42.4	106	15	117	1	106	2.897e-07	318	1	0.8983	0.8346	
job_A	A0ABD5DG65	90.9	77	1	77	1	77	1.16e-07	317	1	0.6525	1.0	
job_A	G2FK10	42.5	101	15	115	1	101	5.754e-07	316	1	0.8559	0.8938	
job_A	A0A354FBL7	39.4	104	15	118	2	105	5.435e-07	315	1	0.8814	0.9123	
job_A	A0A9E2LPF8	43.2	97	23	118	1	97	6.093e-07	312	1	0.822	1.0	
job_A	A0A3D9SMZ6	43.4	99	15	113	1	99	7.659e-07	312	1	0.839	0.8761	
job_A	A0A838HPC6	39	105	14	118	1	105	7.233e-07	311	1	0.8898	0.9459	
job_A	A0A4V1SKP4	49.4	93	23	115	51	143	7.233e-07	307	1	0.7881	0.6503	
job_A	A0A3D3FEI4	43.5	101	16	116	1	101	5.754e-07	305	1	0.8559	0.9528	
job_A	A0A4Q3CWU5	41.7	91	22	112	1	91	1.019e-06	303	1	0.7712	0.9785	
job_A	A0AAP2DSP8	45.7	94	5	97	5	95	4.323e-07	303	1	0.7966	0.9691	
job_A	A0A947IUD5	41.9	93	23	115	1	93	1.357e-06	303	1	0.7881	0.9208	
job_A	A0A328TRI2	65	80	20	99	1	80	5.754e-07	300	1	0.678	0.9877	
job_A	A0A348ZKH7	44.2	95	20	114	1	95	1.21e-06	298	1	0.8051	0.8333	
job_A	A0A9X2E0X7	38.1	97	24	117	2	98	7.659e-07	298	1	0.822	0.8017	
job_A	A0A1R0KFQ7	22	109	2	107	126	229	4.578e-07	298	1	0.9237	0.4619	
job_A	J9R8L9	41.3	87	23	109	1	87	1.706e-06	297	1	0.7373	0.9255	
job_A	A0A535CBE3	44.6	103	17	116	1	103	5.754e-07	297	1	0.8729	0.8175	
job_A	M3IDC8	45.8	85	7	87	2	86	9.092e-07	295	1	0.7203	0.977	
job_A	A0AA96Y9C8	22.6	119	2	115	160	270	9.092e-07	294	1	1.0085	0.4312	
job_A	A0A2V5V3P5	44	93	22	114	5	97	3.021e-06	291	1	0.7881	0.8158	
job_A	A0A847VWB6	22.4	116	2	115	161	268	1.611e-06	290	1	0.9831	0.428	
job_A	A0A5R2N031	49.3	83	3	85	2	84	2.144e-06	288	1	0.7034	0.9765	
job_A	A0A6N2UY69	32.6	101	15	115	2	98	2.144e-06	286	1	0.8559	1.0202	
job_A	X0SHK5	53	81	5	85	5	85	3.587e-06	285	1	0.6864	0.9419	
job_A	A0A1V3RR42	42.6	89	27	115	2	90	2.404e-06	283	1	0.7542	0.9889	
job_A	A0A9D7LD94	18.6	123	1	118	7	126	1.437e-06	283	1	1.0424	0.7593	
job_A	U5C5F7	44	100	16	115	1	100	1.521e-06	282	1	0.8475	1.0	
job_A	A0A380FKC6	43.1	102	20	118	1	102	1.611e-06	279	1	0.8644	0.9358	
job_A	A0A0K2RLG3	47.8	94	1	94	1	89	9.628e-07	275	1	0.7966	1.0217	
job_A	A0A4Q3TUH4	60.2	83	1	83	1	83	7.544e-06	270	1	0.7034	1.0	
job_A	Q21QU6	45.6	92	1	91	1	86	3.199e-06	268	1	0.7797	1.0222	
job_A	A0A3D5NJT8	56	82	1	82	1	82	9.482e-06	264	1	0.6949	1.0	
job_A	A0A535E255	22.9	109	2	107	164	267	5.668e-06	264	1	0.9237	0.3964	
job_A	A0A7J4VAU6	50	84	1	84	1	84	1.68e-05	259	1	0.7119	0.9882	
job_A	A0A1G3BSJ9	43	79	7	85	1	79	2.507e-05	257	1	0.6695	0.9875	
job_A	A0A9D8HKM7	30.3	102	20	118	1	102	1.68e-05	247	1	0.8644	0.9444	
job_A	A0A6B2YMM0	22.6	119	1	117	163	273	2.507e-05	247	1	1.0085	0.4359	
job_A	A0A7V4HIS7	34.9	103	1	88	1	103	8.458e-06	246	1	0.8729	0.9537	
job_A	A0A352CCF7	46	89	31	118	1	89	3.741e-05	244	1	0.7542	1.0	
job_A	A0A259GRH8	52.1	115	1	115	1	100	9.628e-07	242	1	0.9746	1.036	
job_A	A0A510Y851	30.3	102	20	118	1	100	1.994e-05	235	1	0.8644	0.9533	
job_A	A0A660VIN1	43	79	5	83	1	79	0.0001047	232	1	0.6695	1.0	
job_A	A0A970CIU2	51.2	82	1	82	1	82	8.82e-05	231	1	0.6949	1.0	
job_A	A0A6P0N529	28.4	102	14	115	5	100	3.961e-05	231	1	0.8644	0.9903	
job_A	A0A3D5S1H9	43.6	87	29	115	1	87	8.82e-05	228	1	0.7373	0.9886	
job_A	A0A7R8WSY0	30.7	127	4	104	77	199	5.668e-06	227	1	1.0763	0.2566	
job_A	A0A853KAJ9	29.5	98	24	118	2	99	8.33e-05	223	1	0.8305	0.8991	
job_A	A0A1Q7WAW2	51.9	77	1	77	1	77	0.0001109	220	1	0.6525	1.0	
job_A	A0A1V5CX11	42.3	85	34	118	2	86	0.0001174	219	1	0.7203	0.8854	
job_A	A0A2M8PJP7	37.2	94	25	115	3	95	0.0001752	217	1	0.7966	0.7769	
job_A	A0A6M0AXB9	48.1	79	1	79	1	79	0.0001964	215	1	0.6695	1.0	
job_A	A0A238DJU6	34.1	117	5	118	56	162	1.192e-05	209	1	0.9915	0.5939	
job_A	A0A965FY46	39.7	83	35	116	3	85	0.0002768	207	1	0.7034	0.8218	
job_A	A0A533XLQ9	38.5	83	33	115	1	83	0.0003901	205	1	0.7034	0.9881	
job_A	A0A3L7PZ50	43.4	76	5	80	5	80	0.0006911	203	1	0.6441	0.9383	
job_A	A0A8J4H4K3	14.5	96	12	102	3	93	0.001373	169	1	0.8136	0.7007	
job_A	A0A952ZZ66	16.4	97	19	115	10	104	0.003842	168	1	0.822	0.6783	
job_A	A0A7S0C022	20	115	2	107	40	148	0.0006527	168	1	0.9746	0.5583	
job_A	A0A7C1E0J6	14.5	96	7	99	2	92	0.002048	147	1	0.8136	0.7111	
job_A	A0A819KD03	17	82	11	89	18	99	0.01277	145	1	0.6949	0.5616	
job_A	A0A842I546	21.4	84	12	89	58	141	0.005415	136	1	0.7119	0.5283	
job_A	A0A813VBN0	14.7	88	11	95	18	102	0.00483	136	1	0.7458	0.5333	
job_A	A0AAE2XX56	17.2	81	14	91	485	563	0.01799	134	1	0.6864	0.0911	
job_A	A0A815WHS4	16.8	77	13	87	27	103	0.03784	127	1	0.6525	0.6111	
job_A	A0A9E7JUY5	11.8	110	11	104	73	179	0.01905	114	1	0.9322	0.1897	
job_A	A0A842SVQ8	12.3	105	1	103	1	98	0.02536	113	1	0.8898	0.146	
job_A	A0A842VBW1	12.1	82	8	85	65	143	0.04493	111	1	0.6949	0.1454	
job_A	A0A842R4V0	11.3	79	12	86	195	273	0.05037	108	1	0.6695	0.1113	
job_A	A0A497PEI2	13.6	88	11	95	464	547	0.09448	108	1	0.7458	0.1011	
job_A	A0AA36N852	7	100	3	99	2	91	0.05647	103	1	0.8475	0.8621	
job_A	X1IBF2	15.2	85	8	86	71	149	0.07959	102	1	0.7203	0.368	
job_A	A0A0F9H972	13.5	81	8	86	149	227	0.2228	100	1	0.6864	0.125	
job_A	A0AAD4LTH5	6.3	95	2	89	266	357	0.08427	98	0.999	0.8051	0.0863	
job_A	A0A841HX17	16.3	92	6	91	180	264	0.04757	97	0.999	0.7797	0.342	
job_A	A0A812V984	10.8	92	14	101	32	117	0.1332	97	0.999	0.7797	0.1603	
job_A	A0A316UPT5	8.5	82	18	90	181	262	0.1059	97	0.999	0.6949	0.0711	
job_A	L8HFS5	7.6	92	4	89	389	479	0.1	95	0.998	0.7797	0.0767	
job_A	A0A524DPD2	14.7	88	2	86	3	81	0.04757	94	0.998	0.7458	0.2061	
job_A	E0VNU9	15.2	85	11	86	53	137	0.1877	87	0.994	0.7203	0.5944	
job_A	X1G7I9	8.5	94	2	94	335	419	0.2645	81	0.986	0.7966	0.1958	
job_A	A0A0E9NJQ8	11.3	106	6	102	231	333	0.2359	73	0.956	0.8983	0.0959	
job_A	A0A1S3TQZ8	11.5	113	1	113	35	134	0.2104	57	0.692	0.9576	0.143	
