rank	query	target	prob	evalue	bits	fident	alnlen	qcov	tcov	alntmscore
1	job_A	A0A376ZNN1	1	1.046e-19	831	1	118	1	0.6344	NA
2	job_A	G5S6F5	1	2.766e-19	816	0.957	118	1	0.7815	NA
3	job_A	A0A2S9UED0	1	1.826e-18	784	0.872	118	1	0.9365	NA
4	job_A	A0A5U3NPZ0	1	7.202e-18	757	0.954	109	0.9237	1	NA
5	job_A	A0A366I841	1	1.075e-17	754	0.813	118	1	0.9365	NA
6	job_A	A0A380QNF7	1	1.331e-16	714	0.788	118	1	0.7662	NA
7	job_A	E9CLG3	1	2.643e-16	701	0.762	118	1	0.831	NA
8	job_A	A0AAV3M5X5	1	8.294e-16	658	0.669	121	1.025	0.8345	NA
9	job_A	A0A939NK16	1	1.647e-15	653	0.767	116	0.9831	0.8056	NA
10	job_A	A0A7R9LA66	1	5.17e-15	641	0.547	117	0.9915	0.8731	NA
11	job_A	A0A4R0FK03	1	9.159e-15	629	0.559	118	1	0.9365	NA
12	job_A	A0A9D7MZZ1	1	1.622e-14	627	0.578	114	0.9661	0.8702	NA
13	job_A	A0A2Z6IJ20	1	1.219e-14	625	0.521	115	0.9746	0.9055	NA
14	job_A	A0A385ESN2	1	1.219e-14	624	0.567	118	1	0.9365	NA
15	job_A	A0A970S7P9	1	1.447e-14	622	0.567	118	1	0.9365	NA
16	job_A	A0AAN4MF58	1	1.532e-14	620	0.559	118	1	0.9365	NA
17	job_A	N8WBL4	1	2.421e-14	613	0.567	118	1	0.9365	NA
18	job_A	A0AAE6WUI5	1	2.564e-14	610	0.559	118	1	0.9365	NA
19	job_A	A0A9X1WYV8	1	3.412e-14	608	0.567	118	1	0.9365	NA
20	job_A	A0A3E1D919	1	1.087e-14	607	0.578	121	1.025	0.8121	NA
21	job_A	A0A145X5I0	1	3.826e-14	605	0.559	118	1	0.9365	NA
22	job_A	A0A9D7KDB0	1	1.151e-14	605	0.57	121	1.025	0.7423	NA
23	job_A	A0A520S9G7	1	8.046e-14	601	0.539	115	0.9746	0.8647	NA
24	job_A	A0A537E5G1	1	7.598e-14	600	0.504	115	0.9746	0.8779	NA
25	job_A	A0A2V5NXA9	1	8.046e-14	598	0.513	115	0.9746	0.8779	NA
26	job_A	A0A537H0G7	1	8.046e-14	598	0.504	115	0.9746	0.8712	NA
27	job_A	A0A537FB65	1	8.046e-14	598	0.495	115	0.9746	0.8712	NA
28	job_A	A0A1Q7SQP4	1	7.598e-14	598	0.504	115	0.9746	0.8712	NA
29	job_A	A0A537H879	1	8.046e-14	597	0.513	115	0.9746	0.8779	NA
30	job_A	A0A062UCB9	1	4.809e-14	597	0.559	118	1	0.8741	NA
31	job_A	A0A377WCL7	1	3.043e-14	596	0.85	100	0.8475	0.9709	NA
32	job_A	A0A1Q7IDQ2	1	9.02e-14	596	0.513	115	0.9746	0.8779	NA
33	job_A	A0A537FS56	1	8.046e-14	596	0.513	115	0.9746	0.8779	NA
34	job_A	A0A537FXW5	1	1.071e-13	595	0.504	115	0.9746	0.8779	NA
35	job_A	A0A060GY28	1	7.598e-14	595	0.539	115	0.9746	0.8099	NA
36	job_A	A0A2G2LX95	1	1.926e-14	594	0.528	121	1.025	0.9603	NA
37	job_A	A0A7Y4UKY9	1	1.622e-14	594	0.553	121	1.025	0.9603	NA
38	job_A	A0A537GAP5	1	1.011e-13	593	0.486	115	0.9746	0.8712	NA
39	job_A	A0A537DUH3	1	1.134e-13	593	0.478	115	0.9746	0.8712	NA
40	job_A	A0A7W2GG94	1	8.046e-14	592	0.482	114	0.9661	0.8837	NA
41	job_A	A0A537DHD8	1	1.134e-13	592	0.504	115	0.9746	0.8712	NA
42	job_A	A0A2N7VCF4	1	5.709e-14	591	0.586	116	0.9831	0.9062	NA
43	job_A	A0A318SFA4	1	8.519e-14	591	0.539	115	0.9746	0.8915	NA
44	job_A	A0A537HBK2	1	1.201e-13	591	0.504	115	0.9746	0.8712	NA
45	job_A	A0A1Q7BBI6	1	1.346e-13	590	0.504	115	0.9746	0.8779	NA
46	job_A	A0A1Q7QV33	1	1.425e-13	590	0.504	115	0.9746	0.8779	NA
47	job_A	A0A1F3C3U0	1	9.551e-14	589	0.526	114	0.9661	0.8702	NA
48	job_A	A0A1Q6Z855	1	9.551e-14	589	0.5	118	1	0.9008	NA
49	job_A	A0A537CBD2	1	1.425e-13	588	0.495	115	0.9746	0.8712	NA
50	job_A	A0A537FFL9	1	1.509e-13	588	0.495	115	0.9746	0.8712	NA
51	job_A	A0A2E0TA27	1	2.009e-13	588	0.57	114	0.9661	0.7862	NA
52	job_A	A0A1Q7ZRG3	1	1.692e-13	587	0.504	115	0.9746	0.8779	NA
53	job_A	A0A4Y6PTL4	1	1.011e-13	586	0.516	118	1	0.8741	NA
54	job_A	A0AA39CK22	1	3.043e-14	586	0.495	121	1.025	0.1971	NA
55	job_A	A0A1Q7P511	1	1.897e-13	584	0.478	115	0.9746	0.8712	NA
56	job_A	A0A972J6F3	1	1.346e-13	583	0.508	118	1	0.8939	NA
57	job_A	A0A1B4PUF7	1	1.134e-13	582	0.577	116	0.9831	0.9062	NA
58	job_A	A0A929HJY0	1	1.509e-13	582	0.504	115	0.9746	0.8779	NA
59	job_A	A0A1L3MJD6	1	1.792e-13	582	0.53	115	0.9746	0.7877	NA
60	job_A	A0A3M3EW83	1	4.809e-14	582	0.52	121	1.025	0.8067	NA
61	job_A	A0A7C1XEQ1	1	4.051e-14	580	0.52	121	1.025	0.9603	NA
62	job_A	A0A4P2QHI4	1	1.425e-13	580	0.533	118	1	0.1728	NA
63	job_A	A0A2E9SLD8	1	4.542e-14	579	0.487	121	1.025	0.9603	NA
64	job_A	A0A5Q2Q6U2	1	1.425e-13	579	0.547	115	0.9746	0.8915	NA
65	job_A	A0A1Q7MNQ7	1	2.674e-13	579	0.478	115	0.9746	0.8712	NA
66	job_A	A0A0J5ZEC8	1	1.425e-13	578	0.551	116	0.9831	0.9062	NA
67	job_A	A0A537EAJ2	1	2.674e-13	578	0.486	115	0.9746	0.8712	NA
68	job_A	A0A7V4UVV9	1	1.509e-13	578	0.5	118	1	0.8806	NA
69	job_A	A0A537EST4	1	2.385e-13	578	0.504	115	0.9746	0.213	NA
70	job_A	A0A3N6NI46	1	1.792e-13	577	0.568	116	0.9831	0.9062	NA
71	job_A	A0A937CGR1	1	1.792e-13	577	0.47	119	1.008	0.7933	NA
72	job_A	A0A537DMS7	1	3.174e-13	576	0.469	115	0.9746	0.8712	NA
73	job_A	A0A2H9SED5	1	2.252e-13	576	0.466	118	1	0.8872	NA
74	job_A	A0A1E3RTK4	1	2.831e-13	575	0.508	114	0.9661	0.8444	NA
75	job_A	A0A2E5YLE5	1	2.674e-13	574	0.483	118	1	1	NA
76	job_A	A0A1J5IN43	1	3.361e-13	574	0.535	114	0.9661	0.8702	NA
77	job_A	A0A2G3K0C0	1	6.401e-14	573	0.545	121	1.025	0.9603	NA
78	job_A	A0A951AUW2	1	3.174e-13	572	0.482	114	0.9661	0.8201	NA
79	job_A	A0A7G9L2X8	1	3.361e-13	571	0.526	114	0.9661	0.8321	NA
80	job_A	A0A0H5BBM8	1	3.558e-13	570	0.517	114	0.9661	0.8507	NA
81	job_A	A0A956GPI9	1	3.558e-13	570	0.526	114	0.9661	0.8382	NA
82	job_A	A0AAU3FUI2	1	3.558e-13	570	0.526	114	0.9661	0.8085	NA
83	job_A	X7ZVG2	1	3.174e-13	570	0.5	114	0.9661	0.6477	NA
84	job_A	A0A1Y5Q0Y3	1	8.519e-14	569	0.528	121	1.025	0.8067	NA
85	job_A	A0A562DMF6	1	1.271e-13	569	0.508	120	1.017	0.7407	NA
86	job_A	A6SUW8	1	2.252e-13	568	0.535	114	0.9661	0.958	NA
87	job_A	A0A9W3JZ81	1	2.674e-13	568	0.56	116	0.9831	0.9062	NA
88	job_A	A0A1F1TTG7	1	3.768e-13	568	0.517	114	0.9661	0.7862	NA
89	job_A	A0A0E4H235	1	3.768e-13	568	0.508	114	0.9661	0.755	NA
90	job_A	A0A7Y8GW29	1	8.046e-14	567	0.495	121	1.025	0.8768	NA
91	job_A	A0A518CPW6	1	2.525e-13	567	0.47	117	0.9915	0.8125	NA
92	job_A	A0A2W2EYS6	1	4.224e-13	567	0.513	115	0.9746	0.7372	NA
93	job_A	A0A537HXX3	1	4.736e-13	566	0.47	117	0.9915	0.8931	NA
94	job_A	A0A2D9XUH0	1	3.174e-13	566	0.469	115	0.9746	0.8647	NA
95	job_A	A0A7Y9E157	1	3.99e-13	566	0.482	114	0.9661	0.7917	NA
96	job_A	E8UZY0	1	5.015e-13	565	0.47	117	0.9915	0.8357	NA
97	job_A	A0A845FYT2	1	1.897e-13	565	0.584	118	1	0.831	NA
98	job_A	A0A6H1W2X4	1	4.473e-13	564	0.5	114	0.9661	0.8321	NA
99	job_A	A0A3B0WVW7	1	1.509e-13	564	0.52	121	1.025	0.8705	NA
100	job_A	U2PT98	1	5.623e-13	564	0.543	114	0.9661	0.7081	NA
101	job_A	A0A5C1ANS6	1	5.015e-13	563	0.469	115	0.9746	0.7667	NA
102	job_A	A0A9P6PBL1	1	1.425e-13	562	0.508	122	1.034	0.7974	NA
103	job_A	A0A1W1DU36	1	2.998e-13	561	0.5	118	1	0.9672	NA
104	job_A	A0A2U1C6Y1	1	1.271e-13	561	0.52	121	1.025	0.8705	NA
105	job_A	A0A354R7E5	1	5.623e-13	560	0.49	108	0.9153	1	NA
106	job_A	A0A380WAE4	1	7.924e-13	560	0.452	117	0.9915	0.8931	NA
107	job_A	A0A7C4STN4	1	3.361e-13	560	0.504	121	1.025	0.9098	NA
108	job_A	C3XBD9	1	4.736e-13	560	0.535	114	0.9661	0.8382	NA
109	job_A	J6IZ40	1	6.304e-13	560	0.491	114	0.9661	0.6477	NA
110	job_A	A0A1H3GIF9	1	5.623e-13	560	0.5	114	0.9661	0.6064	NA
111	job_A	A0A917JY36	1	6.304e-13	559	0.478	115	0.9746	0.8846	NA
112	job_A	D4XAJ7	1	5.31e-13	559	0.556	115	0.9746	0.8099	NA
113	job_A	E0N8L5	1	6.675e-13	559	0.521	115	0.9746	0.6686	NA
114	job_A	A0A2D5Y189	1	9.407e-13	558	0.504	115	0.9746	0.9746	NA
115	job_A	A0A495HZN3	1	1.598e-13	558	0.52	121	1.025	0.9603	NA
116	job_A	A0A4Q5NR85	1	7.484e-13	558	0.469	113	0.9576	0.876	NA
117	job_A	A0A4R5TWA7	1	6.304e-13	558	0.517	114	0.9661	0.8085	NA
118	job_A	A0A1Y0BY55	1	7.484e-13	558	0.486	115	0.9746	0.7986	NA
119	job_A	A0A7K3LIM3	1	5.015e-13	558	0.517	114	0.9661	0.7917	NA
120	job_A	A0A0A0BMQ5	1	9.961e-13	557	0.5	114	0.9661	0.7917	NA
121	job_A	A0A450ZE47	1	1.598e-13	557	0.495	121	1.025	0.6914	NA
122	job_A	A0A286EHZ7	1	8.884e-13	556	0.486	115	0.9746	0.8915	NA
123	job_A	A0A2E3NF17	1	5.623e-13	556	0.478	115	0.9746	0.8647	NA
124	job_A	A0A6P2CDE7	1	5.954e-13	556	0.486	115	0.9746	0.7566	NA
125	job_A	G0AAT4	1	1.692e-13	556	0.52	121	1.025	0.7707	NA
126	job_A	A0A3A8JLZ9	1	5.31e-13	555	0.457	118	1	0.9077	NA
127	job_A	A0A7C7QZS8	1	7.924e-13	554	0.432	118	1	1	NA
128	job_A	A0A895YBB4	1	9.961e-13	554	0.473	114	0.9661	0.8636	NA
129	job_A	A0A7K0BXZ1	1	7.068e-13	554	0.508	114	0.9661	0.8261	NA
130	job_A	A0A2E3SMX6	1	7.484e-13	553	0.469	115	0.9746	1	NA
131	job_A	A0A357BTC8	1	1.182e-12	553	0.469	115	0.9746	0.8582	NA
132	job_A	A0A7W0HR21	1	2.831e-13	553	0.495	119	1.008	0.875	NA
133	job_A	A0A316ASK6	1	7.484e-13	553	0.478	115	0.9746	0.7143	NA
134	job_A	A0A7Z0K9A5	1	4.224e-13	553	0.495	121	1.025	0.4368	NA
135	job_A	A0A961FD44	1	9.407e-13	552	0.5	114	0.9661	0.9268	NA
136	job_A	A0A8T7KAF8	1	5.954e-13	552	0.474	116	0.9831	0.7342	NA
137	job_A	A0A139D473	1	8.884e-13	551	0.482	114	0.9661	0.8769	NA
138	job_A	A0A9E4MP87	1	1.055e-12	551	0.5	114	0.9661	0.8636	NA
139	job_A	A0A940QIR5	1	1.055e-12	551	0.474	118	1	0.8613	NA
140	job_A	A0A6L4YBF8	1	1.117e-12	551	0.457	118	1	0.8138	NA
141	job_A	A0A0W0VG54	1	8.391e-13	551	0.521	115	0.9746	0.7616	NA
142	job_A	A0A1B1BEP8	1	9.961e-13	551	0.517	114	0.9661	0.6867	NA
143	job_A	A0A1V5QXN3	1	6.675e-13	550	0.5	116	0.9831	0.9431	NA
144	job_A	A0A2D4SRC0	1	1.574e-12	550	0.486	115	0.9746	0.8915	NA
145	job_A	A0A960PLB6	1	8.391e-13	549	0.469	115	0.9746	0.8156	NA
146	job_A	A0AAW8EPG2	1	2.831e-13	548	0.495	121	1.025	0.9603	NA
147	job_A	A0A1F9API6	1	1.404e-12	548	0.432	118	1	0.9147	NA
148	job_A	A0A1Q7A8P0	1	1.404e-12	548	0.434	115	0.9746	0.8647	NA
149	job_A	C6M2F7	1	1.117e-12	548	0.521	115	0.9746	0.7718	NA
150	job_A	A0A4R6VI13	1	1.326e-12	548	0.482	114	0.9661	0.5907	NA
151	job_A	A0A1C4VEB4	1	4.473e-13	548	0.491	120	1.017	0.2752	NA
152	job_A	A0A1M7XY14	1	1.574e-12	547	0.491	114	0.9661	0.8444	NA
153	job_A	A0AB37U538	1	1.404e-12	547	0.526	114	0.9661	0.8201	NA
154	job_A	A0A0W0XH37	1	1.326e-12	547	0.495	115	0.9746	0.7877	NA
155	job_A	A0A923TNC7	1	1.404e-12	547	0.473	114	0.9661	0.7651	NA
156	job_A	A0A2H5B0T4	1	1.574e-12	547	0.5	114	0.9661	0.6951	NA
157	job_A	F8A4S3	1	1.868e-12	547	0.491	114	0.9661	0.5534	NA
158	job_A	A0A510V087	1	1.978e-12	547	0.508	114	0.9661	0.5534	NA
159	job_A	A0A960QEB0	1	1.182e-12	546	0.491	114	0.9661	0.9048	NA
160	job_A	A0AA37UKQ7	1	3.768e-13	546	0.52	121	1.025	0.8897	NA
161	job_A	A0A6L9S2L1	1	1.252e-12	546	0.447	114	0.9661	0.8085	NA
162	job_A	A0A960AEZ3	1	1.667e-12	546	0.491	114	0.9661	0.7037	NA
163	job_A	A0A1G9TMH6	1	1.326e-12	546	0.491	114	0.9661	0.6951	NA
164	job_A	A0A9D9E0L1	1	1.117e-12	545	0.456	116	0.9831	0.9831	NA
165	job_A	A0A4Q2TAS9	1	1.978e-12	545	0.482	114	0.9661	0.8261	NA
166	job_A	A0A4R2JLQ8	1	1.404e-12	545	0.464	114	0.9661	0.6826	NA
167	job_A	A0A0H5CSH0	1	1.182e-12	545	0.482	114	0.9661	0.2714	NA
168	job_A	T0ZHU4	1	8.391e-13	544	0.544	112	0.9492	0.8889	NA
169	job_A	A0A1F9BPQ1	1	8.884e-13	544	0.432	118	1	0.9291	NA
170	job_A	A0A1X7CAT6	1	2.095e-12	544	0.5	114	0.9661	0.76	NA
171	job_A	A0A975MIG1	1	5.954e-13	544	0.471	121	1.025	0.7658	NA
172	job_A	A0A402DR51	1	2.218e-12	544	0.482	114	0.9661	0.6786	NA
173	job_A	A0A1Q8BJ07	1	1.574e-12	543	0.513	111	0.9407	0.9024	NA
174	job_A	A0A2V8T945	1	1.574e-12	543	0.486	115	0.9746	0.8984	NA
175	job_A	A0A538N4S7	1	1.868e-12	543	0.482	114	0.9661	0.76	NA
176	job_A	A0A1G6R1R9	1	2.218e-12	542	0.5	114	0.9661	0.9421	NA
177	job_A	A0A1M3EMY0	1	2.487e-12	542	0.444	117	0.9915	0.936	NA
178	job_A	A0A1G0ZRM3	1	2.788e-12	542	0.417	115	0.9746	0.9127	NA
179	job_A	A0A7V9DVE6	1	2.095e-12	542	0.469	115	0.9746	0.8333	NA
180	job_A	E5AN51	1	4.736e-13	542	0.516	122	1.034	0.7974	NA
181	job_A	A0AB33VFQ7	1	4.224e-13	542	0.508	120	1.017	0.6704	NA
182	job_A	A0A6G3DCG1	1	1.978e-12	541	0.508	114	0.9661	0.8201	NA
183	job_A	A0A850DK61	1	3.99e-13	541	0.441	120	1.017	0.7273	NA
184	job_A	A0A511JCK4	1	2.788e-12	541	0.5	114	0.9661	0.6264	NA
185	job_A	A0A3M1Z6A1	1	2.487e-12	540	0.5	114	0.9661	0.95	NA
186	job_A	A0A3D4WVD5	1	2.095e-12	540	0.469	115	0.9746	0.935	NA
187	job_A	A0A1D3DYD7	1	1.868e-12	540	0.517	114	0.9661	0.8201	NA
188	job_A	A0A833M6G0	1	1.486e-12	540	0.474	118	1	0.831	NA
189	job_A	A0A9D6ZM43	1	1.182e-12	540	0.482	114	0.9661	0.7862	NA
190	job_A	H8KXH0	1	1.404e-12	540	0.495	115	0.9746	0.777	NA
191	job_A	A0A7W7G7Z9	1	2.349e-12	540	0.491	114	0.9661	0.7261	NA
192	job_A	A0A062X005	1	1.978e-12	540	0.491	114	0.9661	0.7125	NA
193	job_A	A0A653T900	1	1.326e-12	540	0.464	114	0.9661	0.6264	NA
194	job_A	A0A2V6CE69	1	2.487e-12	539	0.408	115	0.9746	0.9583	NA
195	job_A	A0A4V1BDW7	1	2.487e-12	539	0.5	114	0.9661	0.8143	NA
196	job_A	A0A3D1CW71	1	1.868e-12	538	0.47	117	0.9915	1	NA
197	job_A	A0A395M3M6	1	1.868e-12	538	0.469	115	0.9746	0.8712	NA
198	job_A	A0A7Y2PA35	1	7.068e-13	538	0.471	121	1.025	0.903	NA
199	job_A	A0A1I1I7N6	1	1.117e-12	538	0.495	117	0.9915	0.8667	NA
200	job_A	A0A5E4Y3Y2	1	4.473e-13	538	0.508	122	1.034	0.8592	NA
201	job_A	A0A918R5Y9	1	2.349e-12	538	0.5	114	0.9661	0.7355	NA
202	job_A	A0A4Q5T8L7	1	2.487e-12	538	0.473	114	0.9661	0.7308	NA
203	job_A	A0A2T6L7F2	1	2.487e-12	538	0.473	114	0.9661	0.6826	NA
204	job_A	A0A948G1R4	1	2.952e-12	537	0.4	115	0.9746	0.9746	NA
205	job_A	A0A0Q1B199	1	1.978e-12	537	0.469	115	0.9746	0.9746	NA
206	job_A	A0A929D4T2	1	2.487e-12	537	0.464	114	0.9661	0.8702	NA
207	job_A	L8P0Z5	1	2.095e-12	537	0.473	114	0.9661	0.755	NA
208	job_A	A0A1V5KP05	1	1.404e-12	537	0.435	117	0.9915	0.7697	NA
209	job_A	F8AZB5	1	2.349e-12	537	0.473	114	0.9661	0.6514	NA
210	job_A	A0A1G7CB15	1	2.349e-12	537	0.491	114	0.9661	0.5455	NA
211	job_A	A0A1G9PPG5	1	1.765e-12	537	0.486	115	0.9746	0.4936	NA
212	job_A	A0A8T3KMG0	1	2.349e-12	536	0.443	115	0.9746	0.9914	NA
213	job_A	A0A7C6KZ59	1	2.487e-12	536	0.444	117	0.9915	1	NA
214	job_A	A0A3M0ZIH5	1	2.788e-12	536	0.482	116	0.9831	0.8923	NA
215	job_A	A0A6C1SX81	1	2.349e-12	536	0.443	115	0.9746	0.8846	NA
216	job_A	A0A968TUE1	1	7.068e-13	536	0.446	121	1.025	0.8963	NA
217	job_A	A0A961S9W9	1	3.929e-12	536	0.46	115	0.9746	0.8519	NA
218	job_A	A0A1H6YRE2	1	2.952e-12	536	0.464	114	0.9661	0.7081	NA
219	job_A	A0A1Q7ASG4	1	1.978e-12	535	0.426	115	0.9746	0.9914	NA
220	job_A	A0A8J6LTK2	1	2.952e-12	535	0.478	115	0.9746	0.7516	NA
221	job_A	A0A7C2EQ04	1	3.126e-12	535	0.491	116	0.9831	0.7532	NA
222	job_A	A0A3T0Y984	1	9.961e-13	535	0.495	119	1.008	0.7532	NA
223	job_A	A0A365ZGK0	1	2.952e-12	535	0.447	114	0.9661	0.6867	NA
224	job_A	A0A7X7F9N7	1	2.633e-12	534	0.411	119	1.008	0.9917	NA
225	job_A	E6W3Q9	1	3.126e-12	534	0.443	115	0.9746	0.8846	NA
226	job_A	A0A543AWS3	1	3.711e-12	534	0.482	114	0.9661	0.7403	NA
227	job_A	A0A2A9F0U0	1	3.505e-12	534	0.5	114	0.9661	0.5729	NA
228	job_A	A0A939XGU5	1	2.095e-12	533	0.521	115	0.9746	1.009	NA
229	job_A	A0A948C8U0	1	3.126e-12	533	0.377	114	0.9661	0.9661	NA
230	job_A	A0A937LHY9	1	2.487e-12	533	0.426	115	0.9746	0.92	NA
231	job_A	A0A5C6E1X9	1	2.633e-12	533	0.438	114	0.9661	0.8444	NA
232	job_A	A0A2E5IBU2	1	1.182e-12	533	0.479	121	1.025	0.8643	NA
233	job_A	A0A5J4KD92	1	2.788e-12	533	0.5	114	0.9661	0.8143	NA
234	job_A	A0A1Y2K3Z0	1	7.924e-13	533	0.479	123	1.042	0.8601	NA
235	job_A	A0A518GJL3	1	2.633e-12	533	0.415	118	1	0.7815	NA
236	job_A	A0A1X1MH73	1	3.126e-12	533	0.491	116	0.9831	0.7582	NA
237	job_A	A0A345SYU4	1	3.505e-12	533	0.5	114	0.9661	0.6786	NA
238	job_A	A0A455U071	1	9.407e-13	533	0.504	121	1.025	0.284	NA
239	job_A	A0A1G1PQ70	1	3.126e-12	532	0.452	117	0.9915	1	NA
240	job_A	A0A960WDI9	1	3.126e-12	532	0.449	118	1	0.9833	NA
241	job_A	A0A7X7A0W9	1	3.126e-12	532	0.469	115	0.9746	0.935	NA
242	job_A	A0A9Q4CU88	1	4.665e-12	532	0.486	115	0.9746	0.8394	NA
243	job_A	A0A7Y8MLW9	1	1.326e-12	531	0.582	103	0.8729	1	NA
244	job_A	A0A944UGC7	1	2.952e-12	531	0.436	119	1.008	0.9597	NA
245	job_A	A0AA48KFW1	1	3.126e-12	531	0.508	114	0.9661	0.8976	NA
246	job_A	A0A944EAL2	1	3.505e-12	531	0.456	114	0.9661	0.8085	NA
247	job_A	A0A8J7HKL6	1	2.349e-12	531	0.412	114	0.9661	0.8028	NA
248	job_A	A0A7J5UNL4	1	4.406e-12	531	0.447	114	0.9661	0.6786	NA
249	job_A	A0A7J9V2R9	1	4.161e-12	531	0.447	114	0.9661	0.6786	NA
250	job_A	A0A1C6RBZ0	1	4.161e-12	531	0.491	114	0.9661	0.5787	NA
251	job_A	A0A971QLZ6	1	4.406e-12	530	0.443	115	0.9746	0.9829	NA
252	job_A	A0A948BXP4	1	2.788e-12	530	0.417	115	0.9746	0.9055	NA
253	job_A	A0A7C5JNI3	1	3.126e-12	530	0.41	117	0.9915	0.907	NA
254	job_A	A0A9D7A2I1	1	2.633e-12	530	0.432	118	1	0.9008	NA
255	job_A	A0A6G3CV13	1	3.505e-12	530	0.464	114	0.9661	0.8085	NA
256	job_A	A0A838S2L1	1	1.486e-12	530	0.466	120	1.017	0.7362	NA
257	job_A	A0A0P7CHA1	1	3.505e-12	530	0.464	114	0.9661	0.6994	NA
258	job_A	A0A970Z6J5	1	3.711e-12	529	0.456	114	0.9661	0.9268	NA
259	job_A	A0A2W5PQ05	1	1.404e-12	529	0.462	121	1.025	0.9603	NA
260	job_A	J7LG94	1	1.486e-12	529	0.416	120	1.017	0.8955	NA
261	job_A	A0A4R4SHF9	1	1.765e-12	529	0.458	120	1.017	0.8696	NA
262	job_A	A0A656Y0M7	1	4.939e-12	529	0.464	114	0.9661	0.76	NA
263	job_A	A0A328HJX5	1	3.929e-12	529	0.46	115	0.9746	0.7372	NA
264	job_A	A0A7C3YYK8	1	4.665e-12	528	0.365	115	0.9746	0.9914	NA
265	job_A	A0A7W1YKF9	1	3.505e-12	528	0.473	114	0.9661	0.9661	NA
266	job_A	A0A9D7T448	1	3.505e-12	528	0.4	120	1.017	0.9917	NA
267	job_A	A0A952R5E7	1	4.406e-12	528	0.487	117	0.9915	0.8797	NA
268	job_A	A0A2E2UYM1	1	2.218e-12	528	0.481	110	0.9322	0.8209	NA
269	job_A	B0B512	1	3.505e-12	528	0.434	115	0.9746	0.8273	NA
270	job_A	A0A2S6SAJ2	1	8.391e-13	528	0.426	122	1.034	0.8714	NA
271	job_A	A0A7C6CG65	1	5.23e-12	528	0.526	114	0.9661	0.7862	NA
272	job_A	A0A2E3QYM1	1	4.161e-12	528	0.434	115	0.9746	0.7055	NA
273	job_A	A0A538TM87	1	4.406e-12	527	0.469	115	0.9746	0.9055	NA
274	job_A	A0A2E6DTN8	1	3.711e-12	527	0.434	115	0.9746	0.8915	NA
275	job_A	A0A564WG02	1	3.126e-12	527	0.406	118	1	0.9008	NA
276	job_A	A0A7W6SS67	1	5.538e-12	527	0.396	116	0.9831	0.8345	NA
277	job_A	A0A941QWL2	1	2.998e-13	527	0.537	121	1.025	0.8403	NA
278	job_A	A0A021VLT3	1	1.765e-12	527	0.491	118	1	0.7108	NA
279	job_A	A0A2H0FX64	1	1.868e-12	526	0.469	115	0.9746	1.009	NA
280	job_A	A0A1F5BMC4	1	1.574e-12	526	0.432	118	1	1	NA
281	job_A	A0A078BMB1	1	2.218e-12	526	0.512	117	0.9915	0.907	NA
282	job_A	A0A0D0NU10	1	4.939e-12	526	0.464	114	0.9661	0.7703	NA
283	job_A	B0RCH0	1	4.939e-12	526	0.495	115	0.9746	0.7143	NA
284	job_A	A0A1R4F1N7	1	5.23e-12	526	0.482	114	0.9661	0.6786	NA
285	job_A	A0A925HXC6	1	4.406e-12	525	0.408	115	0.9746	1	NA
286	job_A	A0A9E5WK72	1	1.326e-12	525	0.479	121	1.025	0.9758	NA
287	job_A	A0A2E1N0A2	1	4.406e-12	525	0.385	114	0.9661	0.8837	NA
288	job_A	A0A9E2D5S4	1	4.406e-12	525	0.434	115	0.9746	0.8779	NA
289	job_A	A0A7C3RGY0	1	7.371e-12	525	0.417	115	0.9746	0.8333	NA
290	job_A	A0A3E1HM39	1	1.868e-12	525	0.446	121	1.025	0.8521	NA
291	job_A	A0A6G1SYE2	1	5.538e-12	525	0.41	117	0.9915	0.7647	NA
292	job_A	A0A7Z1AIU2	1	4.406e-12	525	0.456	114	0.9661	0.7451	NA
293	job_A	A0A1J5NMR1	1	4.939e-12	525	0.483	118	1	0.4758	NA
294	job_A	A0AAU2GW02	1	2.218e-12	524	0.453	119	1.008	0.7933	NA
295	job_A	A0A2W2MK05	1	4.665e-12	524	0.46	115	0.9746	0.6725	NA
296	job_A	E0QMG7	1	8.264e-12	523	0.426	115	0.9746	0.9914	NA
297	job_A	A0A260RE55	1	4.665e-12	523	0.482	114	0.9661	0.8261	NA
298	job_A	A0A3N4Z4J4	1	5.864e-12	523	0.456	114	0.9661	0.6667	NA
299	job_A	A0A1G1JD21	1	7.371e-12	522	0.426	115	0.9746	0.9914	NA
300	job_A	A0A558AYC4	1	5.538e-12	522	0.473	114	0.9661	0.8571	NA
301	job_A	A0A1V1WWC0	1	4.406e-12	522	0.421	114	0.9661	0.8321	NA
302	job_A	A0A3M1VCU8	1	3.711e-12	522	0.401	117	0.9915	0.8125	NA
303	job_A	A0A3M2IV38	1	7.805e-12	522	0.473	114	0.9661	0.5758	NA
304	job_A	A0A150XU73	1	4.161e-12	521	0.434	115	0.9746	1	NA
305	job_A	A0A651GSF1	1	2.349e-12	521	0.421	121	1.025	0.9528	NA
306	job_A	A0A9Q5C8E1	1	5.015e-13	521	0.503	137	1.161	0.7965	NA
307	job_A	A0A7V4E529	1	6.209e-12	520	0.445	110	0.9322	1	NA
308	job_A	A0A1Y5DT59	1	5.538e-12	520	0.394	114	0.9661	0.8976	NA
309	job_A	A0A7C2EIX1	1	7.805e-12	520	0.456	114	0.9661	0.8321	NA
310	job_A	A0A285R3N2	1	4.939e-12	520	0.456	114	0.9661	0.8261	NA
311	job_A	A0A2D9FVX4	1	7.805e-12	520	0.478	115	0.9746	0.8042	NA
312	job_A	A0A225E4I2	1	1.667e-12	520	0.446	121	1.025	0.7658	NA
313	job_A	A0A098SAP8	1	5.538e-12	519	0.443	115	0.9746	0.9914	NA
314	job_A	A0A1G6K3C1	1	7.805e-12	519	0.482	114	0.9661	0.8143	NA
315	job_A	A0A549SXJ8	1	5.23e-12	519	0.443	115	0.9746	0.8156	NA
316	job_A	N2BLS0	1	8.264e-12	519	0.417	115	0.9746	0.8099	NA
317	job_A	A0A7X9P9Q1	1	5.538e-12	519	0.469	115	0.9746	0.8042	NA
318	job_A	M5RNP5	1	5.538e-12	519	0.412	114	0.9661	0.755	NA
319	job_A	A0A949F4W0	1	6.574e-12	518	0.381	118	1	0.9147	NA
320	job_A	A0A6H1U350	1	7.371e-12	518	0.46	115	0.9746	0.8214	NA
321	job_A	A0A1Q7WYQ2	1	5.23e-12	518	0.422	116	0.9831	0.7838	NA
322	job_A	A0A2V5SZB7	1	8.75e-12	518	0.403	114	0.9661	0.6369	NA
323	job_A	A0A0M2TYX0	1	6.961e-12	517	0.379	116	0.9831	1	NA
324	job_A	A0A6I4MGS0	1	8.264e-12	517	0.447	114	0.9661	0.8444	NA
325	job_A	A0A3D8IPM7	1	9.811e-12	517	0.405	116	0.9831	0.7632	NA
326	job_A	K9EXG1	1	4.161e-12	517	0.504	119	1.008	0.7532	NA
327	job_A	A0A1H9IPB2	1	1.055e-12	517	0.478	138	1.169	0.8364	NA
328	job_A	C3J8F4	1	7.805e-12	516	0.467	109	0.9237	0.9397	NA
329	job_A	A0A0R2XIQ5	1	9.811e-12	516	0.469	113	0.9576	0.8626	NA
330	job_A	A0A2V5PTA0	1	9.265e-12	516	0.405	116	0.9831	0.8529	NA
331	job_A	A0A1Q5N6A2	1	8.75e-12	516	0.477	113	0.9576	0.7847	NA
332	job_A	A0A0M8VFU3	1	8.264e-12	516	0.5	114	0.9661	0.7451	NA
333	job_A	A0A7X6QBE4	1	6.961e-12	515	0.504	107	0.9068	0.9907	NA
334	job_A	A0A2S8FIZ3	1	5.864e-12	515	0.464	114	0.9661	0.8906	NA
335	job_A	A0A419V2R9	1	3.126e-12	515	0.429	121	1.025	0.9237	NA
336	job_A	A0A523DTG8	1	5.864e-12	515	0.4	115	0.9746	0.8779	NA
337	job_A	F6FTX9	1	1.165e-11	515	0.473	114	0.9661	0.6032	NA
338	job_A	A0A934EA90	1	1.039e-11	514	0.482	114	0.9661	0.9421	NA
339	job_A	A0A7C6I1A2	1	9.265e-12	514	0.448	116	0.9831	0.8923	NA
340	job_A	A0A3M0I607	1	3.505e-12	514	0.45	120	1.017	0.7407	NA
341	job_A	A0A3C0MWW1	1	1.1e-11	513	0.443	115	0.9746	0.9914	NA
342	job_A	A0A6J4L8K6	1	5.864e-12	513	0.418	117	0.9915	1	NA
343	job_A	A0A7V9F784	1	4.665e-12	513	0.475	120	1.017	0.9302	NA
344	job_A	A0A1I5XEG1	1	4.939e-12	513	0.429	121	1.025	0.903	NA
345	job_A	A0A2W4M4Q8	1	1.326e-12	512	0.504	123	1.042	0.9919	NA
346	job_A	A0A849EWF6	1	1.233e-11	512	0.426	115	0.9746	0.8984	NA
347	job_A	A0A1X4G7W3	1	8.75e-12	512	0.408	115	0.9746	0.8582	NA
348	job_A	A0A255R2I3	1	7.805e-12	512	0.477	113	0.9576	0.8248	NA
349	job_A	A0A3M2LT85	1	5.538e-12	512	0.436	119	1.008	0.85	NA
350	job_A	A0A0M9UKZ0	1	4.406e-12	512	0.425	120	1.017	0.2182	NA
351	job_A	A0A3D5VB91	1	6.961e-12	511	0.4	120	1.017	1	NA
352	job_A	A0A9D5MXF9	1	1.233e-11	511	0.405	116	0.9831	0.8722	NA
353	job_A	A0A318CLZ0	1	8.264e-12	511	0.408	115	0.9746	0.7877	NA
354	job_A	R7LDU8	1	1.039e-11	510	0.482	114	0.9661	0.9913	NA
355	job_A	A0A942M6E3	1	1.1e-11	510	0.391	115	0.9746	0.9274	NA
356	job_A	A0A428ZD98	1	1.039e-11	510	0.4	115	0.9746	0.8394	NA
357	job_A	A0A842HEX0	1	6.961e-12	510	0.416	120	1.017	0.8696	NA
358	job_A	A0AAU3S8P6	1	9.811e-12	510	0.456	114	0.9661	0.8201	NA
359	job_A	A0A533BAN5	1	9.811e-12	510	0.456	114	0.9661	0.7755	NA
360	job_A	A0A1Q5PLE0	1	1.383e-11	510	0.5	114	0.9661	0.6032	NA
361	job_A	A0A418QRS3	1	9.265e-12	509	0.486	115	0.9746	1	NA
362	job_A	A0A7C5JN15	1	7.805e-12	509	0.418	117	0.9915	1	NA
363	job_A	A0A2T2RFF5	1	1.233e-11	509	0.4	115	0.9746	0.9127	NA
364	job_A	A0A938MSP0	1	4.406e-12	509	0.429	121	1.025	0.9603	NA
365	job_A	A0A0U3WJ99	1	1.039e-11	509	0.482	114	0.9661	0.8702	NA
366	job_A	A0A0C5BI73	1	1.641e-11	509	0.456	114	0.9661	0.8201	NA
367	job_A	A0A4P6JX98	1	4.665e-12	509	0.483	120	1.017	0.8451	NA
368	job_A	A0A0P0EHW8	1	1.1e-11	509	0.438	114	0.9661	0.7972	NA
369	job_A	A0A3N4ZIP1	1	1.306e-11	509	0.447	114	0.9661	0.5816	NA
370	job_A	A0A662QSS7	1	1.165e-11	509	0.373	115	0.9746	0.3083	NA
371	job_A	A0A315ZA47	1	1.039e-11	508	0.473	112	0.9492	0.9825	NA
372	job_A	A0A6N6PKH6	1	1.464e-11	508	0.422	116	0.9831	0.8923	NA
373	job_A	A0A1H2URW2	1	1.738e-11	508	0.4	115	0.9746	0.8647	NA
374	job_A	A0A2M9CVY8	1	1.306e-11	508	0.464	112	0.9492	0.7671	NA
375	job_A	A0A2W4QF61	1	2.349e-12	507	0.495	115	0.9746	1.018	NA
376	job_A	G1VAF6	1	1.1e-11	507	0.469	113	0.9576	0.9912	NA
377	job_A	A0A2G9XZG5	1	1.738e-11	507	0.365	115	0.9746	0.9746	NA
378	job_A	A0A2E9KL34	1	1.1e-11	507	0.389	118	1	0.9833	NA
379	job_A	A0A1G3BFU1	1	1.039e-11	507	0.384	117	0.9915	0.9512	NA
380	job_A	A0A1J5D0Y8	1	1.306e-11	507	0.477	113	0.9576	0.7635	NA
381	job_A	A0A5M6CXU7	1	1.306e-11	507	0.398	113	0.9576	0.6494	NA
382	job_A	A0A2N2UYE0	1	1.039e-11	507	0.429	114	0.9661	0.6333	NA
383	job_A	A0A258QK37	1	6.961e-12	506	0.561	105	0.8898	0.9813	NA
384	job_A	I9IB76	1	1.039e-11	506	0.431	116	0.9831	0.9915	NA
385	job_A	A0A7X8VQB3	1	2.063e-11	506	0.432	118	1	1	NA
386	job_A	A0A3E0Q5P5	1	1.55e-11	506	0.403	114	0.9661	0.95	NA
387	job_A	A0A3N9NQ12	1	1.383e-11	506	0.426	115	0.9746	0.9127	NA
388	job_A	A0A960SBA0	1	1.039e-11	506	0.495	115	0.9746	0.8984	NA
389	job_A	A0A0D6KLJ1	1	1.039e-11	506	0.394	114	0.9661	0.8028	NA
390	job_A	S3Z4T0	1	6.574e-12	506	0.441	120	1.017	0.8276	NA
391	job_A	A0A9W6GF18	1	1.55e-11	505	0.429	114	0.9661	0.8976	NA
392	job_A	A0A1B1T9L2	1	1.464e-11	505	0.431	116	0.9831	0.8788	NA
393	job_A	A0A1Q8L1V2	1	6.961e-12	505	0.416	120	1.017	0.8276	NA
394	job_A	C6HUX1	1	1.1e-11	505	0.426	115	0.9746	0.6928	NA
395	job_A	A0A8J2UC05	1	1.55e-11	504	0.433	113	0.9576	0.9912	NA
396	job_A	A0A4Q3RNP5	1	1.738e-11	504	0.415	113	0.9576	0.9912	NA
397	job_A	A0A496DU89	1	1.1e-11	504	0.464	112	0.9492	0.9655	NA
398	job_A	A0A353ZNX8	1	1.306e-11	504	0.504	111	0.9407	0.9328	NA
399	job_A	A0A928H5D3	1	1.949e-11	504	0.386	119	1.008	1	NA
400	job_A	A0A2E7SRQ1	1	1.84e-11	504	0.391	115	0.9746	0.9504	NA
401	job_A	A0A2A2R618	1	2.063e-11	504	0.377	114	0.9661	0.9194	NA
402	job_A	A0A1I1VYI3	1	9.811e-12	503	0.464	114	0.9661	0.8769	NA
403	job_A	A0A9E8LW15	1	5.538e-12	503	0.433	120	1.017	0.916	NA
404	job_A	A0A0W1ADM3	1	6.574e-12	503	0.38	121	1.025	0.8013	NA
405	job_A	A0A2M9CE83	1	2.185e-11	503	0.464	114	0.9661	0.7037	NA
406	job_A	C4RE22	1	1.464e-11	503	0.523	107	0.9068	0.5377	NA
407	job_A	A0A1X9SU23	1	1.55e-11	502	0.391	115	0.9746	1	NA
408	job_A	A0A2T0Y4M6	1	2.594e-11	502	0.447	114	0.9661	0.6909	NA
409	job_A	A0A928H133	1	2.908e-11	502	0.438	114	0.9661	0.6196	NA
410	job_A	A0A365XPG3	1	1.738e-11	501	0.451	113	0.9576	0.9912	NA
411	job_A	A0A9D7TX72	1	1.738e-11	501	0.451	113	0.9576	0.9912	NA
412	job_A	A0A1F3IW72	1	2.063e-11	501	0.371	113	0.9576	0.9912	NA
413	job_A	A0A842X7V7	1	1.641e-11	501	0.384	117	0.9915	1.017	NA
414	job_A	A0A6N2D468	1	1.55e-11	501	0.443	115	0.9746	0.9914	NA
415	job_A	A0A2T0WXI5	1	1.383e-11	501	0.428	112	0.9492	0.9655	NA
416	job_A	A0A3R6PA64	1	1.464e-11	501	0.482	112	0.9492	0.9655	NA
417	job_A	A0A7Y5H849	1	3.079e-11	501	0.447	114	0.9661	0.95	NA
418	job_A	A0A9X7JV14	1	2.185e-11	501	0.447	114	0.9661	0.9268	NA
419	job_A	X0V6G8	1	2.185e-11	501	0.473	114	0.9661	0.8571	NA
420	job_A	A0A497XMZ5	1	4.939e-12	501	0.421	121	1.025	0.8897	NA
421	job_A	A0A4Q5UMG3	1	2.185e-11	500	0.433	113	0.9576	0.9912	NA
422	job_A	A0A918UVB6	1	1.949e-11	500	0.477	113	0.9576	0.9912	NA
423	job_A	A0A977Q0Q4	1	1.641e-11	500	0.434	115	0.9746	1	NA
424	job_A	A0A1Z9QCS8	1	5.538e-12	500	0.433	120	1.017	0.9756	NA
425	job_A	A0A7X8BY49	1	5.864e-12	500	0.404	121	1.025	0.9453	NA
426	job_A	A0A2E8G983	1	2.185e-11	500	0.394	114	0.9661	0.8085	NA
427	job_A	A0A7W5E034	1	1.738e-11	500	0.415	118	1	0.7284	NA
428	job_A	A0A919G326	1	2.594e-11	500	0.447	114	0.9661	0.6786	NA
429	job_A	A0A932VS50	1	2.449e-11	499	0.417	115	0.9746	0.9504	NA
430	job_A	A0A9E5EV37	1	3.31e-12	499	0.462	121	1.025	0.9308	NA
431	job_A	A0A849X2D0	1	1.1e-11	499	0.482	114	0.9661	0.8636	NA
432	job_A	A0A935NHF0	1	9.265e-12	499	0.422	116	0.9831	0.8722	NA
433	job_A	A0A5B9WDG0	1	1.383e-11	499	0.423	118	1	0.8551	NA
434	job_A	A0A124F944	1	1.383e-11	498	0.422	116	0.9831	1	NA
435	job_A	A0A9D7HAW3	1	1.306e-11	498	0.455	112	0.9492	0.9573	NA
436	job_A	A0A061NWM3	1	7.371e-12	498	0.413	121	1.025	0.7857	NA
437	job_A	A0A2N3G2G7	1	3.26e-11	498	0.412	114	0.9661	0.7215	NA
438	job_A	A0A1U7CTG5	1	2.185e-11	497	0.377	114	0.9661	0.8028	NA
439	job_A	C4FQU1	1	9.811e-12	497	0.438	121	1.025	0.8176	NA
440	job_A	A0A951LHV7	1	1.233e-11	497	0.416	120	1.017	0.8	NA
441	job_A	A0A1M5SPQ3	1	2.313e-11	497	0.456	114	0.9661	0.7403	NA
442	job_A	A0A2W4LL78	1	3.079e-11	497	0.447	114	0.9661	0.6826	NA
443	job_A	A0A970MZ88	1	1.383e-11	496	0.438	114	0.9661	0.9744	NA
444	job_A	A0A961H681	1	2.313e-11	496	0.464	114	0.9661	0.8976	NA
445	job_A	A0A0W0ZMK7	1	8.75e-12	496	0.388	121	1.025	0.938	NA
446	job_A	A0A7Y9LDU8	1	2.185e-11	496	0.481	110	0.9322	0.8462	NA
447	job_A	A0A1Z4GM18	1	2.449e-11	496	0.408	115	0.9746	0.6845	NA
448	job_A	A0A959LKS3	1	2.449e-11	495	0.451	113	0.9576	0.9912	NA
449	job_A	A0A916HDU2	1	2.313e-11	495	0.428	112	0.9492	0.9655	NA
450	job_A	A0A0L6HV58	1	2.449e-11	495	0.431	116	0.9831	0.9062	NA
451	job_A	A0A1V4TMN0	1	1.383e-11	495	0.422	116	0.9831	0.8992	NA
452	job_A	A0A259TW89	1	3.655e-11	495	0.447	114	0.9661	0.7308	NA
453	job_A	A0A965R6I9	1	2.746e-11	494	0.437	112	0.9492	0.9825	NA
454	job_A	A0A940F783	1	2.449e-11	494	0.46	115	0.9746	0.8984	NA
455	job_A	A0A3M1Q2L7	1	2.063e-11	494	0.449	118	1	0.9147	NA
456	job_A	L1MGV7	1	2.063e-11	494	0.417	115	0.9746	0.8647	NA
457	job_A	A0A535HQI7	1	1.55e-11	493	0.415	118	1	0.9916	NA
458	job_A	A0A0R3KU37	1	2.594e-11	493	0.426	115	0.9746	0.9664	NA
459	job_A	W7WN84	1	2.313e-11	493	0.542	107	0.9068	0.781	NA
460	job_A	A0A1Z4NKA2	1	3.26e-11	493	0.412	114	0.9661	0.7215	NA
461	job_A	A0A840H066	1	2.449e-11	492	0.45	111	0.9407	0.9911	NA
462	job_A	A0A960TEY8	1	1.464e-11	492	0.372	118	1	1	NA
463	job_A	A0A536E0K5	1	2.185e-11	492	0.439	116	0.9831	0.8788	NA
464	job_A	A0A0C5W6H2	1	2.313e-11	491	0.41	112	0.9492	0.9655	NA
465	job_A	A0A1D7YUK6	1	3.452e-11	491	0.391	115	0.9746	0.9746	NA
466	job_A	A0A9E6W6B2	1	2.594e-11	491	0.344	119	1.008	0.952	NA
467	job_A	A0A3M1GEH5	1	2.449e-11	491	0.508	116	0.9831	0.8722	NA
468	job_A	A0A7X0GHH8	1	2.746e-11	491	0.509	110	0.9322	0.7971	NA
469	job_A	A0A960FLK5	1	1.738e-11	491	0.382	115	0.9746	0.7516	NA
470	job_A	A0AAE3KLZ9	1	1.55e-11	491	0.408	120	1.017	0.2459	NA
471	job_A	A0A163RG25	1	3.87e-11	491	0.5	114	0.9661	0.2271	NA
472	job_A	A0A2N5ZMM5	1	3.26e-11	490	0.472	110	0.9322	0.9735	NA
473	job_A	A0A1G6YAK4	1	3.655e-11	490	0.442	113	0.9576	0.9912	NA
474	job_A	A0A9D8BMJ1	1	3.87e-11	490	0.339	115	0.9746	0.9914	NA
475	job_A	A0A7Z9WGJ3	1	3.079e-11	490	0.377	114	0.9661	0.95	NA
476	job_A	A0A2H5WAN0	1	4.594e-11	490	0.412	114	0.9661	0.95	NA
477	job_A	A0A7C1YBG8	1	1.641e-11	490	0.406	118	1	0.9077	NA
478	job_A	A0A0J1BIE2	1	2.908e-11	490	0.401	117	0.9915	0.7222	NA
479	job_A	A0A519TDA2	1	3.452e-11	489	0.46	115	0.9746	1	NA
480	job_A	A0A7Y3EQG1	1	2.746e-11	489	0.455	112	0.9492	0.9655	NA
481	job_A	A0A7X7G3F8	1	1.84e-11	489	0.371	121	1.025	1	NA
482	job_A	A0A1H7J4K3	1	1.55e-11	489	0.391	120	1.017	0.9836	NA
483	job_A	A0A956QNH2	1	4.865e-11	489	0.426	115	0.9746	0.8647	NA
484	job_A	A0A2R7QIN7	1	3.26e-11	489	0.5	110	0.9322	0.8029	NA
485	job_A	A0A4P5QU08	1	1.55e-11	489	0.413	121	1.025	0.8521	NA
486	job_A	A0A5B9QKW6	1	2.908e-11	489	0.364	118	1	0.7867	NA
487	job_A	A0A6P0VTE4	1	2.313e-11	489	0.431	109	0.9237	0.1617	NA
488	job_A	A0A7G5XBI5	1	3.87e-11	488	0.442	113	0.9576	0.9912	NA
489	job_A	A0A1B9E085	1	3.655e-11	488	0.439	116	0.9831	1	NA
490	job_A	A0A937JTD3	1	3.655e-11	488	0.408	115	0.9746	0.8519	NA
491	job_A	W7DLT8	1	4.339e-11	487	0.449	109	0.9237	0.9478	NA
492	job_A	A0A2A2Y2P2	1	2.908e-11	487	0.403	119	1.008	0.8947	NA
493	job_A	A0A9D6PL82	1	4.098e-11	487	0.365	115	0.9746	0.7233	NA
494	job_A	A0A2D7KNM5	1	4.339e-11	486	0.467	107	0.9068	0.9727	NA
495	job_A	A0A3D4CJW0	1	3.079e-11	486	0.446	112	0.9492	0.9655	NA
496	job_A	A0A537ZCT5	1	2.746e-11	486	0.35	117	0.9915	0.907	NA
497	job_A	A0A388PWD8	1	1.641e-11	486	0.587	97	0.822	0.7519	NA
498	job_A	A0A7V2F6J0	1	5.775e-11	486	0.452	115	0.9746	0.8582	NA
499	job_A	A0A521GYG4	1	5.151e-11	486	0.322	118	1	0.8676	NA
500	job_A	A0A9X2ZSP7	1	4.339e-11	486	0.44	118	1	0.8194	NA
501	job_A	A0A355ITR4	1	3.452e-11	485	0.437	112	0.9492	0.9655	NA
502	job_A	A0A3D9FXC7	1	3.87e-11	485	0.428	112	0.9492	0.9655	NA
503	job_A	A6GVV2	1	4.098e-11	485	0.431	116	0.9831	1	NA
504	job_A	A0A9D2RIF9	1	3.26e-11	485	0.473	112	0.9492	0.9412	NA
505	job_A	A0A8I2G8T0	1	4.098e-11	485	0.408	115	0.9746	0.9426	NA
506	job_A	A0AA46ADI5	1	4.339e-11	485	0.448	116	0.9831	0.8992	NA
507	job_A	A0A964KSE9	1	2.449e-11	485	0.404	121	1.025	0.9167	NA
508	job_A	A0A7V1RDY6	1	2.746e-11	485	0.391	115	0.9746	0.8582	NA
509	job_A	A0A101HTK6	1	5.775e-11	485	0.447	114	0.9661	0.8321	NA
510	job_A	A0A974SIW7	1	4.865e-11	485	0.464	112	0.9492	0.8	NA
511	job_A	A0A2A5FKV0	1	2.594e-11	484	0.446	112	0.9492	0.9655	NA
512	job_A	W8VUN2	1	3.87e-11	484	0.464	112	0.9492	0.9655	NA
513	job_A	A0A3C1G2F2	1	4.339e-11	484	0.367	117	0.9915	1	NA
514	job_A	A0A660SL37	1	2.594e-11	484	0.316	117	0.9915	1	NA
515	job_A	D9PML9	1	5.151e-11	484	0.481	110	0.9322	0.9322	NA
516	job_A	A0A9X1S339	1	3.079e-11	484	0.45	122	1.034	0.9531	NA
517	job_A	A0A936N915	1	2.594e-11	484	0.383	120	1.017	0.9091	NA
518	job_A	A0A6B1GIZ6	1	1.464e-11	484	0.441	120	1.017	0.8511	NA
519	job_A	A0A7C1BBY4	1	2.594e-11	483	0.391	115	0.9746	1	NA
520	job_A	A0A0D0IV58	1	3.26e-11	483	0.46	115	0.9746	1	NA
521	job_A	A0A2E6IME0	1	3.655e-11	483	0.446	112	0.9492	0.9655	NA
522	job_A	A0A1M7MSU4	1	5.151e-11	483	0.449	109	0.9237	0.9397	NA
523	job_A	A0A662C8E0	1	4.098e-11	483	0.419	112	0.9492	0.9655	NA
524	job_A	A0A661C7T3	1	5.454e-11	483	0.385	114	0.9661	0.8702	NA
525	job_A	A0A7H9CHD8	1	3.655e-11	482	0.4	115	0.9746	1.018	NA
526	job_A	A0A255TPX1	1	3.452e-11	482	0.464	112	0.9492	0.9825	NA
527	job_A	A0A7C5P1F6	1	2.313e-11	482	0.422	116	0.9831	0.9355	NA
528	job_A	A0A3A4PHH0	1	5.151e-11	482	0.366	120	1.017	0.8955	NA
529	job_A	A0A2P8FF38	1	5.454e-11	482	0.438	114	0.9661	0.7403	NA
530	job_A	A0A4R2AVJ6	1	5.454e-11	482	0.398	113	0.9576	0.5407	NA
531	job_A	A0A4R6TRF5	1	4.865e-11	481	0.431	109	0.9237	0.9397	NA
532	job_A	A0A415DSA0	1	4.594e-11	481	0.446	112	0.9492	0.9655	NA
533	job_A	A0A1H6LNY9	1	5.151e-11	481	0.437	112	0.9492	0.9655	NA
534	job_A	A0A520UJJ6	1	4.339e-11	481	0.401	112	0.9492	0.9655	NA
535	job_A	A0A1H1M1D6	1	4.865e-11	481	0.412	109	0.9237	0.9397	NA
536	job_A	A0A521YDX2	1	3.26e-11	481	0.47	119	1.008	0.9444	NA
537	job_A	A0A1M4WK73	1	2.185e-11	481	0.438	121	1.025	0.9528	NA
538	job_A	A0A7K1TPA7	1	1.84e-11	481	0.404	121	1.025	0.9308	NA
539	job_A	A0ABC9PYV4	1	1.949e-11	481	0.462	121	1.025	0.9167	NA
540	job_A	A0A2S5QW78	1	2.063e-11	480	0.513	115	0.9746	1.036	NA
541	job_A	A0A937XE27	1	6.115e-11	480	0.372	118	1	0.944	NA
542	job_A	A0A3D9GS15	1	2.746e-11	480	0.421	121	1.025	0.9528	NA
543	job_A	A0A949VKG9	1	3.452e-11	480	0.437	112	0.9492	0.8421	NA
544	job_A	A0A1N6EMI2	1	1.949e-11	480	0.452	117	0.9915	0.8797	NA
545	job_A	A0A6J6ERN4	1	3.87e-11	480	0.339	115	0.9746	0.7986	NA
546	job_A	A0A2M8WSP9	1	5.775e-11	480	0.468	111	0.9407	0.6937	NA
547	job_A	A0A7X8JKW8	1	4.339e-11	479	0.434	115	0.9746	1.018	NA
548	job_A	A0A829QPH4	1	3.655e-11	479	0.504	105	0.8898	0.913	NA
549	job_A	A0A2D7N8A4	1	4.098e-11	479	0.391	115	0.9746	0.8984	NA
550	job_A	A0A9J6ZH20	1	4.098e-11	479	0.421	114	0.9661	0.7917	NA
551	job_A	A0A2T0YQE6	1	2.449e-11	478	0.456	114	0.9661	0.8444	NA
552	job_A	A0A8H2LHD1	1	6.115e-11	477	0.41	112	0.9492	0.9655	NA
553	job_A	S7VB21	1	1.949e-11	477	0.449	118	1	1.017	NA
554	job_A	A0A661BE33	1	8.139e-11	477	0.417	115	0.9746	0.9746	NA
555	job_A	A0A3N5YZ53	1	6.475e-11	477	0.468	111	0.9407	0.881	NA
556	job_A	A0A3Q9GL83	1	9.126e-11	477	0.472	110	0.9322	0.7971	NA
557	job_A	A0A7W3Z7J9	1	7.26e-11	476	0.473	112	0.9492	0.9655	NA
558	job_A	A0A7C8AGW2	1	9.126e-11	476	0.391	115	0.9746	0.9746	NA
559	job_A	A0A7C5BSN4	1	5.454e-11	476	0.447	114	0.9661	0.7972	NA
560	job_A	A0A845M2D8	1	7.26e-11	476	0.451	113	0.9576	0.689	NA
561	job_A	A0A1H6T0Y3	1	6.856e-11	475	0.41	112	0.9492	0.9655	NA
562	job_A	A0A924B295	1	7.26e-11	475	0.408	115	0.9746	0.9127	NA
563	job_A	A0A1F5VNC4	1	5.454e-11	475	0.417	115	0.9746	0.8582	NA
564	job_A	A0A1V4QGK1	1	1.147e-10	475	0.318	116	0.9831	0.4203	NA
565	job_A	A0A7W1ILS5	1	8.618e-11	474	0.366	112	0.9492	0.9825	NA
566	job_A	A0A3N5FUZ5	1	3.26e-11	474	0.396	116	0.9831	1	NA
567	job_A	A0A352ED75	1	7.687e-11	474	0.394	109	0.9237	0.9397	NA
568	job_A	A0A255ZPZ1	1	7.687e-11	474	0.428	112	0.9492	0.9655	NA
569	job_A	A0A0S4MYF3	1	5.454e-11	474	0.404	121	1.025	0.938	NA
570	job_A	A0A6J6I0D9	1	8.139e-11	474	0.4	115	0.9746	0.8846	NA
571	job_A	X0VXQ6	1	6.856e-11	474	0.431	116	0.9831	0.8657	NA
572	job_A	A0A970XGR3	1	1.362e-10	474	0.356	115	0.9746	0.8519	NA
573	job_A	A0A5N6MV18	1	8.139e-11	474	0.477	111	0.9407	0.75	NA
574	job_A	A0A9D8QZH1	1	6.856e-11	473	0.423	111	0.9407	0.9652	NA
575	job_A	A0A1F9WY36	1	1.215e-10	473	0.356	115	0.9746	0.8846	NA
576	job_A	A0AA96J7C2	1	8.139e-11	472	0.401	112	0.9492	0.9655	NA
577	job_A	A0A9D7UGH3	1	4.594e-11	472	0.363	121	1.025	0.9528	NA
578	job_A	A0A315X8K3	1	7.26e-11	472	0.473	114	0.9661	0.8769	NA
579	job_A	A0A8K2A172	1	4.339e-11	472	0.425	120	1.017	0.916	NA
580	job_A	A0A969GD38	1	3.452e-11	472	0.414	123	1.042	0.8786	NA
581	job_A	A0A9X1R083	1	9.663e-11	471	0.449	109	0.9237	0.9397	NA
582	job_A	A0A7C1ZKK4	1	8.139e-11	471	0.401	112	0.9492	0.9573	NA
583	job_A	E3D018	1	2.908e-11	471	0.404	121	1.025	0.968	NA
584	job_A	A0A7Y0QQA6	1	3.26e-11	471	0.465	116	0.9831	0.8722	NA
585	job_A	A0A7W7W9N6	1	3.87e-11	471	0.491	116	0.9831	0.8406	NA
586	job_A	W8X542	1	1.286e-10	471	0.452	115	0.9746	0.7718	NA
587	job_A	A0A0H2KKF9	1	1.215e-10	471	0.454	110	0.9322	0.7237	NA
588	job_A	A0A7C5FRU5	1	6.856e-11	471	0.408	115	0.9746	0.6389	NA
589	job_A	A0A924D7R2	1	1.083e-10	470	0.431	116	0.9831	1	NA
590	job_A	A0A0S9QMB3	1	3.87e-11	470	0.406	123	1.042	0.9609	NA
591	job_A	A0A418ML21	1	6.856e-11	470	0.377	114	0.9661	0.8321	NA
592	job_A	A0AAV8UJL5	1	6.475e-11	470	0.405	116	0.9831	0.7891	NA
593	job_A	A0A7X6K7S6	1	4.865e-11	470	0.486	115	0.9746	0.7667	NA
594	job_A	A0A371PV02	1	4.865e-11	470	0.413	121	1.025	0.6685	NA
595	job_A	A0A376FKL2	1	6.961e-12	469	0.736	95	0.8051	1.022	NA
596	job_A	A0A4V2AUY5	1	1.362e-10	469	0.46	113	0.9576	0.9912	NA
597	job_A	A0AAW7D636	1	8.618e-11	469	0.417	115	0.9746	1	NA
598	job_A	A0A972XY00	1	9.663e-11	469	0.41	112	0.9492	0.9655	NA
599	job_A	A0A9C8NV91	1	5.454e-11	469	0.359	114	0.9661	0.9661	NA
600	job_A	A0A965G4N4	1	1.215e-10	469	0.37	116	0.9831	0.9508	NA
601	job_A	U5D568	1	1.812e-10	469	0.385	114	0.9661	0.9048	NA
602	job_A	A0A7C1KNV9	1	4.865e-11	469	0.381	118	1	0.8806	NA
603	job_A	A0A1Z9HM47	1	3.452e-11	468	0.454	110	0.9322	1.009	NA
604	job_A	A0A0S7Y3S7	1	8.139e-11	468	0.379	116	0.9831	0.9667	NA
605	job_A	M1ZCP6	1	2.908e-11	468	0.413	121	1.025	0.938	NA
606	job_A	A0AA37SXI5	1	1.617e-10	468	0.377	114	0.9661	0.8769	NA
607	job_A	A0AAP3SGL9	1	1.215e-10	468	0.415	113	0.9576	0.8496	NA
608	job_A	A0A3M0WJ04	1	4.594e-11	468	0.413	121	1.025	0.8643	NA
609	job_A	A0A1L5NR41	1	1.023e-10	468	0.424	113	0.9576	0.7107	NA
610	job_A	A0A563VWP5	1	7.687e-11	468	0.418	117	0.9915	0.6031	NA
611	job_A	R5AUE5	1	9.663e-11	467	0.509	108	0.9153	0.9643	NA
612	job_A	A0A9Q4C6Q2	1	9.663e-11	467	0.429	114	0.9661	1	NA
613	job_A	A0A2E2UG01	1	1.083e-10	467	0.387	116	0.9831	1.009	NA
614	job_A	A0A2S1LLX9	1	1.215e-10	467	0.401	112	0.9492	0.9655	NA
615	job_A	A0A7V2QM04	1	5.151e-11	467	0.42	119	1.008	0.952	NA
616	job_A	A0A1V4ZBJ4	1	3.26e-11	467	0.393	122	1.034	0.9104	NA
617	job_A	A0A6P1DJL9	1	1.215e-10	466	0.41	112	0.9492	0.9655	NA
618	job_A	A0A444WCZ5	1	1.286e-10	466	0.401	112	0.9492	0.9655	NA
619	job_A	D1CH98	1	9.126e-11	466	0.403	114	0.9661	0.8906	NA
620	job_A	A0A7V4AWT1	1	1.442e-10	466	0.359	114	0.9661	0.8444	NA
621	job_A	A0A0P8A8J1	1	1.527e-10	466	0.382	115	0.9746	0.8394	NA
622	job_A	A0A3C0PCR4	1	9.663e-11	465	0.354	110	0.9322	0.991	NA
623	job_A	A0A349BUT9	1	1.215e-10	465	0.375	112	0.9492	0.9655	NA
624	job_A	A0A9C9K1R7	1	5.151e-11	465	0.353	116	0.9831	0.9667	NA
625	job_A	A0A938IH16	1	9.663e-11	465	0.387	116	0.9831	0.9508	NA
626	job_A	A0A7T5EHG1	1	1.023e-10	465	0.421	114	0.9661	0.8769	NA
627	job_A	A0A2T2T171	1	1.812e-10	465	0.423	118	1	0.59	NA
628	job_A	A0A661C7R5	1	1.083e-10	464	0.444	108	0.9153	0.9818	NA
629	job_A	A0A1F1DT89	1	1.023e-10	464	0.428	112	0.9492	0.9573	NA
630	job_A	A0A523XLK2	1	1.442e-10	464	0.295	115	0.9746	0.9664	NA
631	job_A	A0A9D5Q1U2	1	1.617e-10	464	0.339	115	0.9746	0.9583	NA
632	job_A	A0A7V5H501	1	1.215e-10	464	0.408	115	0.9746	0.935	NA
633	job_A	A0A1H9HQ76	1	9.663e-11	464	0.412	114	0.9661	0.8702	NA
634	job_A	A0A529X4L7	1	1.712e-10	464	0.442	113	0.9576	0.6933	NA
635	job_A	A0A174VIF2	1	1.617e-10	463	0.451	113	0.9576	0.9912	NA
636	job_A	H7EI54	1	2.313e-11	463	0.446	121	1.025	0.9453	NA
637	job_A	A0A962CWD8	1	3.452e-11	463	0.413	121	1.025	0.9308	NA
638	job_A	A0A6N8HKE3	1	1.023e-10	463	0.421	114	0.9661	0.8769	NA
639	job_A	A0A1H2B6I1	1	9.126e-11	463	0.391	115	0.9746	0.8456	NA
640	job_A	A0A5C5ZYP3	1	1.527e-10	463	0.436	110	0.9322	0.7586	NA
641	job_A	A0A3P8JRM0	1	2.908e-11	462	0.855	97	0.822	0.9238	NA
642	job_A	A0A958FX22	1	1.442e-10	462	0.438	114	0.9661	1	NA
643	job_A	A0A5N7Z833	1	1.812e-10	462	0.401	112	0.9492	0.9655	NA
644	job_A	A0A8J4A4F5	1	1.617e-10	462	0.389	118	1	0.9916	NA
645	job_A	A0AAE4A2V6	1	1.362e-10	462	0.472	110	0.9322	0.8661	NA
646	job_A	A0A7V5SHX6	1	1.527e-10	462	0.387	116	0.9831	0.8992	NA
647	job_A	A0A1N7PFW6	1	5.775e-11	462	0.375	120	1.017	0.9231	NA
648	job_A	A0A2J7TEY2	1	2.032e-10	462	0.407	113	0.9576	0.729	NA
649	job_A	A0A9E2Z7I3	1	2.032e-10	462	0.278	115	0.9746	0.7099	NA
650	job_A	A0A7C5ADG4	1	1.617e-10	462	0.353	113	0.9576	0.6457	NA
651	job_A	A0A9E0XDV4	1	9.663e-11	461	0.44	118	1	0.9916	NA
652	job_A	A0A1F4S5Y7	1	1.812e-10	461	0.373	115	0.9746	0.9664	NA
653	job_A	A0A920D859	1	1.083e-10	461	0.421	114	0.9661	0.8028	NA
654	job_A	Q9F5E9	1	1.919e-10	461	0.385	114	0.9661	0.6514	NA
655	job_A	A0A1W9P678	1	1.712e-10	460	0.347	115	0.9746	1	NA
656	job_A	A0A950DNW9	1	3.032e-10	460	0.359	114	0.9661	0.9421	NA
657	job_A	E7G3H7	1	1.812e-10	460	0.339	115	0.9746	0.8394	NA
658	job_A	A0A968HEG5	1	5.775e-11	460	0.396	121	1.025	0.8067	NA
659	job_A	A0A644V0S1	1	1.712e-10	460	0.379	116	0.9831	0.6744	NA
660	job_A	A0A8J2BI68	1	3.4e-10	460	0.368	114	0.9661	0.6129	NA
661	job_A	A0A1H7TG69	1	7.687e-11	460	0.438	121	1.025	0.2874	NA
662	job_A	A0A357B544	1	2.554e-10	459	0.417	115	0.9746	0.9274	NA
663	job_A	A0A2H0PJ18	1	1.362e-10	459	0.417	115	0.9746	0.7516	NA
664	job_A	A0A7C5TQ62	1	1.527e-10	458	0.42	107	0.9068	1.009	NA
665	job_A	A0A7X7TRJ1	1	2.152e-10	458	0.4	115	0.9746	0.9914	NA
666	job_A	A0A6I3SNQ9	1	6.856e-11	458	0.388	121	1.025	0.9603	NA
667	job_A	A0A7C3XQY8	1	7.26e-11	458	0.338	118	1	0.8806	NA
668	job_A	A0A5C7P8J6	1	1.617e-10	458	0.4	115	0.9746	0.8519	NA
669	job_A	A0A931K982	1	1.215e-10	458	0.358	117	0.9915	0.854	NA
670	job_A	A0A654A8K3	1	1.527e-10	457	0.495	109	0.9237	0.982	NA
671	job_A	A0A229P290	1	1.286e-10	457	0.391	115	0.9746	0.8456	NA
672	job_A	A0A072NGA9	1	1.527e-10	457	0.359	114	0.9661	0.8261	NA
673	job_A	A0A2D4YUF4	1	5.454e-11	456	0.401	112	0.9492	0.896	NA
674	job_A	A0A1G9EKS5	1	1.362e-10	456	0.429	114	0.9661	0.8571	NA
675	job_A	A0A6P1R1B6	1	2.554e-10	456	0.389	113	0.9576	0.7902	NA
676	job_A	K1YNK3	1	2.412e-10	455	0.342	108	0.9153	1	NA
677	job_A	A0A7C3B2F9	1	2.412e-10	455	0.433	113	0.9576	0.9113	NA
678	job_A	A0A351UJ63	1	1.812e-10	455	0.427	110	0.9322	0.88	NA
679	job_A	A0A9D8HM18	1	4.036e-10	455	0.35	114	0.9661	0.8976	NA
680	job_A	A0A4Q1SYL0	1	1.712e-10	455	0.385	114	0.9661	0.8507	NA
681	job_A	A0A368DF99	1	2.152e-10	454	0.366	112	0.9492	0.9825	NA
682	job_A	A0A3D1ASR5	1	1.083e-10	454	0.424	113	0.9576	0.9496	NA
683	job_A	A0A9E4Q083	1	1.919e-10	454	0.41	112	0.9492	0.9032	NA
684	job_A	A0AAU7CPG6	1	2.152e-10	454	0.391	115	0.9746	0.8915	NA
685	job_A	A0A2W1JIN1	1	9.126e-11	454	0.363	121	1.025	0.9237	NA
686	job_A	F8IET2	1	2.554e-10	454	0.403	114	0.9661	0.8261	NA
687	job_A	A0A7C0Z5X2	1	2.864e-10	453	0.359	114	0.9661	0.958	NA
688	job_A	A0A7Y3XGE1	1	2.152e-10	453	0.445	119	1.008	0.9225	NA
689	job_A	A0A9D6INY1	1	2.594e-11	453	0.38	126	1.068	0.9618	NA
690	job_A	A0A7Y5W8K9	1	1.617e-10	453	0.391	120	1.017	0.8824	NA
691	job_A	A0A927C5T6	1	1.527e-10	453	0.396	116	0.9831	0.8467	NA
692	job_A	A0A6L9LVP6	1	1.712e-10	453	0.412	114	0.9661	0.8085	NA
693	job_A	A0A7R6VKH7	1	3.211e-10	452	0.396	111	0.9407	0.9487	NA
694	job_A	X1PFY1	1	7.687e-11	452	0.411	119	1.008	0.9675	NA
695	job_A	A0A0X2NQ61	1	7.26e-11	452	0.473	114	0.9661	0.8636	NA
696	job_A	A0A559K5A7	1	2.032e-10	452	0.405	116	0.9831	0.8529	NA
697	job_A	A0A972H149	1	1.712e-10	452	0.394	114	0.9661	0.8321	NA
698	job_A	A0A972ZAP5	1	2.278e-10	452	0.347	115	0.9746	0.8156	NA
699	job_A	A0A924WHR8	1	1.812e-10	452	0.406	118	1	0.7763	NA
700	job_A	A0A4P5X5I9	1	2.705e-10	452	0.4	115	0.9746	0.7188	NA
701	job_A	A0A1V4QTS9	1	3.6e-10	451	0.321	115	0.9746	0.9829	NA
702	job_A	A0A2N5MDP4	1	2.032e-10	451	0.385	114	0.9661	0.8906	NA
703	job_A	A0A1G6CSF3	1	1.712e-10	451	0.359	114	0.9661	0.8837	NA
704	job_A	A0A1G0L4B9	1	1.286e-10	450	0.371	121	1.025	0.968	NA
705	job_A	A0A916QCM8	1	1.919e-10	450	0.365	115	0.9746	0.8394	NA
706	job_A	A0A4Q7FFB9	1	3.6e-10	450	0.41	112	0.9492	0.5773	NA
707	job_A	A0A2W6BRS7	1	2.554e-10	449	0.387	111	0.9407	1	NA
708	job_A	A0A5C8GDJ3	1	4.274e-10	448	0.278	115	0.9746	0.9914	NA
709	job_A	A0A966CXF3	1	3.032e-10	448	0.429	114	0.9661	0.8976	NA
710	job_A	A0A2T2WME5	1	1.712e-10	448	0.339	115	0.9746	0.8779	NA
711	job_A	A0A9D2GU06	1	3.032e-10	448	0.355	118	1	0.831	NA
712	job_A	A0A2K9NC13	1	3.6e-10	448	0.383	112	0.9492	0.7368	NA
713	job_A	A0A971AAW0	1	2.864e-10	447	0.367	117	0.9915	1	NA
714	job_A	A0A928AJ37	1	3.6e-10	447	0.419	112	0.9492	0.9412	NA
715	job_A	A0A7C5VXG7	1	4.036e-10	447	0.428	112	0.9492	0.9032	NA
716	job_A	A0AA35TMD8	1	2.864e-10	447	0.347	115	0.9746	0.8099	NA
717	job_A	A0AAE6BFM7	1	4.274e-10	447	0.407	113	0.9576	0.729	NA
718	job_A	A0A9D8DAJ8	1	4.525e-10	447	0.421	114	0.9661	0.4851	NA
719	job_A	A0A3D6DN83	1	1.527e-10	446	0.707	89	0.7542	1	NA
720	job_A	A0A357AWL3	1	3.812e-10	446	0.389	113	0.9576	0.9113	NA
721	job_A	A0A3B8XY89	1	1.023e-10	446	0.4	120	1.017	0.9091	NA
722	job_A	A0A5C4T051	1	2.554e-10	446	0.396	116	0.9831	0.8467	NA
723	job_A	A0A1G6GDH8	1	4.274e-10	446	0.427	117	0.9915	0.8478	NA
724	job_A	A0A8T4FLR3	1	2.278e-10	446	0.428	112	0.9492	0.7778	NA
725	job_A	A0A933UTR5	1	5.688e-10	446	0.373	115	0.9746	0.5425	NA
726	job_A	A0A1J4SZ19	1	3.6e-10	445	0.42	107	0.9068	0.9727	NA
727	job_A	A0A2N0LTR9	1	2.705e-10	445	0.407	113	0.9576	0.9187	NA
728	job_A	A0A933B1B6	1	5.688e-10	445	0.356	115	0.9746	0.8456	NA
729	job_A	A0A7V6B742	1	3.211e-10	445	0.385	114	0.9661	0.8382	NA
730	job_A	A0A6A7L5U3	1	3.6e-10	445	0.347	115	0.9746	0.6805	NA
731	job_A	A0A7C6JHB0	1	4.791e-10	445	0.41	112	0.9492	0.612	NA
732	job_A	X1MT21	1	3.4e-10	444	0.407	103	0.8729	0.9904	NA
733	job_A	A0A2E5G897	1	5.073e-10	444	0.383	112	0.9492	0.8235	NA
734	job_A	A0A1G4AKD1	1	6.753e-10	444	0.391	115	0.9746	0.7823	NA
735	job_A	A0A3N9MLR6	1	4.525e-10	443	0.327	113	0.9576	0.9826	NA
736	job_A	A0A6L8V169	1	3.812e-10	443	0.396	116	0.9831	0.8722	NA
737	job_A	A0A978SZ92	1	1.617e-10	443	0.4	120	1.017	0.7895	NA
738	job_A	A0A969MXU3	1	5.372e-10	442	0.414	111	0.9407	0.925	NA
739	job_A	M1WPY3	1	1.442e-10	442	0.408	120	1.017	0.9375	NA
740	job_A	A0A3A4VEX3	1	4.525e-10	442	0.421	114	0.9661	0.2695	NA
741	job_A	A0A7Y2G0D0	1	1.442e-10	441	0.304	115	0.9746	1	NA
742	job_A	E8R2X0	1	4.525e-10	441	0.359	114	0.9661	0.8028	NA
743	job_A	A0A832PUY8	1	3.211e-10	440	0.45	111	0.9407	0.8473	NA
744	job_A	B1XKN2	1	2.412e-10	440	0.365	115	0.9746	0.6021	NA
745	job_A	A0A927BV08	1	3.6e-10	438	0.377	114	0.9661	0.8028	NA
746	job_A	A0A518ES18	1	4.036e-10	437	0.368	114	0.9661	0.8906	NA
747	job_A	A0A961AAJ9	1	9.517e-10	437	0.385	114	0.9661	0.8702	NA
748	job_A	A0A2W1LE48	1	5.688e-10	437	0.37	116	0.9831	0.8529	NA
749	job_A	A0A7V3HNY4	1	2.152e-10	436	0.353	116	0.9831	1.036	NA
750	job_A	A0A6M0BJ81	1	4.791e-10	436	0.378	111	0.9407	0.9911	NA
751	job_A	A0A1G2ZFG7	1	6.753e-10	436	0.368	114	0.9661	0.9913	NA
752	job_A	A0A7W0I4T6	1	5.372e-10	436	0.396	116	0.9831	0.8722	NA
753	job_A	A0A5C8M1P5	1	5.073e-10	436	0.405	116	0.9831	0.8722	NA
754	job_A	A0A387G2W6	1	8.016e-10	436	0.41	112	0.9492	0.7134	NA
755	job_A	A0A831U6D5	1	5.073e-10	434	0.466	105	0.8898	0.9375	NA
756	job_A	A0A1I3UI47	1	8.488e-10	434	0.398	113	0.9576	0.8129	NA
757	job_A	A0A3B9N7L2	1	6.377e-10	433	0.35	120	1.017	0.9677	NA
758	job_A	A3ITB4	1	7.15e-10	433	0.376	117	0.9915	0.7748	NA
759	job_A	B9KA30	1	8.016e-10	432	0.359	114	0.9661	0.912	NA
760	job_A	Q55382	1	8.488e-10	432	0.356	115	0.9746	0.7931	NA
761	job_A	H0HXF5	1	1.196e-09	432	0.412	109	0.9237	0.6855	NA
762	job_A	A0A1K1LGH8	1	7.15e-10	432	0.361	119	1.008	0.7484	NA
763	job_A	A0A7Z7YS82	1	5.688e-10	431	0.446	103	0.8729	0.9717	NA
764	job_A	A0A0Q1ATI6	1	7.15e-10	431	0.373	115	0.9746	1	NA
765	job_A	A0A1Z8ZQ59	1	6.377e-10	431	0.359	114	0.9661	0.9913	NA
766	job_A	A0AAN1BLP5	1	9.517e-10	431	0.41	112	0.9492	0.6292	NA
767	job_A	A0A9E5L3M9	1	8.488e-10	430	0.375	112	0.9492	0.9739	NA
768	job_A	A0A7Y3NQ83	1	6.753e-10	430	0.33	115	0.9746	0.9274	NA
769	job_A	A0A2G9YC34	1	1.13e-09	430	0.339	115	0.9746	0.8519	NA
770	job_A	A0A3N5JIY2	1	2.001e-09	429	0.347	115	0.9746	0.9583	NA
771	job_A	A0A075WV36	1	2.864e-10	429	0.338	121	1.025	1	NA
772	job_A	A0A0E3UJD2	1	1.008e-09	429	0.394	114	0.9661	0.8636	NA
773	job_A	A0A2E4IX17	1	1.008e-09	428	0.401	107	0.9068	0.9817	NA
774	job_A	A0A6V8EQN5	1	5.688e-10	428	0.4	115	0.9746	1	NA
775	job_A	A0A552Q3D0	1	4.274e-10	428	0.352	119	1.008	0.7484	NA
776	job_A	A0A377PT88	1	1.008e-09	428	0.341	126	1.068	0.6667	NA
777	job_A	A0A7X7KAP5	1	3.6e-10	427	0.461	117	0.9915	0.7548	NA
778	job_A	A0A8J2XBT4	1	7.15e-10	427	0.377	114	0.9661	0.6867	NA
779	job_A	A0A2M8G0J9	1	1.592e-09	426	0.373	115	0.9746	0.9055	NA
780	job_A	A0A933Y2C7	1	4.791e-10	426	0.452	115	0.9746	0.8915	NA
781	job_A	A0A843TAS5	1	6.023e-10	426	0.403	114	0.9661	0.8444	NA
782	job_A	A0A7C3X7I4	1	1.592e-09	425	0.427	110	0.9322	0.8943	NA
783	job_A	A0A7C7KQF6	1	5.688e-10	425	0.442	113	0.9576	0.876	NA
784	job_A	A0A7C4G088	1	3.211e-10	425	0.361	119	1.008	0.9015	NA
785	job_A	A0A6P0MLT0	1	6.023e-10	425	0.38	113	0.9576	0.7338	NA
786	job_A	A0A9D5KBE0	1	6.023e-10	425	0.321	115	0.9746	0.6886	NA
787	job_A	A0A917KBM4	1	1.267e-09	424	0.41	112	0.9492	0.8	NA
788	job_A	A0A975EKR1	1	1.008e-09	423	0.33	115	0.9746	0.9274	NA
789	job_A	A0A2M7XEQ0	1	4.525e-10	423	0.418	117	0.9915	0.9435	NA
790	job_A	A0A7C5UIX6	1	1.267e-09	423	0.356	115	0.9746	0.9055	NA
791	job_A	A0A6I3IIF2	1	1.341e-09	423	0.442	113	0.9576	0.8129	NA
792	job_A	A0A7V1EH44	1	1.686e-09	423	0.254	118	1	0.7421	NA
793	job_A	A0A2S8WML0	1	1.89e-09	422	0.324	114	0.9661	0.8444	NA
794	job_A	A0A939WKR8	1	1.89e-09	421	0.519	104	0.8814	0.8966	NA
795	job_A	B8IZG2	1	1.89e-09	421	0.377	114	0.9661	0.8085	NA
796	job_A	A0A2P1PQP6	1	5.372e-10	421	0.394	114	0.9661	0.7808	NA
797	job_A	A0A2G6DUA4	1	1.42e-09	421	0.423	111	0.9407	0.75	NA
798	job_A	B2HPX5	1	4.274e-10	421	0.384	117	0.9915	0.7222	NA
799	job_A	A0A974YEU8	1	1.504e-09	420	0.375	112	0.9492	0.7417	NA
800	job_A	A0A1Q4R5C6	1	6.377e-10	420	0.356	115	0.9746	0.7419	NA
801	job_A	A0A7Y2G3H6	1	1.13e-09	419	0.394	114	0.9661	0.9048	NA
802	job_A	A0A5R9G688	1	1.42e-09	419	0.35	114	0.9661	0.8382	NA
803	job_A	A0A1G1DH05	1	1.13e-09	418	0.466	103	0.8729	0.9904	NA
804	job_A	A0A2D6ZY61	1	2.001e-09	418	0.333	108	0.9153	0.9908	NA
805	job_A	A0AAE3HJ88	1	1.592e-09	418	0.318	116	0.9831	0.9508	NA
806	job_A	A0A7Y4WIX9	1	1.89e-09	417	0.318	116	0.9831	0.8923	NA
807	job_A	A0A4S4BPA3	1	1.785e-09	417	0.359	114	0.9661	0.8143	NA
808	job_A	A0A9E6R4U3	1	2.376e-09	417	0.383	112	0.9492	0.7619	NA
809	job_A	A0A351AF89	1	8.016e-10	416	0.293	116	0.9831	0.9667	NA
810	job_A	A0A6I7PYT5	1	4.791e-10	416	0.447	114	0.9661	0.9344	NA
811	job_A	A0A8S8XSL9	1	1.067e-09	416	0.39	110	0.9322	0.8661	NA
812	job_A	A0A1M6NCU1	1	2.119e-09	416	0.37	116	0.9831	0.7945	NA
813	job_A	A0A6M0FD74	1	8.488e-10	416	0.339	115	0.9746	0.7372	NA
814	job_A	A0A1G1HLN3	1	2.664e-09	415	0.4	110	0.9322	0.9483	NA
815	job_A	A0A4U8TIX4	1	1.008e-09	415	0.343	128	1.085	0.9846	NA
816	job_A	A0A1V5KZ57	1	1.42e-09	414	0.338	121	1.025	0.9918	NA
817	job_A	A0A2M9LDW1	1	1.686e-09	414	0.363	121	1.025	0.968	NA
818	job_A	A0A843JPN2	1	1.785e-09	413	0.419	112	0.9492	1	NA
819	job_A	A0A938J754	1	2.244e-09	413	0.333	117	0.9915	0.8931	NA
820	job_A	A0A1Y0H1Z5	1	1.13e-09	412	0.355	107	0.9068	0.9068	NA
821	job_A	A0AA35RRQ6	1	2.119e-09	412	0.362	113	0.9576	0.904	NA
822	job_A	A0A934RRZ2	1	2.516e-09	412	0.298	114	0.9661	0.8906	NA
823	job_A	A0A352W1V2	1	2.987e-09	411	0.333	114	0.9661	0.9661	NA
824	job_A	M1WT79	1	2.664e-09	411	0.373	107	0.9068	0.8843	NA
825	job_A	A0A1I6NSD9	1	1.504e-09	411	0.315	114	0.9661	0.8976	NA
826	job_A	A0A969JK96	1	2.244e-09	411	0.318	113	0.9576	0.8561	NA
827	job_A	A0A6P0X207	1	2.664e-09	411	0.341	117	0.9915	0.8797	NA
828	job_A	A0A948SQQ3	1	2.244e-09	410	0.392	112	0.9492	0.875	NA
829	job_A	A0A8T3RS54	1	2.119e-09	410	0.327	113	0.9576	0.8433	NA
830	job_A	A0A350M1E9	1	2.821e-09	409	0.364	107	0.9068	0.9907	NA
831	job_A	A0A946TX58	1	6.377e-10	409	0.364	118	1	1.026	NA
832	job_A	A5YSZ1	1	5.073e-10	409	0.341	123	1.042	1.034	NA
833	job_A	J2ZMY5	1	1.89e-09	409	0.39	110	0.9322	0.873	NA
834	job_A	A0A1C3RF24	1	4.457e-09	408	0.389	113	0.9576	0.6313	NA
835	job_A	A0A6L6VFG8	1	1.42e-09	407	0.327	119	1.008	0.9754	NA
836	job_A	A0A847B0I0	1	8.488e-10	406	0.365	123	1.042	1.008	NA
837	job_A	A0A7W2AH88	1	1.42e-09	406	0.347	121	1.025	0.8963	NA
838	job_A	A0A7V3AG74	1	2.244e-09	405	0.347	121	1.025	0.9918	NA
839	job_A	A0A2V5YTI1	1	1.89e-09	404	0.401	102	0.8644	0.9808	NA
840	job_A	A0A2V7XY49	1	5.602e-09	403	0.245	114	0.9661	1.027	NA
841	job_A	A0A327SWE7	1	5.602e-09	403	0.254	114	0.9661	0.3642	NA
842	job_A	A0A933WRI8	1	3.162e-09	402	0.415	101	0.8559	1	NA
843	job_A	A0A2R6T866	1	3.162e-09	402	0.3	113	0.9576	1	NA
844	job_A	A0A660SI28	1	3.546e-09	400	0.304	115	0.9746	0.9914	NA
845	job_A	A0A212KLL9	1	1.504e-09	400	0.381	118	1	0.6821	NA
846	job_A	A0A117LBH8	1	2.987e-09	399	0.494	91	0.7712	0.9891	NA
847	job_A	A0A2E4RJ95	1	3.546e-09	399	0.418	110	0.9322	0.9565	NA
848	job_A	A0A2M8BAC8	1	2.664e-09	399	0.254	114	0.9661	0.755	NA
849	job_A	A0A2S2DS19	1	3.975e-09	398	0.485	105	0.8898	0.9906	NA
850	job_A	A0A1F9XCE1	1	4.997e-09	398	0.353	113	0.9576	1	NA
851	job_A	A0A917I5F2	1	1.592e-09	398	0.367	117	0.9915	0.907	NA
852	job_A	A0A353BBM3	1	3.162e-09	397	0.505	91	0.7712	1	NA
853	job_A	A0A359G521	1	2.987e-09	397	0.462	93	0.7881	0.9789	NA
854	job_A	A0A7V2V0E7	1	3.754e-09	396	0.296	118	1	1.008	NA
855	job_A	A0A831WXD7	1	4.997e-09	396	0.373	115	0.9746	0.8712	NA
856	job_A	A0A7Y1UHI7	1	7.457e-09	392	0.245	118	1	1.026	NA
857	job_A	A0A660ZSU4	1	9.925e-09	392	0.284	116	0.9831	0.4014	NA
858	job_A	A0A1G2DY75	1	9.373e-09	389	0.302	109	0.9237	0.9646	NA
859	job_A	A0A389M220	1	2.987e-09	389	0.366	120	1.017	0.7362	NA
860	job_A	A0A315EME4	1	2.376e-09	387	0.444	117	0.9915	0.9	NA
861	job_A	A0A6A8QMG4	1	1.051e-08	387	0.407	108	0.9153	0.7013	NA
862	job_A	A0A1X6P9R9	1	3.349e-09	387	0.33	115	0.9746	0.2511	NA
863	job_A	A0A971GZQ6	1	9.373e-09	385	0.431	95	0.8051	0.9406	NA
864	job_A	A0A7J4USM7	1	7.042e-09	385	0.368	122	1.034	0.9242	NA
865	job_A	A0A939HR71	1	5.291e-09	385	0.333	117	0.9915	0.7697	NA
866	job_A	A0A8T4S8P2	1	1.504e-09	383	0.311	122	1.034	1.052	NA
867	job_A	A0A371QWI8	1	8.852e-09	382	0.353	113	0.9576	0.9658	NA
868	job_A	A0A961GKB1	1	9.373e-09	381	0.41	95	0.8051	1.011	NA
869	job_A	W5Y3N3	1	1.178e-08	381	0.348	112	0.9492	0.855	NA
870	job_A	A0AAE9Z3B5	1	5.602e-09	381	0.33	115	0.9746	0.7278	NA
871	job_A	A0A1M6VPA3	1	9.925e-09	380	0.383	112	0.9492	0.9412	NA
872	job_A	A0A4U3KXX0	1	5.932e-09	380	0.297	121	1.025	1	NA
873	job_A	A0A2G9ZB13	1	1.321e-08	379	0.361	108	0.9153	1.048	NA
874	job_A	A0A2P9AGB9	1	1.113e-08	379	0.458	96	0.8136	0.7742	NA
875	job_A	A0A502GCH1	1	6.651e-09	379	0.344	119	1.008	0.7677	NA
876	job_A	A0A537FM12	1	5.602e-09	377	0.51	98	0.8305	0.8596	NA
877	job_A	A0A9D9KYD2	1	4.997e-09	377	0.436	110	0.9322	0.8943	NA
878	job_A	A0A7Y7CN84	1	5.602e-09	376	0.41	112	0.9492	0.8	NA
879	job_A	A0A3A4ZHS3	1	1.758e-08	374	0.31	116	0.9831	0.2024	NA
880	job_A	A0A7C4YR40	1	3.115e-08	371	0.301	116	0.9831	0.9062	NA
881	job_A	A0A7Z1TT40	1	1.481e-08	369	0.21	114	0.9661	0.8571	NA
882	job_A	A0A937IL27	1	1.758e-08	366	0.258	116	0.9831	0.9915	NA
883	job_A	G7VEE1	1	7.896e-09	366	0.358	117	0.9915	0.8298	NA
884	job_A	A0A1G8EZX4	1	4.146e-08	361	0.252	111	0.9407	0.9328	NA
885	job_A	A0A258FBX6	1	4.209e-09	359	0.555	99	0.839	1	NA
886	job_A	X1HSN6	1	4.922e-08	359	0.446	103	0.8729	0.9717	NA
887	job_A	A0A1E4JK61	1	2.244e-09	359	0.438	121	1.025	1.12	NA
888	job_A	G8SAU3	1	3.698e-08	357	0.495	101	0.8559	0.7891	NA
889	job_A	A0AAE0RZH4	1	5.518e-08	351	0.397	88	0.7458	0.2635	NA
890	job_A	A0A2W5TS02	1	3.298e-08	350	0.283	113	0.9576	0.9912	NA
891	job_A	A0A7X7GE77	1	3.492e-08	348	0.327	113	0.9576	0.9339	NA
892	job_A	A0A2E7MXB7	1	3.915e-08	345	0.295	115	0.9746	1.018	NA
893	job_A	A0A7X9FSH7	1	9.232e-08	345	0.213	117	0.9915	0.8603	NA
894	job_A	A0A9N8HYZ6	1	4.39e-08	344	0.342	108	0.9153	0.5	NA
895	job_A	A0A251XP31	1	3.298e-08	340	0.471	89	0.7542	1.06	NA
896	job_A	A0A2N2BW33	1	3.915e-08	339	0.371	121	1.025	1.08	NA
897	job_A	A0A1V6B5S1	1	1.16e-07	338	0.42	100	0.8475	0.9615	NA
898	job_A	A0A9D2AX88	1	6.936e-08	338	0.444	108	0.9153	0.9908	NA
899	job_A	A0A950ZEB2	1	3.115e-08	338	0.206	121	1.025	1.071	NA
900	job_A	A0A965CE52	1	4.922e-08	336	0.51	100	0.8475	0.9524	NA
901	job_A	A0A959TJE5	1	1.096e-07	335	0.526	95	0.8051	0.9223	NA
902	job_A	A0A512D522	1	5.518e-08	335	0.453	108	0.9153	0.72	NA
903	job_A	A0A3E0NDN9	1	8.719e-08	334	0.311	122	1.034	0.8714	NA
904	job_A	A0A9N8DZ52	1	9.775e-08	332	0.351	108	0.9153	0.3649	NA
905	job_A	A0A3M1SAZ3	1	2.584e-07	327	0.414	94	0.7966	0.9691	NA
906	job_A	A0A833KZW1	1	2.177e-07	327	0.33	103	0.8729	1	NA
907	job_A	A0A1H8SGK4	1	2.897e-07	327	0.285	105	0.8898	0.9375	NA
908	job_A	A0A9E4H8I9	1	1.545e-07	326	0.309	113	0.9576	0.9339	NA
909	job_A	A0A6B3N2X4	1	3.068e-07	323	0.469	83	0.7034	0.9326	NA
910	job_A	A0A9E5QSF6	1	7.344e-08	323	0.367	117	0.9915	1.045	NA
911	job_A	A0A5Q3L567	1	1.229e-07	323	0.313	115	0.9746	0.9914	NA
912	job_A	A0A953BDI4	1	1.635e-07	322	0.433	106	0.8983	0.8217	NA
913	job_A	A0A2N9VT76	1	4.578e-07	322	0.388	103	0.8729	0.7464	NA
914	job_A	A0A355E4F1	1	2.897e-07	320	0.256	117	0.9915	0.9213	NA
915	job_A	A0A537KC32	1	4.323e-07	319	0.424	99	0.839	0.9802	NA
916	job_A	A0A382C2T8	1	2.736e-07	319	0.418	98	0.8305	0.8991	NA
917	job_A	X5ZUW8	1	2.736e-07	318	0.438	89	0.7542	0.9889	NA
918	job_A	A0A7X9CCH9	1	2.897e-07	318	0.424	106	0.8983	0.8346	NA
919	job_A	A0ABD5DG65	1	1.16e-07	317	0.909	77	0.6525	1	NA
920	job_A	G2FK10	1	5.754e-07	316	0.425	101	0.8559	0.8938	NA
921	job_A	A0A354FBL7	1	5.435e-07	315	0.394	104	0.8814	0.9123	NA
922	job_A	A0A9E2LPF8	1	6.093e-07	312	0.432	97	0.822	1	NA
923	job_A	A0A3D9SMZ6	1	7.659e-07	312	0.434	99	0.839	0.8761	NA
924	job_A	A0A838HPC6	1	7.233e-07	311	0.39	105	0.8898	0.9459	NA
925	job_A	A0A4V1SKP4	1	7.233e-07	307	0.494	93	0.7881	0.6503	NA
926	job_A	A0A3D3FEI4	1	5.754e-07	305	0.435	101	0.8559	0.9528	NA
927	job_A	A0A4Q3CWU5	1	1.019e-06	303	0.417	91	0.7712	0.9785	NA
928	job_A	A0AAP2DSP8	1	4.323e-07	303	0.457	94	0.7966	0.9691	NA
929	job_A	A0A947IUD5	1	1.357e-06	303	0.419	93	0.7881	0.9208	NA
930	job_A	A0A328TRI2	1	5.754e-07	300	0.65	80	0.678	0.9877	NA
931	job_A	A0A348ZKH7	1	1.21e-06	298	0.442	95	0.8051	0.8333	NA
932	job_A	A0A9X2E0X7	1	7.659e-07	298	0.381	97	0.822	0.8017	NA
933	job_A	A0A1R0KFQ7	1	4.578e-07	298	0.22	109	0.9237	0.4619	NA
934	job_A	J9R8L9	1	1.706e-06	297	0.413	87	0.7373	0.9255	NA
935	job_A	A0A535CBE3	1	5.754e-07	297	0.446	103	0.8729	0.8175	NA
936	job_A	M3IDC8	1	9.092e-07	295	0.458	85	0.7203	0.977	NA
937	job_A	A0AA96Y9C8	1	9.092e-07	294	0.226	119	1.008	0.4312	NA
938	job_A	A0A2V5V3P5	1	3.021e-06	291	0.44	93	0.7881	0.8158	NA
939	job_A	A0A847VWB6	1	1.611e-06	290	0.224	116	0.9831	0.428	NA
940	job_A	A0A5R2N031	1	2.144e-06	288	0.493	83	0.7034	0.9765	NA
941	job_A	A0A6N2UY69	1	2.144e-06	286	0.326	101	0.8559	1.02	NA
942	job_A	X0SHK5	1	3.587e-06	285	0.53	81	0.6864	0.9419	NA
943	job_A	A0A1V3RR42	1	2.404e-06	283	0.426	89	0.7542	0.9889	NA
944	job_A	A0A9D7LD94	1	1.437e-06	283	0.186	123	1.042	0.7593	NA
945	job_A	U5C5F7	1	1.521e-06	282	0.44	100	0.8475	1	NA
946	job_A	A0A380FKC6	1	1.611e-06	279	0.431	102	0.8644	0.9358	NA
947	job_A	A0A0K2RLG3	1	9.628e-07	275	0.478	94	0.7966	1.022	NA
948	job_A	A0A4Q3TUH4	1	7.544e-06	270	0.602	83	0.7034	1	NA
949	job_A	Q21QU6	1	3.199e-06	268	0.456	92	0.7797	1.022	NA
950	job_A	A0A3D5NJT8	1	9.482e-06	264	0.56	82	0.6949	1	NA
951	job_A	A0A535E255	1	5.668e-06	264	0.229	109	0.9237	0.3964	NA
952	job_A	A0A7J4VAU6	1	1.68e-05	259	0.5	84	0.7119	0.9882	NA
953	job_A	A0A1G3BSJ9	1	2.507e-05	257	0.43	79	0.6695	0.9875	NA
954	job_A	A0A9D8HKM7	1	1.68e-05	247	0.303	102	0.8644	0.9444	NA
955	job_A	A0A6B2YMM0	1	2.507e-05	247	0.226	119	1.008	0.4359	NA
956	job_A	A0A7V4HIS7	1	8.458e-06	246	0.349	103	0.8729	0.9537	NA
957	job_A	A0A352CCF7	1	3.741e-05	244	0.46	89	0.7542	1	NA
958	job_A	A0A259GRH8	1	9.628e-07	242	0.521	115	0.9746	1.036	NA
959	job_A	A0A510Y851	1	1.994e-05	235	0.303	102	0.8644	0.9533	NA
960	job_A	A0A660VIN1	1	0.0001047	232	0.43	79	0.6695	1	NA
961	job_A	A0A970CIU2	1	8.82e-05	231	0.512	82	0.6949	1	NA
962	job_A	A0A6P0N529	1	3.961e-05	231	0.284	102	0.8644	0.9903	NA
963	job_A	A0A3D5S1H9	1	8.82e-05	228	0.436	87	0.7373	0.9886	NA
964	job_A	A0A7R8WSY0	1	5.668e-06	227	0.307	127	1.076	0.2566	NA
965	job_A	A0A853KAJ9	1	8.33e-05	223	0.295	98	0.8305	0.8991	NA
966	job_A	A0A1Q7WAW2	1	0.0001109	220	0.519	77	0.6525	1	NA
967	job_A	A0A1V5CX11	1	0.0001174	219	0.423	85	0.7203	0.8854	NA
968	job_A	A0A2M8PJP7	1	0.0001752	217	0.372	94	0.7966	0.7769	NA
969	job_A	A0A6M0AXB9	1	0.0001964	215	0.481	79	0.6695	1	NA
970	job_A	A0A238DJU6	1	1.192e-05	209	0.341	117	0.9915	0.5939	NA
971	job_A	A0A965FY46	1	0.0002768	207	0.397	83	0.7034	0.8218	NA
972	job_A	A0A533XLQ9	1	0.0003901	205	0.385	83	0.7034	0.9881	NA
973	job_A	A0A3L7PZ50	1	0.0006911	203	0.434	76	0.6441	0.9383	NA
974	job_A	A0A8J4H4K3	1	0.001373	169	0.145	96	0.8136	0.7007	NA
975	job_A	A0A952ZZ66	1	0.003842	168	0.164	97	0.822	0.6783	NA
976	job_A	A0A7S0C022	1	0.0006527	168	0.2	115	0.9746	0.5583	NA
977	job_A	A0A7C1E0J6	1	0.002048	147	0.145	96	0.8136	0.7111	NA
978	job_A	A0A819KD03	1	0.01277	145	0.17	82	0.6949	0.5616	NA
979	job_A	A0A842I546	1	0.005415	136	0.214	84	0.7119	0.5283	NA
980	job_A	A0A813VBN0	1	0.00483	136	0.147	88	0.7458	0.5333	NA
981	job_A	A0AAE2XX56	1	0.01799	134	0.172	81	0.6864	0.0911	NA
982	job_A	A0A815WHS4	1	0.03784	127	0.168	77	0.6525	0.6111	NA
983	job_A	A0A9E7JUY5	1	0.01905	114	0.118	110	0.9322	0.1897	NA
984	job_A	A0A842SVQ8	1	0.02536	113	0.123	105	0.8898	0.146	NA
985	job_A	A0A842VBW1	1	0.04493	111	0.121	82	0.6949	0.1454	NA
986	job_A	A0A842R4V0	1	0.05037	108	0.113	79	0.6695	0.1113	NA
987	job_A	A0A497PEI2	1	0.09448	108	0.136	88	0.7458	0.1011	NA
988	job_A	A0AA36N852	1	0.05647	103	0.07	100	0.8475	0.8621	NA
989	job_A	X1IBF2	1	0.07959	102	0.152	85	0.7203	0.368	NA
990	job_A	A0A0F9H972	1	0.2228	100	0.135	81	0.6864	0.125	NA
991	job_A	A0AAD4LTH5	0.999	0.08427	98	0.063	95	0.8051	0.0863	NA
992	job_A	A0A841HX17	0.999	0.04757	97	0.163	92	0.7797	0.342	NA
993	job_A	A0A812V984	0.999	0.1332	97	0.108	92	0.7797	0.1603	NA
994	job_A	A0A316UPT5	0.999	0.1059	97	0.085	82	0.6949	0.0711	NA
995	job_A	L8HFS5	0.998	0.1	95	0.076	92	0.7797	0.0767	NA
996	job_A	A0A524DPD2	0.998	0.04757	94	0.147	88	0.7458	0.2061	NA
997	job_A	E0VNU9	0.994	0.1877	87	0.152	85	0.7203	0.5944	NA
998	job_A	X1G7I9	0.986	0.2645	81	0.085	94	0.7966	0.1958	NA
999	job_A	A0A0E9NJQ8	0.956	0.2359	73	0.113	106	0.8983	0.0959	NA
1000	job_A	A0A1S3TQZ8	0.692	0.2104	57	0.115	113	0.9576	0.143	NA
