candidate_id	distance_A	tm_score	identity
Q0TLK2	4.55	0.9333	0.991
B7NI91	4.46	0.9306	1
A0A376ZNN1	4.37	0.9322	1
B4SUA6	4.50	0.9321	0.957
B1IQK9	4.82	0.9283	1
B1XCA6	4.44	0.9305	1
B5YZG7	4.91	0.9286	1
B1LGT2	4.84	0.9282	1
Q3Z5M9	4.39	0.9283	1
P65663	4.52	0.9329	0.957
A7ZHM0	4.69	0.9283	1
A7ZW80	4.48	0.9306	1
P0A792	4.50	0.9307	1
B7LGJ3	5.05	0.9279	1
B7UIH9	4.36	0.9289	1
A1A7H7	5.04	0.9284	1
Q326A6	5.07	0.9282	1
C0Q5P2	4.53	0.9331	0.957
Q0T870	4.39	0.9283	1
B5FIX6	4.50	0.9332	0.949
A9MZS9	4.53	0.9328	0.957
B4TXN2	4.50	0.9331	0.957
B5F831	4.52	0.933	0.957
P0C7I4	5.00	0.9283	1
P0A790	5.05	0.9279	1
P0A791	4.44	0.9306	1
B6HZA6	4.75	0.9283	1
B7M172	5.00	0.9281	1
B7MNZ3	4.41	0.9304	1
Q5PDB9	4.53	0.9333	0.957
A8ALF1	4.54	0.9326	0.957
B5RHB9	4.54	0.9332	0.957
Q32K78	4.88	0.9283	1
B7LW38	4.44	0.9307	1
B5BL63	4.54	0.9329	0.957
Q1RG60	5.01	0.9281	1
B5R3E4	4.57	0.9327	0.957
P0A793	4.42	0.9282	1
B4TK03	4.52	0.9329	0.957
B2U2X8	4.61	0.9283	1
G5S6F5	4.53	0.933	0.957
B7N801	5.03	0.9281	1
Q57T75	4.51	0.933	0.957
C4ZRM4	5.00	0.9281	1
P65662	4.64	0.9321	0.957
B7MBB4	5.01	0.9282	1
A9MPM3	4.67	0.9323	0.957
A4W6N6	4.53	0.9309	0.915
A0A2S9UED0	4.77	0.9329	0.872
A7MGP8	4.53	0.933	0.872
A0A0H3GRW9	4.44	0.9228	0.896
A0A5U3NPZ0	4.51	0.8715	0.954
A0A366I841	4.52	0.9311	0.813
B2VD17	5.26	0.9249	0.779
B4EUD1	4.60	0.931	0.796
C6DC49	5.19	0.9271	0.788
Q7N871	4.52	0.9312	0.762
Q1C3V6	4.52	0.9305	0.779
Q6D1X4	4.58	0.9307	0.752
A4TPV3	4.53	0.9306	0.779
A7FM24	4.49	0.9307	0.788
A0A380QNF7	4.56	0.9305	0.788
B2K532	5.10	0.9264	0.788
A8GIZ8	5.20	0.9279	0.796
B1JK37	5.12	0.9239	0.788
A1JJN6	4.86	0.9251	0.788
Q66EG5	5.13	0.9242	0.788
Q8ZBK6	5.17	0.9249	0.779
Q1CLW2	5.19	0.925	0.779
E9CLG3	4.55	0.9299	0.762
C5B9K4	5.78	0.9201	0.762
Q2NVR4	5.08	0.9239	0.771
A9R1G4	5.83	0.9205	0.779
A0AAV3M5X5	4.53	0.9259	0.669
A0A7R9LA66	4.52	0.9172	0.547
A0A4R0FK03	4.57	0.9182	0.559
B8GNA7	4.49	0.9199	0.576
A0A9D7MZZ1	4.53	0.9206	0.578
A0A2Z6IJ20	4.40	0.9227	0.521
A0A385ESN2	4.58	0.918	0.567
A0A970S7P9	4.56	0.9183	0.567
A5WHA7	4.48	0.9147	0.635
A0AAN4MF58	4.56	0.9174	0.559
B7I7B4	5.25	0.9145	0.567
A1VKS5	4.56	0.9153	0.582
C4L931	5.25	0.9174	0.561
N8WBL4	4.60	0.9179	0.567
B0VTX3	5.28	0.9133	0.567
A0AAE6WUI5	4.56	0.9151	0.559
Q4FVB6	6.02	0.9116	0.618
A0A9X1WYV8	4.56	0.9178	0.567
B7GYR1	4.95	0.9148	0.567
A0A3E1D919	4.53	0.9063	0.578
Q87EV8	4.68	0.9127	0.539
A0A145X5I0	4.59	0.9162	0.559
A0A9D7KDB0	4.52	0.9058	0.57
B8GYS2	4.60	0.9153	0.55
B0T725	4.52	0.918	0.559
Q1QED7	4.91	0.9122	0.618
A0A520S9G7	4.61	0.9256	0.539
A0A537E5G1	4.56	0.9165	0.504
A1AUV5	5.04	0.9104	0.491
A0A2V5NXA9	4.50	0.9142	0.513
A0A537H0G7	4.48	0.9183	0.504
A0A537FB65	4.51	0.9148	0.495
A0A1Q7SQP4	4.49	0.9165	0.504
Q02FU1	4.55	0.9078	0.52
A0A537H879	4.45	0.9153	0.513
A0A062UCB9	4.52	0.9123	0.559
Q7NXI9	4.83	0.9042	0.582
A0A377WCL7	4.55	0.8055	0.85
A0A1Q7IDQ2	4.52	0.9131	0.513
A0A537FS56	4.75	0.915	0.513
A0A537FXW5	4.54	0.9178	0.504
A0A060GY28	4.79	0.9139	0.539
Q31FF9	4.33	0.9129	0.528
A0A2G2LX95	4.53	0.9145	0.528
A0A7Y4UKY9	4.76	0.9101	0.553
Q6F8I6	5.12	0.9132	0.567
B0V8G1	5.29	0.9134	0.567
A0A537GAP5	4.64	0.9145	0.486
A0A537DUH3	4.45	0.9162	0.478
A0A7W2GG94	4.55	0.9206	0.482
A0A537DHD8	4.50	0.9158	0.504
Q9RWF1	4.68	0.9182	0.525
Q21LV5	4.70	0.9201	0.52
A0A2N7VCF4	4.60	0.9067	0.586
A0A318SFA4	4.64	0.9136	0.539
A0A537HBK2	4.52	0.9156	0.504
Q1IYG7	4.45	0.9174	0.53
Q1H3S3	5.18	0.9013	0.573
A3M2W9	4.81	0.9143	0.567
A0A1Q7BBI6	4.51	0.9179	0.504
A0A1Q7QV33	4.54	0.9185	0.504
Q7WHJ6	4.99	0.9026	0.565
Q605G8	4.94	0.9068	0.567
A0A1F3C3U0	4.70	0.912	0.526
A0A1Q6Z855	4.52	0.9131	0.5
Q9A602	4.58	0.9153	0.55
Q7VXF8	5.13	0.9059	0.556
B4SRY6	4.85	0.9078	0.495
Q1QSZ7	4.55	0.9152	0.52
B0RTT9	4.86	0.9089	0.495
A0A537FFL9	4.48	0.916	0.495
A0A2E0TA27	4.38	0.9199	0.57
A5G3A2	5.12	0.9081	0.516
C6E3N6	4.64	0.9157	0.508
A0A1Q7ZRG3	4.54	0.9184	0.504
C1D7F0	4.56	0.9118	0.556
A0A4Y6PTL4	4.63	0.91	0.516
A0AA39CK22	4.68	0.9064	0.495
B4RH30	4.57	0.9149	0.525
A1SSG7	4.70	0.9119	0.537
Q3BUL4	4.82	0.9098	0.487
A6VCI7	4.72	0.9071	0.52
B5E844	4.92	0.909	0.516
A0PV49	4.67	0.9207	0.508
A0A1Q7P511	4.44	0.9156	0.478
Q0VSR5	5.19	0.907	0.52
A4VPM8	4.62	0.9017	0.52
A0A972J6F3	4.66	0.9143	0.508
Q2KY48	5.03	0.9032	0.573
Q2P379	4.77	0.9098	0.495
Q8P9S8	4.80	0.9107	0.487
B2T171	4.80	0.8992	0.568
A0A1B4PUF7	4.57	0.9098	0.577
A0A929HJY0	4.59	0.9114	0.504
A0A1L3MJD6	4.66	0.9196	0.53
A0A3M3EW83	4.58	0.9052	0.52
Q7W972	4.87	0.9106	0.565
B2HUM1	3.64	0.9104	0.567
Q9HV68	4.54	0.9078	0.512
Q12F35	5.16	0.9068	0.561
Q47B64	5.28	0.9013	0.603
A0A7C1XEQ1	4.49	0.9073	0.52
A0A4P2QHI4	4.49	0.9147	0.533
Q5H0A6	4.83	0.9086	0.495
Q9PGR7	4.94	0.9123	0.495
A0A2E9SLD8	4.54	0.906	0.487
A0A5Q2Q6U2	4.60	0.9112	0.547
A0A1Q7MNQ7	4.46	0.9177	0.478
B2FL70	4.84	0.9078	0.495
A0A0J5ZEC8	4.84	0.9085	0.551
A0A537EAJ2	4.49	0.9144	0.486
A0A7V4UVV9	4.61	0.9116	0.5
A0A537EST4	4.48	0.912	0.504
A3Q6Y4	4.97	0.9199	0.491
A0A3N6NI46	4.58	0.9091	0.568
A0A937CGR1	4.52	0.9201	0.47
Q4UTV7	4.81	0.911	0.487
A0A537DMS7	4.44	0.9158	0.469
A0A2H9SED5	4.61	0.9197	0.466
C5C713	4.59	0.9199	0.526
A0A1E3RTK4	4.70	0.9212	0.508
A0A2E5YLE5	4.55	0.9199	0.483
A0A1J5IN43	4.63	0.9112	0.535
Q5SKN7	5.07	0.9133	0.5
Q3SH81	3.75	0.8955	0.545
B8JAL2	4.76	0.9082	0.535
A0A2G3K0C0	4.65	0.909	0.545
A0A951AUW2	4.53	0.9164	0.482
Q72L22	4.89	0.9136	0.5
B0U1Q4	4.95	0.9129	0.504
A0A7G9L2X8	4.54	0.9195	0.526
Q0C2E7	5.02	0.904	0.586
Q848I5	5.37	0.904	0.52
A3MLN3	4.75	0.902	0.577
Q63W98	4.76	0.9011	0.577
A4T5N4	4.66	0.9214	0.491
A0A0H5BBM8	4.54	0.9104	0.517
A0A956GPI9	4.51	0.9169	0.526
A0AAU3FUI2	4.72	0.9174	0.526
X7ZVG2	4.45	0.9197	0.5
C5BN52	4.70	0.9203	0.504
Q8PLK9	4.83	0.9099	0.487
Q143J3	5.08	0.8946	0.568
A0A1Y5Q0Y3	4.50	0.9097	0.528
A0A562DMF6	4.50	0.9191	0.508
Q2LSQ4	5.04	0.892	0.486
A6VUR3	4.89	0.9181	0.504
A1TG34	4.69	0.9194	0.5
A1RAZ4	5.15	0.9194	0.543
A6SUW8	4.53	0.9053	0.535
A0A9W3JZ81	4.60	0.9071	0.56
A0A1F1TTG7	4.63	0.92	0.517
A0A0E4H235	4.54	0.9196	0.508
C1D1G6	4.63	0.9139	0.53
A3NSK7	4.78	0.9011	0.577
P65661	4.63	0.922	0.483
A0A7Y8GW29	4.59	0.9057	0.495
A0A518CPW6	4.55	0.9039	0.47
A0A2W2EYS6	4.56	0.9158	0.513
B7V1E3	4.88	0.9068	0.52
A9EUF9	4.51	0.9151	0.542
A0A537HXX3	4.55	0.914	0.47
A0A2D9XUH0	4.44	0.9104	0.469
A0A7Y9E157	4.61	0.9173	0.482
A4G215	4.84	0.897	0.543
Q3A3I8	4.83	0.9062	0.478
E8UZY0	4.39	0.9224	0.47
Q6ALV4	5.26	0.9085	0.469
Q2T096	4.78	0.9012	0.568
Q1CXC6	4.63	0.909	0.469
B1Y852	4.63	0.9162	0.512
A0A6H1W2X4	4.23	0.919	0.5
A0A3B0WVW7	4.53	0.9125	0.52
U2PT98	4.47	0.9128	0.543
B0K363	5.10	0.9114	0.461
B0KC92	5.15	0.912	0.461
Q8XVU6	5.08	0.9011	0.521
A5U8S6	4.79	0.9214	0.483
A0A5C1ANS6	4.46	0.9144	0.469
A2SAE9	4.74	0.9009	0.577
B1JWS9	4.86	0.9002	0.56
A7H796	5.31	0.9054	0.526
P9WIL3	4.66	0.9219	0.483
B2GGA2	4.75	0.9193	0.508
A0A9P6PBL1	4.54	0.9138	0.508
A3N6X1	4.81	0.902	0.568
Q47NS4	4.66	0.9105	0.491
P9WIL2	4.62	0.9221	0.483
A1SDW8	5.05	0.9166	0.473
A0A1W1DU36	4.52	0.8994	0.5
A0A2U1C6Y1	4.68	0.9127	0.52
A2SLT3	4.95	0.9046	0.521
Q62LE8	4.74	0.9008	0.577
B4UHC8	4.66	0.9093	0.535
C1AI59	4.55	0.9205	0.483
C0ZPL4	4.91	0.905	0.469
A0A354R7E5	4.50	0.8554	0.49
A0A380WAE4	4.74	0.9199	0.452
A0A7C4STN4	4.41	0.9202	0.504
C3XBD9	4.60	0.9105	0.535
J6IZ40	4.43	0.9126	0.491
A0A1H3GIF9	4.62	0.9151	0.5
A1V5W9	4.85	0.9006	0.577
B2JEQ8	5.82	0.8993	0.56
Q2IGV9	4.87	0.9069	0.526
A0A917JY36	4.83	0.9095	0.478
D4XAJ7	4.47	0.909	0.556
E0N8L5	4.49	0.9127	0.521
Q3JUY9	4.84	0.9009	0.577
A1KPT6	4.64	0.9214	0.483
A0A2D5Y189	4.71	0.9159	0.504
A0A495HZN3	4.58	0.9133	0.52
A0A4Q5NR85	4.69	0.9197	0.469
A0A4R5TWA7	4.44	0.9142	0.517
A0A1Y0BY55	4.54	0.9204	0.486
A0A7K3LIM3	4.73	0.9053	0.517
Q743Y4	5.11	0.9203	0.475
A0A0A0BMQ5	4.55	0.9208	0.5
A0A450ZE47	4.50	0.9073	0.495
Q0AMS2	4.83	0.9142	0.508
Q1B2L9	4.52	0.9197	0.491
B8H729	4.48	0.9185	0.491
C1BA76	5.20	0.9052	0.458
Q0S8D4	5.05	0.9059	0.466
A0A286EHZ7	4.64	0.9179	0.486
A0A2E3NF17	4.55	0.9112	0.478
A0A6P2CDE7	4.58	0.9072	0.486
G0AAT4	4.59	0.9096	0.52
Q9ZHI5	4.56	0.8963	0.556
B2UC88	5.07	0.9027	0.516
C1DFK0	4.83	0.9086	0.512
A1WBI2	5.03	0.9089	0.512
A1KUB3	4.50	0.9138	0.504
P58286	4.66	0.9165	0.517
A4F6T1	4.79	0.9172	0.517
A0A3A8JLZ9	4.55	0.9109	0.457
B4RMD5	4.54	0.9124	0.504
A0A7C7QZS8	4.36	0.9128	0.432
A0A895YBB4	4.67	0.9197	0.473
A0A7K0BXZ1	4.17	0.9117	0.508
Q5WSM2	4.61	0.905	0.495
A0A2E3SMX6	4.61	0.8935	0.469
A0A357BTC8	4.74	0.9159	0.469
A0A7W0HR21	4.53	0.9072	0.495
A0A316ASK6	4.67	0.8927	0.478
A0A7Z0K9A5	4.55	0.9191	0.495
B8I2Z2	4.99	0.9131	0.5
A0A961FD44	4.43	0.911	0.5
A0A8T7KAF8	4.64	0.9058	0.474
Q3JCP7	4.53	0.9102	0.487
A9BV13	4.70	0.9078	0.52
Q9JU49	4.46	0.9134	0.513
A0K9L6	4.76	0.8992	0.56
A0A139D473	4.63	0.9095	0.482
A0A9E4MP87	4.71	0.915	0.5
A0A940QIR5	4.47	0.9163	0.474
A0A6L4YBF8	4.67	0.9154	0.457
A0A0W0VG54	4.63	0.903	0.521
A0A1B1BEP8	4.47	0.9147	0.517
A0A1V5QXN3	4.58	0.8941	0.5
A0A2D4SRC0	4.51	0.917	0.486
Q9AMS6	5.04	0.9084	0.435
A0LF66	4.89	0.904	0.46
Q5ZRF3	4.59	0.9073	0.486
A0A960PLB6	4.66	0.9045	0.469
A1WUU3	5.78	0.9072	0.495
A0AAW8EPG2	4.59	0.9076	0.495
A0A1F9API6	4.60	0.92	0.432
A0A1Q7A8P0	4.83	0.9092	0.434
C6M2F7	4.57	0.9082	0.521
A0A4R6VI13	4.57	0.9173	0.482
A0A1C4VEB4	4.82	0.9155	0.491
A5CNC0	4.55	0.9172	0.513
A0A1M7XY14	4.61	0.9127	0.491
A0AB37U538	4.50	0.9156	0.526
A0A0W0XH37	4.77	0.91	0.495
A0A923TNC7	4.60	0.9164	0.473
A0A2H5B0T4	4.55	0.92	0.5
F8A4S3	4.07	0.9201	0.491
A0A510V087	4.86	0.9208	0.508
A9WT19	5.13	0.9095	0.462
A0A960QEB0	4.62	0.9018	0.491
A0AA37UKQ7	4.45	0.9092	0.52
A0A6L9S2L1	4.67	0.9128	0.447
A0A960AEZ3	4.25	0.918	0.491
A0A1G9TMH6	4.76	0.9152	0.491
A0A9D9E0L1	4.60	0.8939	0.456
A0A4Q2TAS9	4.55	0.9194	0.482
A0A4R2JLQ8	4.65	0.917	0.464
A0A0H5CSH0	4.72	0.9116	0.482
B9MEY1	4.76	0.9085	0.512
T0ZHU4	4.56	0.8723	0.544
A0A1F9BPQ1	4.54	0.9064	0.432
A0A1X7CAT6	4.28	0.9204	0.5
A0A975MIG1	4.76	0.9175	0.471
A0A402DR51	4.69	0.9205	0.482
B3R6Q3	4.69	0.8993	0.55
B3PCR4	5.74	0.9049	0.5
Q9JZ56	4.63	0.9105	0.495
B1YUU0	4.81	0.9004	0.551
A0A1Q8BJ07	4.67	0.8847	0.513
A0A2V8T945	4.54	0.9077	0.486
A0A538N4S7	4.51	0.9184	0.482
Q39DU8	4.86	0.904	0.52
A0QA94	4.82	0.9172	0.5
A0A1G6R1R9	4.83	0.9098	0.5
A0A1M3EMY0	4.42	0.9188	0.444
A0A1G0ZRM3	4.64	0.9167	0.417
A0A7V9DVE6	4.64	0.9184	0.469
E5AN51	4.53	0.9129	0.516
A0AB33VFQ7	4.44	0.9077	0.508
B1VHK2	4.70	0.9035	0.508
A0A6G3DCG1	4.55	0.9149	0.508
A0A850DK61	4.93	0.9024	0.441
A0A511JCK4	4.66	0.9207	0.5
A6LWN4	4.56	0.919	0.454
Q12D75	5.00	0.9079	0.52
Q0BCS7	4.82	0.9007	0.516
A1UMH9	5.09	0.9172	0.491
Q9CD57	5.10	0.9156	0.491
A0A3M1Z6A1	4.64	0.9139	0.5
A0A3D4WVD5	4.47	0.9136	0.469
A0A1D3DYD7	4.74	0.9119	0.517
A0A833M6G0	4.54	0.9113	0.474
A0A9D6ZM43	4.57	0.8962	0.482
H8KXH0	4.62	0.885	0.495
A0A7W7G7Z9	4.56	0.9208	0.491
A0A062X005	4.64	0.9124	0.491
A0A653T900	4.61	0.9051	0.464
A0PXQ5	4.80	0.9127	0.433
A8M8F2	4.84	0.9175	0.482
Q2JE00	4.78	0.9136	0.474
A0A2V6CE69	4.52	0.9156	0.408
A0A4V1BDW7	4.52	0.9161	0.5
A4SWK6	5.08	0.9024	0.53
A5CW02	5.17	0.8991	0.469
Q3A9L2	4.84	0.9143	0.454
A0A3D1CW71	4.74	0.896	0.47
A0A395M3M6	3.96	0.9068	0.469
A0A7Y2PA35	4.60	0.9011	0.471
A0A1I1I7N6	4.72	0.8917	0.495
A0A5E4Y3Y2	4.56	0.9105	0.508
A0A918R5Y9	4.64	0.9118	0.5
A0A4Q5T8L7	4.49	0.9147	0.473
A0A2T6L7F2	4.63	0.9186	0.473
A9AHJ2	4.82	0.9018	0.524
Q88Z02	5.00	0.9117	0.482
A0A948G1R4	4.48	0.9132	0.4
A0A0Q1B199	4.52	0.9064	0.469
A0A929D4T2	4.70	0.9115	0.464
L8P0Z5	4.62	0.906	0.473
A0A1V5KP05	4.39	0.9063	0.435
F8AZB5	4.63	0.9152	0.473
A0A1G7CB15	4.17	0.9125	0.491
A0A1G9PPG5	4.72	0.8928	0.486
Q65I58	4.96	0.9114	0.479
Q2RM59	4.51	0.9174	0.456
A0LRC6	4.82	0.9161	0.482
B8ZU50	4.66	0.9215	0.466
Q0RB93	4.65	0.9133	0.482
A0A8T3KMG0	4.59	0.9003	0.443
A0A7C6KZ59	4.65	0.9102	0.444
A0A3M0ZIH5	4.98	0.9136	0.482
A0A6C1SX81	4.54	0.9036	0.443
A0A968TUE1	4.55	0.9097	0.446
A0A961S9W9	4.89	0.922	0.46
A0A1H6YRE2	4.59	0.9182	0.464
A0A1Q7ASG4	4.49	0.8978	0.426
A0A8J6LTK2	4.70	0.9144	0.478
A0A7C2EQ04	4.49	0.9149	0.491
A0A3T0Y984	4.27	0.9138	0.495
A0A365ZGK0	4.20	0.9171	0.447
Q5X0V0	4.59	0.906	0.486
A8LCM7	4.91	0.9174	0.482
A0A7X7F9N7	4.46	0.9138	0.411
E6W3Q9	4.82	0.9138	0.443
A0A543AWS3	4.66	0.9219	0.482
A0A2A9F0U0	4.48	0.9183	0.5
A1AXA6	4.54	0.901	0.46
A4JGX2	4.72	0.9003	0.524
Q3AQL9	4.75	0.9118	0.452
A0A939XGU5	4.57	0.8763	0.521
A0A948C8U0	4.73	0.9131	0.377
A0A937LHY9	4.32	0.9136	0.426
A0A5C6E1X9	4.56	0.9076	0.438
A0A2E5IBU2	4.39	0.9181	0.479
A0A5J4KD92	4.54	0.9057	0.5
A0A1Y2K3Z0	4.53	0.9106	0.479
A0A518GJL3	4.79	0.9051	0.415
A0A1X1MH73	4.68	0.9182	0.491
A0A345SYU4	4.51	0.9181	0.5
A0A455U071	4.73	0.9076	0.504
B9ML76	4.64	0.9117	0.413
A0K1U2	5.45	0.9162	0.508
A4XCQ3	5.21	0.9127	0.473
A0A1G1PQ70	4.64	0.904	0.452
A0A960WDI9	4.51	0.9102	0.449
A0A7X7A0W9	4.94	0.9127	0.469
A0A9Q4CU88	4.50	0.9183	0.486
B4SCF6	4.74	0.9146	0.434
Q826E8	4.62	0.9149	0.487
A0A7Y8MLW9	4.45	0.7997	0.582
A0A944UGC7	4.42	0.9117	0.436
A0AA48KFW1	4.50	0.9034	0.508
A0A944EAL2	4.55	0.9138	0.456
A0A8J7HKL6	4.48	0.9015	0.412
A0A7J5UNL4	4.52	0.9213	0.447
A0A7J9V2R9	4.13	0.9198	0.447
A0A1C6RBZ0	4.64	0.9193	0.491
B4E8E6	4.65	0.899	0.524
Q1BUH0	4.84	0.8996	0.524
Q21U10	5.72	0.8962	0.512
A0A971QLZ6	4.50	0.9129	0.443
A0A948BXP4	4.80	0.9014	0.417
A0A7C5JNI3	4.61	0.9048	0.41
A0A9D7A2I1	4.43	0.9109	0.432
A0A6G3CV13	4.53	0.9108	0.464
A0A838S2L1	4.56	0.9175	0.466
A0A0P7CHA1	4.56	0.9147	0.464
A7Z5Z2	4.95	0.9143	0.479
P52999	4.92	0.9135	0.471
Q8FU86	4.70	0.9166	0.438
A0A970Z6J5	4.51	0.9124	0.456
A0A2W5PQ05	4.86	0.9073	0.462
J7LG94	4.43	0.9089	0.416
A0A4R4SHF9	4.44	0.9146	0.458
A0A656Y0M7	4.01	0.9184	0.464
A0A328HJX5	4.50	0.9159	0.46
Q0B0P4	4.87	0.9096	0.478
B2V1M0	4.94	0.9092	0.454
Q0AB67	5.75	0.904	0.471
Q5F8Y9	4.66	0.9113	0.479
A1BDG1	4.85	0.912	0.452
A0A7C3YYK8	4.65	0.9017	0.365
A0A7W1YKF9	4.52	0.9006	0.473
A0A9D7T448	4.43	0.9164	0.4
A0A952R5E7	4.46	0.9109	0.487
A0A2E2UYM1	4.43	0.8867	0.481
B0B512	4.08	0.9105	0.434
A0A2S6SAJ2	4.74	0.9099	0.426
A0A7C6CG65	4.65	0.9187	0.526
A0A2E3QYM1	4.48	0.9055	0.434
K0ENC8	4.95	0.9032	0.466
A0A538TM87	4.29	0.913	0.469
A0A2E6DTN8	4.37	0.9055	0.434
A0A564WG02	4.80	0.9003	0.406
A0A941QWL2	4.56	0.9103	0.537
A0A021VLT3	4.49	0.9128	0.491
Q833S7	5.32	0.9124	0.442
Q4JXL3	4.61	0.9051	0.482
B1VSQ0	4.66	0.9174	0.447
A0A2H0FX64	4.89	0.8773	0.469
A0A1F5BMC4	4.60	0.9045	0.432
A0A078BMB1	4.48	0.9096	0.512
A0A0D0NU10	4.15	0.9173	0.464
B0RCH0	4.18	0.9129	0.495
A0A1R4F1N7	4.32	0.9178	0.482
A0A925HXC6	4.45	0.8955	0.408
A0A9E5WK72	4.46	0.9102	0.479
A0A2E1N0A2	4.79	0.9072	0.385
A0A9E2D5S4	4.68	0.9071	0.434
A0A7C3RGY0	4.46	0.9205	0.417
A0A3E1HM39	4.50	0.9211	0.446
A0A6G1SYE2	4.46	0.9138	0.41
A0A7Z1AIU2	4.69	0.9168	0.456
A0A1J5NMR1	4.50	0.9106	0.483
Q5Z2U2	4.77	0.902	0.466
Q2J4S0	4.89	0.9148	0.491
A0AAU2GW02	4.78	0.9144	0.453
A0A2W2MK05	4.10	0.9117	0.46
A5D5T6	5.01	0.9146	0.473
E0QMG7	4.49	0.9052	0.426
A0A260RE55	4.68	0.9104	0.482
A0A3N4Z4J4	4.64	0.915	0.456
A1RDH3	5.26	0.913	0.483
A0A1G1JD21	4.37	0.8981	0.426
A0A558AYC4	4.65	0.9064	0.473
A0A1V1WWC0	4.41	0.9039	0.421
A0A3M1VCU8	4.56	0.9072	0.401
A0A3M2IV38	4.34	0.9189	0.473
A3DDV5	4.85	0.9149	0.421
C4ZG24	5.06	0.9116	0.454
A0A150XU73	4.91	0.8824	0.434
A0A651GSF1	4.68	0.9133	0.421
A0A9Q5C8E1	4.57	0.9033	0.503
A7HZW6	5.09	0.877	0.426
A0A7V4E529	4.69	0.8633	0.445
A0A1Y5DT59	4.66	0.9019	0.394
A0A7C2EIX1	4.74	0.9138	0.456
A0A285R3N2	4.17	0.9104	0.456
A0A2D9FVX4	4.63	0.9098	0.478
A0A225E4I2	4.35	0.9028	0.446
Q7MVF1	4.68	0.896	0.428
B2RK28	4.53	0.8957	0.428
B9L6T1	4.79	0.908	0.421
A5N8N4	5.14	0.9142	0.388
Q4LA33	4.67	0.9002	0.471
Q8KFS0	4.59	0.9118	0.46
A0A098SAP8	4.71	0.8902	0.443
A0A1G6K3C1	4.51	0.9149	0.482
A0A549SXJ8	4.63	0.9083	0.443
N2BLS0	4.83	0.9081	0.417
A0A7X9P9Q1	4.64	0.8994	0.469
M5RNP5	4.82	0.906	0.412
A4QAD0	5.11	0.9092	0.425
A0A949F4W0	4.48	0.9035	0.381
A0A6H1U350	4.53	0.9107	0.46
A0A1Q7WYQ2	4.93	0.9061	0.422
A0A2V5SZB7	4.40	0.9108	0.403
Q9X4N0	4.84	0.9149	0.425
A0A0M2TYX0	4.46	0.9008	0.379
A0A6I4MGS0	4.58	0.9103	0.447
A0A3D8IPM7	4.86	0.9153	0.405
K9EXG1	5.02	0.9164	0.504
A0A1H9IPB2	4.85	0.909	0.478
C3J8F4	4.85	0.8943	0.467
A0A0R2XIQ5	4.38	0.9167	0.469
A0A2V5PTA0	4.65	0.914	0.405
A0A1Q5N6A2	4.65	0.9166	0.477
A0A0M8VFU3	4.49	0.9107	0.5
A0A7X6QBE4	4.43	0.8444	0.504
A0A2S8FIZ3	4.49	0.8933	0.464
A0A419V2R9	4.70	0.9132	0.429
A0A523DTG8	4.58	0.9047	0.4
F6FTX9	4.14	0.9186	0.473
P58285	5.22	0.9141	0.462
B3EFC1	4.85	0.9054	0.426
B4S4T8	4.60	0.9105	0.417
A0A934EA90	4.56	0.8882	0.482
A0A7C6I1A2	4.93	0.912	0.448
A0A3M0I607	4.32	0.903	0.45
Q7NCY1	4.56	0.9062	0.412
C4L6Q2	4.69	0.9062	0.495
Q5KXX4	4.79	0.9086	0.421
Q92AA8	4.87	0.9124	0.429
Q8Y603	5.04	0.9153	0.438
A0A3C0MWW1	4.61	0.898	0.443
A0A6J4L8K6	4.69	0.8981	0.418
A0A7V9F784	4.55	0.9133	0.475
A0A1I5XEG1	4.58	0.9119	0.429
A0A2W4M4Q8	4.52	0.8939	0.504
A0A849EWF6	4.88	0.9134	0.426
A0A1X4G7W3	4.98	0.902	0.408
A0A255R2I3	4.62	0.9065	0.477
A0A3M2LT85	4.54	0.914	0.436
A0A0M9UKZ0	4.71	0.9115	0.425
A4XMZ2	5.12	0.9089	0.421
A0QNF3	5.03	0.9081	0.456
A0A3D5VB91	4.69	0.9045	0.4
A0A9D5MXF9	4.72	0.9125	0.405
A0A318CLZ0	4.53	0.9019	0.408
P65664	4.55	0.9053	0.471
Q3B208	4.72	0.9081	0.434
B1I1N9	5.21	0.9048	0.456
R7LDU8	4.38	0.8871	0.482
A0A942M6E3	4.73	0.9074	0.391
A0A428ZD98	4.12	0.913	0.4
A0A842HEX0	4.58	0.9093	0.416
A0AAU3S8P6	4.51	0.9079	0.456
A0A533BAN5	4.45	0.9022	0.456
A0A1Q5PLE0	4.44	0.913	0.5
C1KWK0	5.06	0.9148	0.429
B3ELP8	4.84	0.9089	0.417
A8FEH5	4.90	0.9111	0.438
A0A418QRS3	4.56	0.8815	0.486
A0A7C5JN15	4.47	0.8998	0.418
A0A2T2RFF5	4.48	0.9144	0.4
A0A938MSP0	4.49	0.912	0.429
A0A0U3WJ99	4.45	0.8955	0.482
A0A0C5BI73	4.65	0.9169	0.456
A0A4P6JX98	4.59	0.9013	0.483
A0A0P0EHW8	4.81	0.9071	0.438
A0A3N4ZIP1	5.12	0.9143	0.447
A0A662QSS7	4.08	0.9023	0.373
Q251P1	4.89	0.9172	0.421
A6QK84	4.55	0.906	0.471
B9E234	5.29	0.9147	0.388
A0A315ZA47	4.56	0.8798	0.473
A0A6N6PKH6	4.57	0.9134	0.422
A0A1H2URW2	4.62	0.9147	0.4
A0A2M9CVY8	4.70	0.8836	0.464
B1YHQ7	4.83	0.8965	0.462
Q2FDR2	4.58	0.905	0.471
A0A2W4QF61	4.39	0.8441	0.495
G1VAF6	4.71	0.8806	0.469
A0A2G9XZG5	4.47	0.9146	0.365
A0A2E9KL34	4.43	0.9137	0.389
A0A1G3BFU1	4.63	0.9026	0.384
A0A1J5D0Y8	4.64	0.9017	0.477
A0A5M6CXU7	4.71	0.9069	0.398
A0A2N2UYE0	5.47	0.899	0.429
B8DC26	4.79	0.9121	0.429
Q2YWG1	4.49	0.9057	0.471
A7GN78	4.77	0.9078	0.438
B0TBP6	4.67	0.9191	0.464
A0A258QK37	4.79	0.8338	0.561
I9IB76	4.65	0.8883	0.431
A0A7X8VQB3	4.52	0.9099	0.432
A0A3E0Q5P5	4.54	0.9001	0.403
A0A3N9NQ12	4.68	0.9058	0.426
A0A960SBA0	4.71	0.8947	0.495
A0A0D6KLJ1	4.46	0.8979	0.394
S3Z4T0	4.92	0.9085	0.441
B0SBX0	4.56	0.8938	0.432
Q2FV23	4.67	0.9017	0.471
A6U4X7	4.63	0.9037	0.471
B8FZE1	4.62	0.9186	0.421
A0A9W6GF18	4.87	0.9082	0.429
A0A1B1T9L2	4.82	0.9055	0.431
A0A1Q8L1V2	4.67	0.9158	0.416
C6HUX1	4.49	0.9002	0.426
Q11NE7	4.61	0.878	0.434
B1IEL4	4.78	0.9118	0.404
A0AK05	5.08	0.9088	0.421
A0A8J2UC05	4.62	0.8809	0.433
A0A4Q3RNP5	4.70	0.8811	0.415
A0A496DU89	4.66	0.8832	0.464
A0A353ZNX8	4.51	0.8802	0.504
A0A928H5D3	4.48	0.9144	0.386
A0A2E7SRQ1	4.83	0.9093	0.391
A0A2A2R618	4.62	0.9118	0.377
C5CEQ3	4.60	0.8892	0.418
A6L4C4	5.10	0.8877	0.464
B0STF1	5.04	0.886	0.432
A4SGF2	4.98	0.9034	0.417
A0A1I1VYI3	4.48	0.8785	0.464
A0A9E8LW15	4.68	0.9065	0.433
A0A0W1ADM3	4.73	0.9074	0.38
A0A2M9CE83	4.31	0.9153	0.464
C4RE22	4.39	0.8698	0.523
A7H0Y2	5.05	0.8895	0.401
O66773	4.63	0.9033	0.416
B9IVR3	4.53	0.908	0.438
A7FR58	5.17	0.9137	0.404
P65665	4.61	0.903	0.471
A0A1X9SU23	4.93	0.8835	0.391
A0A2T0Y4M6	4.37	0.9204	0.447
A0A928H133	4.54	0.9095	0.438
Q71YB5	5.04	0.9105	0.429
Q6GDK6	4.62	0.9019	0.471
Q6HL14	4.56	0.9069	0.438
Q5HL37	4.53	0.9049	0.429
A0A365XPG3	4.62	0.8807	0.451
A0A9D7TX72	4.68	0.8804	0.451
A0A1F3IW72	4.57	0.891	0.371
A0A842X7V7	4.45	0.8942	0.384
A0A6N2D468	5.06	0.888	0.443
A0A2T0WXI5	4.95	0.8833	0.428
A0A3R6PA64	4.68	0.8853	0.482
A0A7Y5H849	4.47	0.9137	0.447
A0A9X7JV14	4.59	0.9081	0.447
X0V6G8	4.60	0.9057	0.473
A0A497XMZ5	4.53	0.902	0.421
Q7NDK7	4.75	0.9062	0.416
Q8NUN3	5.11	0.907	0.475
A7GAI4	5.17	0.9111	0.404
A0A4Q5UMG3	4.58	0.8817	0.433
A0A918UVB6	4.54	0.8861	0.477
A0A977Q0Q4	4.78	0.8823	0.434
A0A1Z9QCS8	4.70	0.8985	0.433
A0A7X8BY49	4.62	0.9026	0.404
A0A2E8G983	4.53	0.9108	0.394
A0A7W5E034	4.62	0.9082	0.415
A0A919G326	4.59	0.9178	0.447
Q8CVE9	3.69	0.8746	0.422
C3L033	5.38	0.9103	0.404
B3QQH1	4.80	0.9059	0.452
A0A932VS50	4.55	0.9082	0.417
A0A9E5EV37	4.51	0.8767	0.462
A0A849X2D0	4.74	0.8823	0.482
A0A935NHF0	4.56	0.8892	0.422
A0A5B9WDG0	4.61	0.8973	0.423
Q6G679	5.13	0.9015	0.471
Q81ST1	5.11	0.9082	0.438
Q8CMZ4	4.65	0.9038	0.433
A0A124F944	4.90	0.8883	0.422
A0A9D7HAW3	4.58	0.8777	0.455
A0A061NWM3	4.58	0.9105	0.413
A0A2N3G2G7	4.87	0.9204	0.412
Q81FN5	4.73	0.9065	0.446
B7HHU5	4.74	0.9074	0.446
B7GHT2	4.74	0.9076	0.429
A0A1U7CTG5	4.55	0.9037	0.377
C4FQU1	4.87	0.9109	0.438
A0A951LHV7	4.71	0.9158	0.416
A0A1M5SPQ3	4.65	0.8959	0.456
A0A2W4LL78	4.53	0.9183	0.447
A8ERX9	5.02	0.907	0.365
B7IPB9	4.71	0.9078	0.438
A0A970MZ88	4.84	0.8736	0.438
A0A961H681	4.59	0.9048	0.464
A0A0W0ZMK7	4.68	0.9084	0.388
A0A7Y9LDU8	4.53	0.8867	0.481
A0A1Z4GM18	4.46	0.904	0.408
Q5WGA5	4.75	0.9147	0.459
B7JHQ8	5.20	0.9077	0.438
Q63DJ1	5.00	0.9073	0.438
B1KUY5	5.32	0.9107	0.396
A0A959LKS3	4.69	0.8797	0.451
A0A916HDU2	4.56	0.8883	0.428
A0A0L6HV58	4.75	0.9041	0.431
A0A1V4TMN0	4.55	0.8722	0.422
A0A259TW89	4.56	0.91	0.447
A0RM41	5.31	0.8836	0.391
A6L8I7	5.05	0.886	0.464
A9VMF1	5.24	0.9077	0.438
A4IQ59	5.05	0.9035	0.429
A0RBZ4	5.19	0.9069	0.438
A0A965R6I9	4.63	0.8832	0.437
A0A940F783	4.70	0.9059	0.46
A0A3M1Q2L7	4.55	0.8992	0.449
L1MGV7	4.45	0.8863	0.417
Q64XM2	4.90	0.8887	0.44
Q8EQD8	5.17	0.8973	0.421
Q5HCV5	4.60	0.9026	0.475
A0A535HQI7	4.70	0.8841	0.415
W7WN84	4.63	0.8723	0.542
A0A1Z4NKA2	4.60	0.9053	0.412
B7HL55	5.24	0.9069	0.438
A0A840H066	4.80	0.8736	0.45
A0A960TEY8	4.59	0.8872	0.372
A0A536E0K5	4.70	0.8909	0.439
A5IW22	4.60	0.9019	0.471
C1EN38	5.08	0.9072	0.438
C5D3B1	4.74	0.9053	0.421
B9DKF6	4.70	0.9018	0.446
B3QTQ3	4.47	0.8994	0.452
A0A0C5W6H2	4.64	0.8809	0.41
A0A1D7YUK6	4.95	0.909	0.391
A0A9E6W6B2	4.42	0.904	0.344
A0A3M1GEH5	4.57	0.9012	0.508
A0A7X0GHH8	4.34	0.8837	0.509
A0A960FLK5	4.84	0.8859	0.382
A0AAE3KLZ9	4.86	0.9083	0.408
A0A163RG25	5.11	0.9118	0.5
C3P5R1	5.22	0.907	0.438
A0A2N5ZMM5	4.78	0.8776	0.472
A0A1G6YAK4	4.56	0.8812	0.442
A0A9D8BMJ1	4.36	0.8931	0.339
A0A7Z9WGJ3	4.87	0.904	0.377
A0A2H5WAN0	4.98	0.9055	0.412
A0A7C1YBG8	4.62	0.8999	0.406
A0A0J1BIE2	4.55	0.9033	0.401
Q052G3	6.13	0.874	0.396
Q89ZR7	4.60	0.8895	0.449
Q9KC85	4.58	0.9101	0.429
A0A519TDA2	4.58	0.8845	0.46
A0A7Y3EQG1	4.58	0.8818	0.455
A0A7X7G3F8	4.49	0.9101	0.371
A0A1H7J4K3	4.37	0.8995	0.391
A0A956QNH2	4.45	0.9096	0.426
A0A2R7QIN7	4.40	0.8829	0.5
A0A4P5QU08	4.50	0.9122	0.413
A0A5B9QKW6	4.95	0.9067	0.364
A0A6P0VTE4	4.92	0.8841	0.431
Q30TR6	5.14	0.8929	0.391
C3L8P8	5.03	0.9072	0.438
Q73AV2	5.21	0.9072	0.429
Q982G0	5.10	0.895	0.398
A0A7G5XBI5	4.64	0.8781	0.442
A0A1B9E085	5.00	0.8808	0.439
A0A937JTD3	4.57	0.8971	0.408
Q04TD7	4.79	0.8791	0.396
W7DLT8	4.70	0.8772	0.449
A0A2A2Y2P2	4.51	0.9108	0.403
A0A9D6PL82	4.55	0.9053	0.365
A7ZFX6	5.16	0.8824	0.367
Q72QN9	4.91	0.8781	0.422
Q5LGS0	4.89	0.8909	0.44
Q2S2P5	4.95	0.9	0.44
A0A2D7KNM5	4.74	0.8546	0.467
A0A3D4CJW0	4.67	0.8763	0.446
A0A537ZCT5	4.66	0.8912	0.35
A0A388PWD8	4.54	0.8471	0.587
A0A7V2F6J0	4.61	0.9023	0.452
A0A9X2ZSP7	4.82	0.8996	0.44
A6GVV2	4.57	0.8794	0.431
Q9ZN30	4.77	0.8893	0.394
A0A355ITR4	3.90	0.8861	0.437
A0A3D9FXC7	4.96	0.8808	0.428
A0A9D2RIF9	4.66	0.8821	0.473
A0A8I2G8T0	4.57	0.8922	0.408
A0AA46ADI5	4.54	0.897	0.448
A0A964KSE9	4.50	0.9169	0.404
A0A7V1RDY6	4.40	0.8736	0.391
A0A101HTK6	5.14	0.9071	0.447
A0A974SIW7	4.65	0.8912	0.464
Q3M782	4.95	0.9032	0.42
Q9EYU1	5.17	0.8948	0.398
A0A2A5FKV0	4.73	0.8717	0.446
W8VUN2	4.55	0.8833	0.464
A0A3C1G2F2	4.51	0.8997	0.367
A0A660SL37	5.05	0.8852	0.316
D9PML9	4.59	0.8821	0.481
A0A9X1S339	4.60	0.8991	0.45
A0A936N915	4.99	0.9069	0.383
A0A6B1GIZ6	4.67	0.8999	0.441
O34246	4.58	0.9053	0.396
A0A7C1BBY4	4.40	0.8756	0.391
A0A0D0IV58	4.68	0.8728	0.46
A0A2E6IME0	4.71	0.8791	0.446
A0A1M7MSU4	4.68	0.8874	0.449
A0A662C8E0	4.75	0.8837	0.419
A0A661C7T3	4.59	0.9048	0.385
A0A7H9CHD8	4.83	0.8778	0.4
A0A255TPX1	4.71	0.8722	0.464
A0A7C5P1F6	4.79	0.8832	0.422
A0A3A4PHH0	4.54	0.9107	0.366
A0A2P8FF38	4.58	0.8756	0.438
A0A4R6TRF5	4.65	0.8807	0.431
A0A415DSA0	4.61	0.8795	0.446
A0A1H6LNY9	4.75	0.882	0.437
A0A520UJJ6	4.70	0.88	0.401
A0A1H1M1D6	4.47	0.8819	0.412
A0A521YDX2	4.40	0.9069	0.47
A0A1M4WK73	4.71	0.9033	0.438
A0A7K1TPA7	4.96	0.9059	0.404
A0ABC9PYV4	4.57	0.9052	0.462
A0A2S5QW78	4.38	0.858	0.513
A0A937XE27	4.29	0.907	0.372
A0A3D9GS15	5.13	0.904	0.421
A0A949VKG9	4.57	0.8735	0.437
A0A1N6EMI2	4.69	0.8856	0.452
A0A6J6ERN4	5.02	0.8893	0.339
A0A2M8WSP9	4.58	0.8844	0.468
Q29W39	4.81	0.896	0.429
Q7UQU4	4.79	0.8992	0.407
A0A7X8JKW8	4.58	0.871	0.434
A0A829QPH4	4.53	0.8513	0.504
A0A2D7N8A4	4.57	0.894	0.391
A0A9J6ZH20	4.45	0.884	0.421
B6JPC9	4.54	0.8855	0.376
A7IHU0	5.07	0.888	0.464
A0A2T0YQE6	4.63	0.8638	0.456
A0A8H2LHD1	4.50	0.8806	0.41
S7VB21	4.55	0.8872	0.449
A0A661BE33	4.76	0.896	0.417
A0A3N5YZ53	4.64	0.8749	0.468
A0A3Q9GL83	4.55	0.8846	0.472
Q8YR79	4.93	0.8917	0.416
A0A7W3Z7J9	4.57	0.8806	0.473
A0A7C8AGW2	4.17	0.9009	0.391
A0A7C5BSN4	4.38	0.874	0.447
A0A845M2D8	4.57	0.8864	0.451
P56065	5.05	0.8875	0.385
A0A1H6T0Y3	4.96	0.881	0.41
A0A924B295	4.83	0.8814	0.408
A0A1F5VNC4	4.47	0.8867	0.417
A0A1V4QGK1	6.18	0.9101	0.318
A7H576	5.08	0.8958	0.404
B2J9T1	4.95	0.9014	0.382
B0C321	4.65	0.9036	0.4
A0A7W1ILS5	4.44	0.8859	0.366
A0A3N5FUZ5	4.93	0.8723	0.396
A0A352ED75	4.82	0.875	0.394
A0A255ZPZ1	4.53	0.8816	0.428
A0A0S4MYF3	4.74	0.9102	0.404
A0A6J6I0D9	4.60	0.89	0.4
X0VXQ6	4.40	0.8977	0.431
A0A970XGR3	4.61	0.9143	0.356
A0A5N6MV18	4.47	0.8822	0.477
A8FK85	5.03	0.8953	0.429
C0QRI3	5.20	0.8917	0.433
A0A9D8QZH1	4.88	0.8712	0.423
A0A1F9WY36	4.75	0.9004	0.356
Q1CVC3	5.10	0.8861	0.376
A0AA96J7C2	4.64	0.8827	0.401
A0A9D7UGH3	4.96	0.9044	0.363
A0A315X8K3	4.61	0.8715	0.473
A0A8K2A172	4.49	0.9031	0.425
A0A969GD38	5.01	0.8988	0.414
Q5HWH5	4.88	0.8963	0.429
A0A9X1R083	4.59	0.8792	0.449
A0A7C1ZKK4	4.55	0.8846	0.401
E3D018	4.52	0.8949	0.404
A0A7Y0QQA6	4.45	0.8798	0.465
A0A7W7W9N6	4.54	0.8856	0.491
W8X542	4.63	0.8998	0.452
A0A0H2KKF9	4.48	0.8871	0.454
A0A7C5FRU5	4.62	0.8717	0.408
A0A924D7R2	5.03	0.881	0.431
A0A0S9QMB3	5.03	0.9047	0.406
A0A418ML21	4.57	0.8811	0.377
A0AAV8UJL5	4.25	0.8901	0.405
A0A7X6K7S6	4.29	0.8834	0.486
A0A371PV02	4.41	0.9036	0.413
B2UW36	5.02	0.8857	0.384
Q9PIK3	5.20	0.8952	0.429
A0A376FKL2	4.29	0.711	0.736
A0A4V2AUY5	4.81	0.8781	0.46
A0AAW7D636	4.69	0.8776	0.417
A0A972XY00	4.76	0.8803	0.41
A0A9C8NV91	4.54	0.8855	0.359
A0A965G4N4	4.40	0.8997	0.37
U5D568	4.74	0.9077	0.385
A0A7C1KNV9	4.44	0.8799	0.381
Q17ZL6	4.60	0.8888	0.367
B8IQG9	5.10	0.8904	0.433
A0A1Z9HM47	4.05	0.8345	0.454
A0A0S7Y3S7	4.53	0.8884	0.379
M1ZCP6	4.56	0.8992	0.413
A0AA37SXI5	4.40	0.9082	0.377
A0AAP3SGL9	4.85	0.8912	0.415
A0A3M0WJ04	4.51	0.8973	0.413
A0A1L5NR41	4.69	0.8835	0.424
A0A563VWP5	4.47	0.8825	0.418
Q7VJB2	5.03	0.8833	0.368
R5AUE5	4.45	0.8616	0.509
A0A9Q4C6Q2	5.03	0.8755	0.429
A0A2E2UG01	4.64	0.8759	0.387
A0A2S1LLX9	4.94	0.8775	0.401
A0A7V2QM04	4.60	0.9032	0.42
A0A1V4ZBJ4	4.50	0.8726	0.393
A9AUB8	4.79	0.8769	0.451
A0A6P1DJL9	5.07	0.8764	0.41
A0A444WCZ5	5.04	0.8798	0.401
D1CH98	4.62	0.8877	0.403
A0A7V4AWT1	4.88	0.8985	0.359
A0A0P8A8J1	4.78	0.8984	0.382
A0A3C0PCR4	4.54	0.8499	0.354
A0A349BUT9	4.39	0.8766	0.375
A0A9C9K1R7	3.21	0.865	0.353
A0A938IH16	4.55	0.8753	0.387
A0A7T5EHG1	4.40	0.8775	0.421
A0A2T2T171	4.41	0.9014	0.423
A0A661C7R5	4.47	0.8485	0.444
A0A1F1DT89	4.56	0.878	0.428
A0A523XLK2	4.60	0.8973	0.295
A0A9D5Q1U2	4.71	0.8987	0.339
A0A7V5H501	4.39	0.8921	0.408
A0A1H9HQ76	4.43	0.8763	0.412
A0A529X4L7	4.67	0.891	0.442
A0A174VIF2	4.63	0.8741	0.451
H7EI54	4.79	0.881	0.446
A0A962CWD8	4.74	0.8889	0.413
A0A6N8HKE3	4.41	0.8702	0.421
A0A1H2B6I1	4.41	0.8746	0.391
A0A5C5ZYP3	4.80	0.8779	0.436
B4U8K0	4.99	0.8778	0.458
A0A958FX22	4.77	0.8759	0.438
A0A5N7Z833	4.55	0.8857	0.401
A0A8J4A4F5	4.65	0.8962	0.389
A0AAE4A2V6	4.75	0.8702	0.472
A0A7V5SHX6	4.61	0.8998	0.387
A0A1N7PFW6	4.51	0.8819	0.375
A0A2J7TEY2	4.63	0.8957	0.407
A0A7C5ADG4	4.44	0.8977	0.353
A0A9E0XDV4	4.28	0.8917	0.44
A0A1F4S5Y7	4.64	0.8943	0.373
A0A920D859	4.45	0.8704	0.421
Q9F5E9	4.44	0.8943	0.385
B7JX32	4.56	0.8865	0.454
A0A1W9P678	4.90	0.8846	0.347
A0A950DNW9	4.45	0.9117	0.359
E7G3H7	4.83	0.8907	0.339
A0A968HEG5	4.57	0.8917	0.396
A0A644V0S1	5.06	0.893	0.379
A0A8J2BI68	4.38	0.911	0.368
A0A1H7TG69	5.04	0.8955	0.438
A0A357B544	4.95	0.9002	0.417
A0A2H0PJ18	4.56	0.879	0.417
A0A7C5TQ62	4.62	0.8222	0.42
A0A7X7TRJ1	4.57	0.8919	0.4
A0A6I3SNQ9	4.62	0.8896	0.388
A0A7C3XQY8	4.72	0.8774	0.338
A0A5C7P8J6	4.89	0.8848	0.4
A0A931K982	4.47	0.8932	0.358
B8ELJ7	4.95	0.8968	0.41
A0A654A8K3	4.54	0.8526	0.495
A0A229P290	4.39	0.8706	0.391
A0A072NGA9	4.45	0.8775	0.359
A0A2D4YUF4	4.53	0.8443	0.401
A0A1G9EKS5	4.40	0.8722	0.429
A0A6P1R1B6	4.52	0.8913	0.389
K1YNK3	5.85	0.8429	0.342
A0A7C3B2F9	4.63	0.8875	0.433
A0A351UJ63	4.67	0.8952	0.427
A0A9D8HM18	4.57	0.9105	0.35
A0A4Q1SYL0	4.44	0.8728	0.385
A7HLE9	4.63	0.8924	0.406
A0A368DF99	4.47	0.869	0.366
A0A3D1ASR5	4.42	0.8609	0.424
A0A9E4Q083	4.64	0.8797	0.41
A0AAU7CPG6	4.59	0.8929	0.391
A0A2W1JIN1	4.55	0.8996	0.363
F8IET2	4.84	0.8872	0.403
B2V7Y0	5.21	0.8948	0.42
A0A7C0Z5X2	4.99	0.8821	0.359
A0A7Y3XGE1	4.96	0.8957	0.445
A0A9D6INY1	4.63	0.8895	0.38
A0A7Y5W8K9	4.94	0.9049	0.391
A0A927C5T6	4.38	0.8702	0.396
A0A6L9LVP6	4.59	0.8722	0.412
A0M786	4.92	0.8784	0.44
A0A7R6VKH7	5.01	0.8707	0.396
X1PFY1	4.87	0.8805	0.411
A0A0X2NQ61	4.52	0.8576	0.473
A0A559K5A7	4.43	0.8758	0.405
A0A972H149	4.44	0.8716	0.394
A0A972ZAP5	4.73	0.8922	0.347
A0A924WHR8	4.54	0.8688	0.406
A0A4P5X5I9	4.58	0.89	0.4
A0A1V4QTS9	4.76	0.8948	0.321
A0A2N5MDP4	4.32	0.8682	0.385
A0A1G6CSF3	5.93	0.8699	0.359
A0A1G0L4B9	4.70	0.8968	0.371
A0A916QCM8	4.38	0.8682	0.365
A0A4Q7FFB9	5.08	0.8899	0.41
A0A2W6BRS7	4.87	0.8443	0.387
B5Y862	4.82	0.8899	0.366
A0A966CXF3	4.82	0.8765	0.429
A0A2T2WME5	4.56	0.8848	0.339
A0A9D2GU06	4.89	0.8889	0.355
A0A2K9NC13	4.87	0.8852	0.383
A0A971AAW0	4.68	0.8807	0.367
A0A928AJ37	4.13	0.8815	0.419
A0A7C5VXG7	4.74	0.8844	0.428
A0AA35TMD8	4.60	0.8711	0.347
A0AAE6BFM7	4.95	0.8831	0.407
A0A9D8DAJ8	4.46	0.9074	0.421
A0A3D6DN83	4.46	0.6957	0.707
A0A357AWL3	4.52	0.8762	0.389
A0A3B8XY89	4.32	0.8835	0.4
A0A5C4T051	4.47	0.8725	0.396
A0A1G6GDH8	4.58	0.8926	0.427
A0A8T4FLR3	4.49	0.863	0.428
A0A933UTR5	4.56	0.8984	0.373
B2IEX5	4.92	0.8878	0.419
A0A1J4SZ19	4.58	0.8402	0.42
A0A2N0LTR9	4.75	0.8677	0.407
A0A933B1B6	4.58	0.8997	0.356
A0A7V6B742	5.00	0.8828	0.385
A0A6A7L5U3	4.45	0.8696	0.347
A0A7C6JHB0	5.13	0.8865	0.41
X1MT21	4.58	0.7988	0.407
A0A2E5G897	4.68	0.8999	0.383
A0A1G4AKD1	4.87	0.896	0.391
A5INN0	5.14	0.8727	0.359
A0A3N9MLR6	4.39	0.8863	0.327
A0A6L8V169	4.52	0.8746	0.396
A0A978SZ92	4.93	0.8841	0.4
A0A969MXU3	4.91	0.8698	0.414
M1WPY3	4.46	0.8815	0.408
A0A3A4VEX3	4.95	0.8859	0.421
E8R2X0	4.69	0.8903	0.359
B1L8P0	5.23	0.8751	0.394
A0A832PUY8	4.75	0.8569	0.45
B1XKN2	4.65	0.894	0.365
A0A927BV08	4.44	0.8696	0.377
A0A518ES18	4.73	0.8623	0.368
A0A961AAJ9	5.21	0.8944	0.385
A0A2W1LE48	4.31	0.8767	0.37
A8F5K4	4.87	0.8813	0.396
A0A7V3HNY4	4.57	0.8625	0.353
A0A6M0BJ81	4.69	0.8377	0.378
A0A1G2ZFG7	4.47	0.8679	0.368
A0A7W0I4T6	4.49	0.8686	0.396
A0A5C8M1P5	4.40	0.8712	0.405
A0A387G2W6	4.50	0.8821	0.41
Q9X037	5.18	0.8724	0.359
A0A831U6D5	4.25	0.8447	0.466
A0A1I3UI47	4.93	0.8859	0.398
Q2VZZ9	4.99	0.882	0.389
A0A3B9N7L2	4.79	0.8957	0.35
A3ITB4	5.04	0.8904	0.376
Q3Z8B5	5.14	0.8777	0.4
Q55382	5.32	0.8931	0.356
B9KA30	4.95	0.8753	0.359
H0HXF5	4.55	0.8688	0.412
A0A1K1LGH8	4.53	0.9016	0.361
A0A7Z7YS82	4.55	0.7918	0.446
A0A0Q1ATI6	5.03	0.8764	0.373
A0A1Z8ZQ59	4.78	0.869	0.359
A0AAN1BLP5	4.45	0.8808	0.41
A6LJQ5	5.15	0.8921	0.389
Q6MHH9	5.21	0.875	0.421
A0A9E5L3M9	4.18	0.8699	0.375
A0A7Y3NQ83	4.57	0.8742	0.33
A0A2G9YC34	4.48	0.8954	0.339
A0A3N5JIY2	4.45	0.9013	0.347
A0A075WV36	4.93	0.8803	0.338
A0A0E3UJD2	5.02	0.8802	0.394
A0A2E4IX17	4.54	0.8353	0.401
A0A6V8EQN5	4.66	0.8571	0.4
A0A552Q3D0	4.82	0.8897	0.352
A0A377PT88	4.72	0.8785	0.341
B6IPF8	4.59	0.8821	0.375
A0A7X7KAP5	4.45	0.8655	0.461
A0A8J2XBT4	4.80	0.8831	0.377
A0A2M8G0J9	4.53	0.8898	0.373
A0A933Y2C7	4.60	0.8671	0.452
A0A843TAS5	4.82	0.8637	0.403
A0A7C3X7I4	4.47	0.8765	0.427
A0A7C7KQF6	4.79	0.863	0.442
A0A7C4G088	4.54	0.8794	0.361
A0A6P0MLT0	4.75	0.8848	0.38
A0A9D5KBE0	4.19	0.8549	0.321
B7K6Z1	4.91	0.8873	0.379
A0A917KBM4	4.56	0.86	0.41
A0A975EKR1	4.42	0.868	0.33
A0A2M7XEQ0	4.89	0.8505	0.418
A0A7C5UIX6	4.49	0.8675	0.356
A0A6I3IIF2	4.59	0.8601	0.442
A0A7V1EH44	4.33	0.9117	0.254
B7IG50	4.81	0.8943	0.383
B8IZG2	5.47	0.8796	0.377
A0A939WKR8	4.45	0.8405	0.519
A0A2P1PQP6	4.72	0.8748	0.394
A0A2G6DUA4	4.57	0.8603	0.423
B2HPX5	4.39	0.8849	0.384
B1WSW1	4.93	0.8893	0.389
A0A974YEU8	4.32	0.863	0.375
A0A1Q4R5C6	4.66	0.8856	0.356
A0A7Y2G3H6	4.54	0.8587	0.394
A0A5R9G688	4.48	0.8694	0.35
Q3ZXG1	4.46	0.8801	0.381
A0A1G1DH05	4.48	0.8087	0.466
A0A2D6ZY61	4.76	0.8317	0.333
A0AAE3HJ88	4.31	0.8725	0.318
A0A7Y4WIX9	4.61	0.8693	0.318
A0A4S4BPA3	4.39	0.874	0.359
A0A9E6R4U3	4.63	0.8769	0.383
A0A351AF89	3.60	0.8456	0.293
A0A6I7PYT5	4.62	0.8467	0.447
A0A8S8XSL9	5.08	0.8413	0.39
A0A1M6NCU1	3.83	0.8746	0.37
A0A6M0FD74	4.79	0.8821	0.339
A0A1G1HLN3	4.48	0.8651	0.4
A0A4U8TIX4	4.83	0.882	0.343
A0A1V5KZ57	4.53	0.9004	0.338
A0A2M9LDW1	4.71	0.8765	0.363
A0A843JPN2	4.96	0.8396	0.419
A0A1Y0H1Z5	4.92	0.8041	0.355
A0AA35RRQ6	4.36	0.8636	0.362
A0A934RRZ2	4.75	0.8697	0.298
A0A352W1V2	4.39	0.8873	0.333
M1WT79	4.90	0.8531	0.373
A0A1I6NSD9	4.54	0.8628	0.315
A0A969JK96	4.64	0.8658	0.318
A0A6P0X207	4.55	0.8809	0.341
Q5NF56	4.97	0.8279	0.327
A0A948SQQ3	4.72	0.8616	0.392
A0A8T3RS54	4.38	0.8659	0.327
A0A350M1E9	4.46	0.8342	0.364
A0A946TX58	4.53	0.8619	0.364
A5YSZ1	4.61	0.8646	0.341
J2ZMY5	4.37	0.839	0.39
Q8U9Q9	5.63	0.8748	0.398
A0A1C3RF24	4.80	0.8807	0.389
A0A6L6VFG8	4.42	0.8731	0.327
A4IWW4	4.76	0.8275	0.327
A0A847B0I0	4.43	0.8734	0.365
A0A7W2AH88	4.43	0.8735	0.347
A0A7V3AG74	4.73	0.8941	0.347
A0A2V5YTI1	4.36	0.7763	0.401
A0A933WRI8	4.52	0.7772	0.415
A0A2R6T866	4.18	0.862	0.3
Q0BMQ7	5.06	0.832	0.336
A0A660SI28	4.84	0.8682	0.304
A0A212KLL9	4.81	0.8899	0.381
Q14GK9	5.07	0.8272	0.327
A0A117LBH8	4.55	0.7014	0.494
A0A2E4RJ95	4.92	0.853	0.418
A0A2S2DS19	4.40	0.8187	0.485
A0A1F9XCE1	4.61	0.8629	0.353
A0A917I5F2	4.52	0.8446	0.367
Q2A4C8	5.11	0.8313	0.336
A0A353BBM3	4.38	0.7032	0.505
A0A359G521	4.34	0.714	0.462
Q18HQ3	4.93	0.8687	0.398
A0A7V2V0E7	4.51	0.8722	0.296
A0A831WXD7	4.85	0.8545	0.373
B0JNW2	4.44	0.8642	0.35
A0A1G2DY75	4.48	0.8484	0.302
A0A389M220	4.61	0.8932	0.366
A0A315EME4	4.31	0.8394	0.444
A0A6A8QMG4	4.49	0.8506	0.407
A0A1X6P9R9	5.03	0.8475	0.33
A0Q7L4	4.92	0.8327	0.336
A0A971GZQ6	4.66	0.742	0.431
A0A7J4USM7	4.89	0.8584	0.368
A0A939HR71	4.48	0.865	0.333
Q83EA4	5.02	0.8285	0.317
A0A8T4S8P2	4.88	0.8522	0.311
A0A371QWI8	5.15	0.8389	0.353
A0A961GKB1	4.49	0.7255	0.41
W5Y3N3	4.95	0.85	0.348
A0AAE9Z3B5	4.78	0.8641	0.33
A0A4U3KXX0	4.46	0.8784	0.297
A0A2G9ZB13	4.94	0.7941	0.361
A0A2P9AGB9	5.27	0.8062	0.458
A0A502GCH1	4.56	0.8891	0.344
A0A537FM12	4.18	0.7753	0.51
A0A9D9KYD2	4.89	0.8215	0.436
Q118E6	4.22	0.8917	0.345
A0A7Y7CN84	4.41	0.8519	0.41
A0A7C4YR40	4.70	0.8699	0.301
A0A937IL27	4.83	0.8425	0.258
G7VEE1	4.44	0.8474	0.358
A1RUA9	4.93	0.8441	0.347
A0A258FBX6	4.44	0.6841	0.555
X1HSN6	4.03	0.8144	0.446
G8SAU3	4.32	0.8041	0.495
A0AAE0RZH4	4.43	0.7404	0.397
A0A7X7GE77	4.46	0.8352	0.327
A0A2E7MXB7	4.48	0.8363	0.295
A0A9N8HYZ6	5.13	0.8177	0.342
A0A251XP31	4.59	0.6587	0.471
A0A1V6B5S1	4.65	0.7898	0.42
A0A9D2AX88	4.58	0.805	0.444
A0A965CE52	4.37	0.7586	0.51
A0A959TJE5	4.66	0.7718	0.526
A0A512D522	4.25	0.8072	0.453
A0A3E0NDN9	3.87	0.8448	0.311
A0A9N8DZ52	4.55	0.8239	0.351
A0A3M1SAZ3	4.55	0.7574	0.414
A0A833KZW1	4.32	0.7984	0.33
A0A9E4H8I9	4.63	0.8357	0.309
A0A6B3N2X4	4.48	0.6771	0.469
A0A9E5QSF6	4.67	0.812	0.367
A0A5Q3L567	4.60	0.8452	0.313
A0A953BDI4	4.59	0.8089	0.433
A0A2N9VT76	4.74	0.7995	0.388
A0A537KC32	4.34	0.7799	0.424
A0A382C2T8	4.30	0.7797	0.418
X5ZUW8	4.52	0.6614	0.438
A0A7X9CCH9	4.64	0.8	0.424
A0ABD5DG65	4.32	0.6054	0.909
G2FK10	4.32	0.7986	0.425
A0A354FBL7	4.44	0.8067	0.394
A0A9E2LPF8	4.43	0.7649	0.432
A0A3D9SMZ6	4.50	0.7989	0.434
A0A838HPC6	4.82	0.7969	0.39
A0A4V1SKP4	4.33	0.7376	0.494
A0A3D3FEI4	4.25	0.7792	0.435
A0A4Q3CWU5	4.29	0.7368	0.417
A0AAP2DSP8	4.56	0.6882	0.457
A0A947IUD5	4.33	0.7595	0.419
A0A328TRI2	3.90	0.6359	0.65
A0A348ZKH7	4.49	0.7575	0.442
A0A9X2E0X7	4.78	0.7608	0.381
A0A1R0KFQ7	4.64	0.7784	0.22
J9R8L9	4.10	0.7368	0.413
A0A535CBE3	4.25	0.765	0.446
M3IDC8	4.62	0.6312	0.458
A0A2V5V3P5	4.57	0.7673	0.44
A0A5R2N031	4.55	0.6482	0.493
A0A6N2UY69	4.20	0.7634	0.326
X0SHK5	4.61	0.662	0.53
U5C5F7	4.45	0.7402	0.44
A0A380FKC6	4.44	0.746	0.431
A0A0K2RLG3	4.24	0.6623	0.478
A0A4Q3TUH4	4.60	0.6439	0.602
Q21QU6	4.34	0.6727	0.456
A0A3D5NJT8	4.68	0.6326	0.56
A0A7J4VAU6	4.51	0.6565	0.5
A0A1G3BSJ9	4.50	0.6168	0.43
A0A9D8HKM7	4.33	0.752	0.303
A0A7V4HIS7	4.39	0.6608	0.349
A0A259GRH8	4.48	0.6396	0.521
A0A970CIU2	4.49	0.6331	0.512
A0A6P0N529	4.22	0.7507	0.284
A0A853KAJ9	4.36	0.7306	0.295
A0A1Q7WAW2	4.46	0.5985	0.519
A0A2M8PJP7	4.38	0.7417	0.372
A0A6M0AXB9	4.42	0.6028	0.481
A0A238DJU6	10.80	0.7095	0.341
A0A3L7PZ50	4.47	0.6244	0.434
